[{"_allAttributes":null,"_properties":null,"_methods":null,"file":"c:/Rajj/ITC 2022/ADS/VS_Worspace/ads_uat_prj_oct22/force-app/main/default/lwc/import_QuoteLines_LWC/import_QuoteLines_LWC.js","metadata":{"decorators":[{"type":"api","targets":[{"type":"property","name":"recordId","value":{"type":"unresolved"}}]},{"type":"track","targets":[{"name":"error","type":"property"},{"name":"record_columns","type":"property"},{"name":"data","type":"property"},{"name":"fileName","type":"property"},{"name":"importLines","type":"property"},{"name":"showLoadingSpinner","type":"property"},{"name":"isTrue","type":"property"},{"name":"grp_options","type":"property"},{"name":"grp_selectedOption","type":"property"},{"name":"displayGrps","type":"property"}]}],"exports":[{"type":"ExportDefaultDeclaration"}]},"updatedAt":"2023-02-20T07:51:19.424Z"}]