<?xml version="1.0" encoding="UTF-8"?>
<AnalyticSnapshot xmlns="http://soap.sforce.com/2006/04/metadata">
    <description>shows rollup numbers by product family this month</description>
    <groupColumn>SBQQ__QuoteLine__c.SBQQ__ProductFamily__c</groupColumn>
    <mappings>
        <sourceField>SBQQ__QuoteLine__c.SBQQ__ProductFamily__c</sourceField>
        <sourceType>tabular</sourceType>
        <targetField>Allied_Quoted_MIT__c.Name</targetField>
    </mappings>
    <mappings>
        <aggregateType>Sum</aggregateType>
        <sourceField>SBQQ__QuoteLine__c.SBQQ__NetTotal__c</sourceField>
        <sourceType>summary</sourceType>
        <targetField>Allied_Quoted_MIT__c.X00_20__c</targetField>
    </mappings>
    <name>Allied Quoted MIT</name>
    <runningUser>integration.user@ads-pipe.com</runningUser>
    <sourceReport>ADS_Allied_Product_Manager_Reports/Allied_Quoted_by_Initial_QD_rollup_uVl</sourceReport>
    <targetObject>Allied_Quoted_MIT__c</targetObject>
</AnalyticSnapshot>
