<?xml version="1.0" encoding="UTF-8"?>
<AnalyticSnapshot xmlns="http://soap.sforce.com/2006/04/metadata">
    <description>shows rollup numbers by product family this month</description>
    <groupColumn>SBQQ__QuoteLine__c.SBQQ__ProductFamily__c</groupColumn>
    <mappings>
        <sourceField>SBQQ__QuoteLine__c.SBQQ__ProductFamily__c</sourceField>
        <sourceType>tabular</sourceType>
        <targetField>Fittings_Quoted_MIT__c.Name</targetField>
    </mappings>
    <mappings>
        <aggregateType>Sum</aggregateType>
        <sourceField>SBQQ__QuoteLine__c.SBQQ__NetTotal__c</sourceField>
        <sourceType>summary</sourceType>
        <targetField>Fittings_Quoted_MIT__c.Total__c</targetField>
    </mappings>
    <name>Fittings Quoted MIT</name>
    <runningUser>integration.user@ads-pipe.com</runningUser>
    <sourceReport>ADS_Allied_Product_Manager_Reports/reg_and_fab_fittings_by_month_FIz</sourceReport>
    <targetObject>Fittings_Quoted_MIT__c</targetObject>
</AnalyticSnapshot>
