<?xml version="1.0" encoding="UTF-8"?>
<AnalyticSnapshot xmlns="http://soap.sforce.com/2006/04/metadata">
    <description>shows number in ISE Global Queue at chosen moment in time</description>
    <groupColumn>GRAND_SUMMARY</groupColumn>
    <mappings>
        <sourceField>RowCount</sourceField>
        <sourceType>summary</sourceType>
        <targetField>ISE_Queue_MIT__c.Daily_Queue_number__c</targetField>
    </mappings>
    <name>ISE Queue MIT 2</name>
    <runningUser>integration.user@ads-pipe.com</runningUser>
    <sourceReport>ADS_Allied_Product_Manager_Reports/ISE_Global_Queue_EOB_7pm_Eastern_gaH</sourceReport>
    <targetObject>ISE_Queue_MIT__c</targetObject>
</AnalyticSnapshot>
