<?xml version="1.0" encoding="UTF-8"?>
<AnalyticSnapshot xmlns="http://soap.sforce.com/2006/04/metadata">
    <description>shows number in  ISR All Open Queue at chosen moment in time</description>
    <groupColumn>GRAND_SUMMARY</groupColumn>
    <mappings>
        <sourceField>RowCount</sourceField>
        <sourceType>summary</sourceType>
        <targetField>ISR_Queue_MIT__c.Daily_Queue_Number__c</targetField>
    </mappings>
    <name>ISR Queue MIT</name>
    <runningUser>integration.user@ads-pipe.com</runningUser>
    <sourceReport>ADS_Inside_Sales_Reports/ISR_Pgw</sourceReport>
    <targetObject>ISR_Queue_MIT__c</targetObject>
</AnalyticSnapshot>
