<?xml version="1.0" encoding="UTF-8"?>
<AnalyticSnapshot xmlns="http://soap.sforce.com/2006/04/metadata">
    <groupColumn>GRAND_SUMMARY</groupColumn>
    <mappings>
        <sourceField>RowCount</sourceField>
        <sourceType>summary</sourceType>
        <targetField>PSS_Queue_MIT__c.Daily_Queue_Number__c</targetField>
    </mappings>
    <name>PSS Queue MIT</name>
    <runningUser>integration.user@ads-pipe.com</runningUser>
    <sourceReport>Nyloplast/PSS_Take_Off_Shop_Drawing_Cases_Queue</sourceReport>
    <targetObject>PSS_Queue_MIT__c</targetObject>
</AnalyticSnapshot>
