<?xml version="1.0" encoding="UTF-8"?>
<AssignmentRules xmlns="http://soap.sforce.com/2006/04/metadata">
    <assignmentRule>
        <fullName>Technical Engineering Request</fullName>
        <active>true</active>
        <ruleEntry>
            <assignedTo>ADS_Mexicana_Coordinator</assignedTo>
            <assignedToType>Queue</assignedToType>
            <criteriaItems>
                <field>Case.ADS_Zone__c</field>
                <operation>equals</operation>
                <value>Mexico-Central America Zone</value>
            </criteriaItems>
            <criteriaItems>
                <field>Case.Status</field>
                <operation>equals</operation>
                <value>Initiated</value>
            </criteriaItems>
        </ruleEntry>
        <ruleEntry>
            <assignedTo>Nyloplast</assignedTo>
            <assignedToType>Queue</assignedToType>
            <booleanFilter>(1 OR 5) AND 2 AND 3 AND 4</booleanFilter>
            <criteriaItems>
                <field>Case.Type</field>
                <operation>equals</operation>
                <value>Take Off</value>
            </criteriaItems>
            <criteriaItems>
                <field>Case.Product_Type__c</field>
                <operation>equals</operation>
                <value>Duraslot,Nyloplast</value>
            </criteriaItems>
            <criteriaItems>
                <field>Case.Status</field>
                <operation>equals</operation>
                <value>Initiated</value>
            </criteriaItems>
            <criteriaItems>
                <field>Case.RecordTypeId</field>
                <operation>equals</operation>
                <value>Pipe Design Engineering Request,Pipe Plan Review Request,Stormtech Design Engineering Request,Technical Engineering Request,Water Quality Design Engineering Request</value>
            </criteriaItems>
            <criteriaItems>
                <field>Case.Type</field>
                <operation>equals</operation>
                <value>Shop Drawing</value>
            </criteriaItems>
        </ruleEntry>
        <ruleEntry>
            <assignedTo>Inside_Sales</assignedTo>
            <assignedToType>Queue</assignedToType>
            <booleanFilter>((1 AND 4) OR 5) AND 2 AND 3</booleanFilter>
            <criteriaItems>
                <field>Case.Type</field>
                <operation>equals</operation>
                <value>Take Off</value>
            </criteriaItems>
            <criteriaItems>
                <field>Case.RecordTypeId</field>
                <operation>equals</operation>
                <value>Technical Engineering Request,Stormtech Design Engineering Request,Pipe Design Engineering Request,Water Quality Design Engineering Request,Pipe Plan Review Request</value>
            </criteriaItems>
            <criteriaItems>
                <field>Case.Status</field>
                <operation>equals</operation>
                <value>Initiated,Submitted</value>
            </criteriaItems>
            <criteriaItems>
                <field>Case.Product_Type__c</field>
                <operation>notEqual</operation>
                <value>Nyloplast,Duraslot</value>
            </criteriaItems>
            <criteriaItems>
                <field>Case.Product_Type__c</field>
                <operation>equals</operation>
                <value>HP Manhole</value>
            </criteriaItems>
        </ruleEntry>
        <ruleEntry>
            <assignedTo>Engineering_Service_Request</assignedTo>
            <assignedToType>Queue</assignedToType>
            <criteriaItems>
                <field>Case.Status</field>
                <operation>equals</operation>
                <value>Initiated</value>
            </criteriaItems>
            <criteriaItems>
                <field>Case.Type</field>
                <operation>equals</operation>
                <value>Design Layout,Sizing &amp; Quote,Plan Review,Cistern,Pipeline Layout,Pipeline Layout - Fittings Only,Structural,Hydraulic,Special,Sizing Only</value>
            </criteriaItems>
            <criteriaItems>
                <field>Case.Product_Type__c</field>
                <operation>equals</operation>
                <value>Pipe - N12 ST,Pipe - N12 WT,Pipe - HP Storm,StormTech,WQ - ADS WQU,WQ - Barracuda,WQ - BayFilter,WQ - BaySeparator,WQ - HIL DD,WQ - HIL FD,EcoPure,Pipe - SaniTite HP</value>
            </criteriaItems>
        </ruleEntry>
        <ruleEntry>
            <assignedTo>Ready_for_Review</assignedTo>
            <assignedToType>Queue</assignedToType>
            <criteriaItems>
                <field>Case.RecordTypeId</field>
                <operation>notEqual</operation>
                <value>Attachment Case</value>
            </criteriaItems>
            <criteriaItems>
                <field>Case.Status</field>
                <operation>equals</operation>
                <value>Review Queue</value>
            </criteriaItems>
            <criteriaItems>
                <field>Case.Product_Type__c</field>
                <operation>notEqual</operation>
                <value>Cultec</value>
            </criteriaItems>
        </ruleEntry>
        <ruleEntry>
            <assignedTo>Cultec_Review_Queue</assignedTo>
            <assignedToType>Queue</assignedToType>
            <criteriaItems>
                <field>Case.RecordTypeId</field>
                <operation>notEqual</operation>
                <value>Attachment Case</value>
            </criteriaItems>
            <criteriaItems>
                <field>Case.Status</field>
                <operation>equals</operation>
                <value>Review Queue</value>
            </criteriaItems>
            <criteriaItems>
                <field>Case.Product_Type__c</field>
                <operation>equals</operation>
                <value>Cultec</value>
            </criteriaItems>
        </ruleEntry>
        <ruleEntry>
            <assignedTo>Cultec_Technical_Request</assignedTo>
            <assignedToType>Queue</assignedToType>
            <criteriaItems>
                <field>Case.Product_Type__c</field>
                <operation>equals</operation>
                <value>Cultec</value>
            </criteriaItems>
            <criteriaItems>
                <field>Case.Status</field>
                <operation>equals</operation>
                <value>Initiated</value>
            </criteriaItems>
        </ruleEntry>
        <ruleEntry>
            <assignedTo>Midsouth_Technical_Engineering_Request</assignedTo>
            <assignedToType>Queue</assignedToType>
            <booleanFilter>1 AND 2 AND 3 AND ((4 AND 5) OR 6)</booleanFilter>
            <criteriaItems>
                <field>Case.RecordTypeId</field>
                <operation>contains</operation>
                <value>Pipe Design Engineering Request,Pipe Plan Review Request,Stormtech Design Engineering Request,Technical Engineering Request,Water Quality Design Engineering Request</value>
            </criteriaItems>
            <criteriaItems>
                <field>Case.Status</field>
                <operation>equals</operation>
                <value>Initiated</value>
            </criteriaItems>
            <criteriaItems>
                <field>Case.ADS_Zone__c</field>
                <operation>contains</operation>
                <value>Midsouth</value>
            </criteriaItems>
            <criteriaItems>
                <field>Case.Type</field>
                <operation>equals</operation>
                <value>Plan Review</value>
            </criteriaItems>
            <criteriaItems>
                <field>Case.Product_Type__c</field>
                <operation>equals</operation>
                <value>WQ - ADS WQU,WQ - BayFilter,WQ - BaySeparator,WQ - HIL DD,WQ - HIL FD,WQ - Barracuda,StormTech</value>
            </criteriaItems>
            <criteriaItems>
                <field>Case.Type</field>
                <operation>equals</operation>
                <value>Design Layout,Cistern,Pipeline Layout,Pipeline Layout - Fittings Only,Sizing Only,Sizing &amp; Quote</value>
            </criteriaItems>
        </ruleEntry>
        <ruleEntry>
            <assignedTo>Midsouth_Engineer_Request</assignedTo>
            <assignedToType>Queue</assignedToType>
            <booleanFilter>(1 OR (4 AND 5)) AND 2 AND 3 AND 6</booleanFilter>
            <criteriaItems>
                <field>Case.Type</field>
                <operation>equals</operation>
                <value>Structural,Hydraulic,Special</value>
            </criteriaItems>
            <criteriaItems>
                <field>Case.Status</field>
                <operation>equals</operation>
                <value>Initiated</value>
            </criteriaItems>
            <criteriaItems>
                <field>Case.ADS_Zone__c</field>
                <operation>contains</operation>
                <value>Midsouth</value>
            </criteriaItems>
            <criteriaItems>
                <field>Case.Type</field>
                <operation>equals</operation>
                <value>Plan Review</value>
            </criteriaItems>
            <criteriaItems>
                <field>Case.Product_Type__c</field>
                <operation>equals</operation>
                <value>Pipe - HP Storm,Pipe - HPXR75,Pipe - N12 WT,Pipe - N12 ST,Pipe - SaniTite HP</value>
            </criteriaItems>
            <criteriaItems>
                <field>Case.RecordTypeId</field>
                <operation>equals</operation>
                <value>Technical Engineering Request,Stormtech Design Engineering Request,Pipe Design Engineering Request,Water Quality Design Engineering Request,Pipe Plan Review Request</value>
            </criteriaItems>
        </ruleEntry>
        <ruleEntry>
            <assignedTo>Midwest_AG_Technical_Engineering_Request</assignedTo>
            <assignedToType>Queue</assignedToType>
            <booleanFilter>3 AND (2 OR (6 AND 7)) AND 1 AND (4 OR 5)</booleanFilter>
            <criteriaItems>
                <field>Case.RecordTypeId</field>
                <operation>equals</operation>
                <value>Technical Engineering Request,Stormtech Design Engineering Request,Pipe Design Engineering Request,Water Quality Design Engineering Request,Pipe Plan Review Request</value>
            </criteriaItems>
            <criteriaItems>
                <field>Case.Type</field>
                <operation>equals</operation>
                <value>Design Layout,Cistern,Pipeline Layout,Pipeline Layout - Fittings Only</value>
            </criteriaItems>
            <criteriaItems>
                <field>Case.Status</field>
                <operation>equals</operation>
                <value>Initiated</value>
            </criteriaItems>
            <criteriaItems>
                <field>Case.ADS_Zone__c</field>
                <operation>contains</operation>
                <value>Midwest</value>
            </criteriaItems>
            <criteriaItems>
                <field>Case.Project_Region__c</field>
                <operation>equals</operation>
                <value>Region 50,Region 02</value>
            </criteriaItems>
            <criteriaItems>
                <field>Case.Type</field>
                <operation>equals</operation>
                <value>Plan Review,Sizing Only,Sizing &amp; Quote</value>
            </criteriaItems>
            <criteriaItems>
                <field>Case.Product_Type__c</field>
                <operation>equals</operation>
                <value>WQ - ADS WQU,WQ - BayFilter,WQ - BaySeparator,WQ - HIL DD,WQ - HIL FD,WQ - Barracuda,StormTech</value>
            </criteriaItems>
        </ruleEntry>
        <ruleEntry>
            <assignedTo>Midwest_AG_Engineer_Request</assignedTo>
            <assignedToType>Queue</assignedToType>
            <booleanFilter>(1 OR (4 AND 5)) AND 2 AND 6 AND (3 OR 7)</booleanFilter>
            <criteriaItems>
                <field>Case.Type</field>
                <operation>equals</operation>
                <value>Structural,Hydraulic,Special</value>
            </criteriaItems>
            <criteriaItems>
                <field>Case.Status</field>
                <operation>equals</operation>
                <value>Initiated</value>
            </criteriaItems>
            <criteriaItems>
                <field>Case.ADS_Zone__c</field>
                <operation>contains</operation>
                <value>Midwest</value>
            </criteriaItems>
            <criteriaItems>
                <field>Case.Type</field>
                <operation>equals</operation>
                <value>Plan Review</value>
            </criteriaItems>
            <criteriaItems>
                <field>Case.Product_Type__c</field>
                <operation>equals</operation>
                <value>Pipe - HP Storm,Pipe - HPXR75,Pipe - N12 WT,Pipe - N12 ST,Pipe - SaniTite HP</value>
            </criteriaItems>
            <criteriaItems>
                <field>Case.RecordTypeId</field>
                <operation>equals</operation>
                <value>Technical Engineering Request,Stormtech Design Engineering Request,Pipe Design Engineering Request,Water Quality Design Engineering Request,Pipe Plan Review Request</value>
            </criteriaItems>
            <criteriaItems>
                <field>Case.Project_Region__c</field>
                <operation>contains</operation>
                <value>Region 50,Region 02</value>
            </criteriaItems>
        </ruleEntry>
        <ruleEntry>
            <assignedTo>New_England_Technical_Engineer_Request</assignedTo>
            <assignedToType>Queue</assignedToType>
            <booleanFilter>(1 OR (2 AND 3)) AND 4 AND 5 AND 6</booleanFilter>
            <criteriaItems>
                <field>Case.Type</field>
                <operation>equals</operation>
                <value>Design Layout,Cistern,Pipeline Layout,Pipeline Layout - Fittings Only,Sizing Only,Sizing &amp; Quote</value>
            </criteriaItems>
            <criteriaItems>
                <field>Case.Type</field>
                <operation>equals</operation>
                <value>Plan Review</value>
            </criteriaItems>
            <criteriaItems>
                <field>Case.Product_Type__c</field>
                <operation>equals</operation>
                <value>WQ - ADS WQU,WQ - BayFilter,WQ - BaySeparator,WQ - HIL DD,WQ - HIL FD,WQ - Barracuda,StormTech</value>
            </criteriaItems>
            <criteriaItems>
                <field>Case.RecordTypeId</field>
                <operation>equals</operation>
                <value>Technical Engineering Request,Stormtech Design Engineering Request,Pipe Design Engineering Request,Water Quality Design Engineering Request,Pipe Plan Review Request</value>
            </criteriaItems>
            <criteriaItems>
                <field>Case.Status</field>
                <operation>equals</operation>
                <value>Initiated</value>
            </criteriaItems>
            <criteriaItems>
                <field>Case.Is_New_England__c</field>
                <operation>equals</operation>
                <value>True</value>
            </criteriaItems>
        </ruleEntry>
        <ruleEntry>
            <assignedTo>New_England_Engineer_Request</assignedTo>
            <assignedToType>Queue</assignedToType>
            <booleanFilter>(1 OR (2 AND 3)) AND 4 AND 5 AND 6</booleanFilter>
            <criteriaItems>
                <field>Case.Type</field>
                <operation>equals</operation>
                <value>Structural,Hydraulic,Special</value>
            </criteriaItems>
            <criteriaItems>
                <field>Case.Type</field>
                <operation>equals</operation>
                <value>Plan Review</value>
            </criteriaItems>
            <criteriaItems>
                <field>Case.Product_Type__c</field>
                <operation>equals</operation>
                <value>Pipe - HP Storm,Pipe - HPXR75,Pipe - N12 WT,Pipe - N12 ST,Pipe - SaniTite HP</value>
            </criteriaItems>
            <criteriaItems>
                <field>Case.RecordTypeId</field>
                <operation>equals</operation>
                <value>Technical Engineering Request,Stormtech Design Engineering Request,Pipe Design Engineering Request,Water Quality Design Engineering Request,Pipe Plan Review Request</value>
            </criteriaItems>
            <criteriaItems>
                <field>Case.Status</field>
                <operation>equals</operation>
                <value>Initiated</value>
            </criteriaItems>
            <criteriaItems>
                <field>Case.Is_New_England__c</field>
                <operation>equals</operation>
                <value>True</value>
            </criteriaItems>
        </ruleEntry>
        <ruleEntry>
            <assignedTo>Southeast_Technical_Engineer_Request</assignedTo>
            <assignedToType>Queue</assignedToType>
            <booleanFilter>(1 OR (2 AND 3)) AND 4 AND 5 AND 6</booleanFilter>
            <criteriaItems>
                <field>Case.Type</field>
                <operation>equals</operation>
                <value>Design Layout,Cistern,Pipeline Layout,Pipeline Layout - Fittings Only,Sizing Only,Sizing &amp; Quote</value>
            </criteriaItems>
            <criteriaItems>
                <field>Case.Type</field>
                <operation>equals</operation>
                <value>Plan Review</value>
            </criteriaItems>
            <criteriaItems>
                <field>Case.Product_Type__c</field>
                <operation>equals</operation>
                <value>WQ - ADS WQU,WQ - BayFilter,WQ - BaySeparator,WQ - HIL DD,WQ - HIL FD,WQ - Barracuda,StormTech</value>
            </criteriaItems>
            <criteriaItems>
                <field>Case.Status</field>
                <operation>equals</operation>
                <value>Initiated</value>
            </criteriaItems>
            <criteriaItems>
                <field>Case.ADS_Zone__c</field>
                <operation>contains</operation>
                <value>Southeast</value>
            </criteriaItems>
            <criteriaItems>
                <field>Case.RecordTypeId</field>
                <operation>equals</operation>
                <value>Technical Engineering Request,Stormtech Design Engineering Request,Pipe Design Engineering Request,Water Quality Design Engineering Request,Pipe Plan Review Request</value>
            </criteriaItems>
        </ruleEntry>
        <ruleEntry>
            <assignedTo>Southeast_Engineer_Request</assignedTo>
            <assignedToType>Queue</assignedToType>
            <booleanFilter>(1 OR (2 AND 3)) AND 4 AND 5 AND 6</booleanFilter>
            <criteriaItems>
                <field>Case.Type</field>
                <operation>equals</operation>
                <value>Structural,Hydraulic,Special</value>
            </criteriaItems>
            <criteriaItems>
                <field>Case.Type</field>
                <operation>equals</operation>
                <value>Plan Review</value>
            </criteriaItems>
            <criteriaItems>
                <field>Case.Product_Type__c</field>
                <operation>equals</operation>
                <value>Pipe - HP Storm,Pipe - HPXR75,Pipe - N12 WT,Pipe - N12 ST,Pipe - SaniTite HP</value>
            </criteriaItems>
            <criteriaItems>
                <field>Case.RecordTypeId</field>
                <operation>equals</operation>
                <value>Technical Engineering Request,Stormtech Design Engineering Request,Pipe Design Engineering Request,Water Quality Design Engineering Request,Pipe Plan Review Request</value>
            </criteriaItems>
            <criteriaItems>
                <field>Case.Status</field>
                <operation>equals</operation>
                <value>Initiated</value>
            </criteriaItems>
            <criteriaItems>
                <field>Case.ADS_Zone__c</field>
                <operation>contains</operation>
                <value>Southeast</value>
            </criteriaItems>
        </ruleEntry>
        <ruleEntry>
            <assignedTo>West_Engineer_Request</assignedTo>
            <assignedToType>Queue</assignedToType>
            <booleanFilter>(1 OR (2 AND 3)) AND 4 AND 5 AND 6</booleanFilter>
            <criteriaItems>
                <field>Case.Type</field>
                <operation>equals</operation>
                <value>Structural,Hydraulic,Special</value>
            </criteriaItems>
            <criteriaItems>
                <field>Case.Type</field>
                <operation>equals</operation>
                <value>Plan Review</value>
            </criteriaItems>
            <criteriaItems>
                <field>Case.Product_Type__c</field>
                <operation>equals</operation>
                <value>Pipe - HP Storm,Pipe - HPXR75,Pipe - N12 WT,Pipe - N12 ST,Pipe - SaniTite HP</value>
            </criteriaItems>
            <criteriaItems>
                <field>Case.Status</field>
                <operation>equals</operation>
                <value>Initiated</value>
            </criteriaItems>
            <criteriaItems>
                <field>Case.RecordTypeId</field>
                <operation>equals</operation>
                <value>Technical Engineering Request,Stormtech Design Engineering Request,Pipe Design Engineering Request,Water Quality Design Engineering Request,Pipe Plan Review Request</value>
            </criteriaItems>
            <criteriaItems>
                <field>Case.ADS_Zone__c</field>
                <operation>contains</operation>
                <value>Western</value>
            </criteriaItems>
        </ruleEntry>
        <ruleEntry>
            <assignedTo>West_Technical_Engineering_Request</assignedTo>
            <assignedToType>Queue</assignedToType>
            <booleanFilter>(1 OR (2 AND 3)) AND 4 AND 5 AND 6</booleanFilter>
            <criteriaItems>
                <field>Case.Type</field>
                <operation>equals</operation>
                <value>Design Layout,Cistern,Pipeline Layout,Pipeline Layout - Fittings Only,Sizing Only,Sizing &amp; Quote</value>
            </criteriaItems>
            <criteriaItems>
                <field>Case.Type</field>
                <operation>equals</operation>
                <value>Plan Review</value>
            </criteriaItems>
            <criteriaItems>
                <field>Case.Product_Type__c</field>
                <operation>equals</operation>
                <value>WQ - ADS WQU,WQ - BayFilter,WQ - BaySeparator,StormTech,WQ - HIL DD,WQ - HIL FD,WQ - Barracuda</value>
            </criteriaItems>
            <criteriaItems>
                <field>Case.Status</field>
                <operation>equals</operation>
                <value>Initiated</value>
            </criteriaItems>
            <criteriaItems>
                <field>Case.ADS_Zone__c</field>
                <operation>contains</operation>
                <value>Western</value>
            </criteriaItems>
            <criteriaItems>
                <field>Case.RecordTypeId</field>
                <operation>equals</operation>
                <value>Technical Engineering Request,Stormtech Design Engineering Request,Pipe Design Engineering Request,Water Quality Design Engineering Request,Pipe Plan Review Request</value>
            </criteriaItems>
        </ruleEntry>
        <ruleEntry>
            <assignedTo>South_Central_Engineer_Request</assignedTo>
            <assignedToType>Queue</assignedToType>
            <booleanFilter>(1 OR (2 AND 3)) AND 4 AND 5 AND 6</booleanFilter>
            <criteriaItems>
                <field>Case.Type</field>
                <operation>equals</operation>
                <value>Structural,Hydraulic,Special</value>
            </criteriaItems>
            <criteriaItems>
                <field>Case.Type</field>
                <operation>equals</operation>
                <value>Plan Review</value>
            </criteriaItems>
            <criteriaItems>
                <field>Case.Product_Type__c</field>
                <operation>equals</operation>
                <value>Pipe - HP Storm,Pipe - HPXR75,Pipe - N12 WT,Pipe - N12 ST,Pipe - SaniTite HP</value>
            </criteriaItems>
            <criteriaItems>
                <field>Case.Status</field>
                <operation>equals</operation>
                <value>Initiated</value>
            </criteriaItems>
            <criteriaItems>
                <field>Case.RecordTypeId</field>
                <operation>equals</operation>
                <value>Technical Engineering Request,Stormtech Design Engineering Request,Pipe Design Engineering Request,Water Quality Design Engineering Request,Pipe Plan Review Request</value>
            </criteriaItems>
            <criteriaItems>
                <field>Case.ADS_Zone__c</field>
                <operation>contains</operation>
                <value>South Central</value>
            </criteriaItems>
        </ruleEntry>
        <ruleEntry>
            <assignedTo>South_Central_Technical_Engineer_Request</assignedTo>
            <assignedToType>Queue</assignedToType>
            <booleanFilter>(1 OR (2 AND 3)) AND 4 AND 5 AND 6</booleanFilter>
            <criteriaItems>
                <field>Case.Type</field>
                <operation>equals</operation>
                <value>Design Layout,Cistern,Pipeline Layout,Pipeline Layout - Fittings Only,Sizing Only,Sizing &amp; Quote</value>
            </criteriaItems>
            <criteriaItems>
                <field>Case.Type</field>
                <operation>equals</operation>
                <value>Plan Review</value>
            </criteriaItems>
            <criteriaItems>
                <field>Case.Product_Type__c</field>
                <operation>equals</operation>
                <value>WQ - ADS WQU,WQ - BayFilter,WQ - BaySeparator,StormTech,WQ - HIL DD,WQ - HIL FD,WQ - Barracuda</value>
            </criteriaItems>
            <criteriaItems>
                <field>Case.RecordTypeId</field>
                <operation>equals</operation>
                <value>Technical Engineering Request,Stormtech Design Engineering Request,Pipe Design Engineering Request,Water Quality Design Engineering Request,Pipe Plan Review Request</value>
            </criteriaItems>
            <criteriaItems>
                <field>Case.Status</field>
                <operation>equals</operation>
                <value>Initiated</value>
            </criteriaItems>
            <criteriaItems>
                <field>Case.ADS_Zone__c</field>
                <operation>contains</operation>
                <value>South Central</value>
            </criteriaItems>
        </ruleEntry>
        <ruleEntry>
            <assignedTo>Northeast_NY_Engineer_Request</assignedTo>
            <assignedToType>Queue</assignedToType>
            <booleanFilter>(1 OR (2 AND 3)) AND 4 AND 5 AND 6</booleanFilter>
            <criteriaItems>
                <field>Case.Type</field>
                <operation>equals</operation>
                <value>Structural,Hydraulic,Special</value>
            </criteriaItems>
            <criteriaItems>
                <field>Case.Type</field>
                <operation>equals</operation>
                <value>Plan Review</value>
            </criteriaItems>
            <criteriaItems>
                <field>Case.Product_Type__c</field>
                <operation>equals</operation>
                <value>Pipe - HP Storm,Pipe - HPXR75,Pipe - N12 WT,Pipe - N12 ST,Pipe - SaniTite HP</value>
            </criteriaItems>
            <criteriaItems>
                <field>Case.Status</field>
                <operation>equals</operation>
                <value>Initiated</value>
            </criteriaItems>
            <criteriaItems>
                <field>Case.RecordTypeId</field>
                <operation>equals</operation>
                <value>Technical Engineering Request,Stormtech Design Engineering Request,Pipe Design Engineering Request,Water Quality Design Engineering Request,Pipe Plan Review Request</value>
            </criteriaItems>
            <criteriaItems>
                <field>Case.Is_Northeast__c</field>
                <operation>equals</operation>
                <value>True</value>
            </criteriaItems>
        </ruleEntry>
        <ruleEntry>
            <assignedTo>Northeast_NY_Technical_Engineer_Request</assignedTo>
            <assignedToType>Queue</assignedToType>
            <booleanFilter>(1 OR (2 AND 3)) AND 4 AND 5 AND 6</booleanFilter>
            <criteriaItems>
                <field>Case.Type</field>
                <operation>equals</operation>
                <value>Design Layout,Cistern,Pipeline Layout,Pipeline Layout - Fittings Only,Sizing Only,Sizing &amp; Quote</value>
            </criteriaItems>
            <criteriaItems>
                <field>Case.Type</field>
                <operation>equals</operation>
                <value>Plan Review</value>
            </criteriaItems>
            <criteriaItems>
                <field>Case.Product_Type__c</field>
                <operation>equals</operation>
                <value>WQ - ADS WQU,WQ - BayFilter,WQ - BaySeparator,StormTech,WQ - HIL DD,WQ - HIL FD,WQ - Barracuda</value>
            </criteriaItems>
            <criteriaItems>
                <field>Case.Status</field>
                <operation>equals</operation>
                <value>Initiated</value>
            </criteriaItems>
            <criteriaItems>
                <field>Case.RecordTypeId</field>
                <operation>equals</operation>
                <value>Technical Engineering Request,Stormtech Design Engineering Request,Pipe Design Engineering Request,Water Quality Design Engineering Request,Pipe Plan Review Request</value>
            </criteriaItems>
            <criteriaItems>
                <field>Case.Is_Northeast__c</field>
                <operation>equals</operation>
                <value>True</value>
            </criteriaItems>
        </ruleEntry>
        <ruleEntry>
            <assignedTo>International_Engineer_Request</assignedTo>
            <assignedToType>Queue</assignedToType>
            <booleanFilter>(1 OR (2 AND 3)) AND 4 AND 5 AND 6</booleanFilter>
            <criteriaItems>
                <field>Case.Type</field>
                <operation>equals</operation>
                <value>Structural,Hydraulic,Special</value>
            </criteriaItems>
            <criteriaItems>
                <field>Case.Type</field>
                <operation>equals</operation>
                <value>Plan Review</value>
            </criteriaItems>
            <criteriaItems>
                <field>Case.Product_Type__c</field>
                <operation>equals</operation>
                <value>Pipe - HP Storm,Pipe - HPXR75,Pipe - N12 WT,Pipe - N12 ST,Pipe - SaniTite HP</value>
            </criteriaItems>
            <criteriaItems>
                <field>Case.Status</field>
                <operation>equals</operation>
                <value>Initiated</value>
            </criteriaItems>
            <criteriaItems>
                <field>Case.RecordTypeId</field>
                <operation>equals</operation>
                <value>Technical Engineering Request,Stormtech Design Engineering Request,Pipe Design Engineering Request,Water Quality Design Engineering Request,Pipe Plan Review Request</value>
            </criteriaItems>
            <criteriaItems>
                <field>Case.Project_Region__c</field>
                <operation>startsWith</operation>
                <value>Nova Scotia,Newfoundland &amp; Labrador,QC,ON,Region 51,Prince Edward Island,New Brunswick</value>
            </criteriaItems>
        </ruleEntry>
        <ruleEntry>
            <assignedTo>International_Technical_Engineer_Request</assignedTo>
            <assignedToType>Queue</assignedToType>
            <booleanFilter>(1 OR (2 AND 3)) AND 4 AND 5 AND 6</booleanFilter>
            <criteriaItems>
                <field>Case.Type</field>
                <operation>equals</operation>
                <value>Design Layout,Cistern,Pipeline Layout,Pipeline Layout - Fittings Only,Sizing Only,Sizing &amp; Quote</value>
            </criteriaItems>
            <criteriaItems>
                <field>Case.Type</field>
                <operation>equals</operation>
                <value>Plan Review</value>
            </criteriaItems>
            <criteriaItems>
                <field>Case.Product_Type__c</field>
                <operation>equals</operation>
                <value>WQ - ADS WQU,WQ - BayFilter,WQ - BaySeparator,StormTech,WQ - HIL DD,WQ - HIL FD,WQ - Barracuda</value>
            </criteriaItems>
            <criteriaItems>
                <field>Case.RecordTypeId</field>
                <operation>equals</operation>
                <value>Technical Engineering Request,Stormtech Design Engineering Request,Pipe Design Engineering Request,Water Quality Design Engineering Request,Pipe Plan Review Request</value>
            </criteriaItems>
            <criteriaItems>
                <field>Case.Status</field>
                <operation>equals</operation>
                <value>Initiated</value>
            </criteriaItems>
            <criteriaItems>
                <field>Case.Project_Region__c</field>
                <operation>contains</operation>
                <value>Nova Scotia,Newfoundland &amp; Labrador,QC,ON,Region 51,Prince Edward Island,New Brunswick</value>
            </criteriaItems>
        </ruleEntry>
        <ruleEntry>
            <assignedTo>Canada_West_Engineer_Request</assignedTo>
            <assignedToType>Queue</assignedToType>
            <booleanFilter>(1 OR (2 AND 3)) AND 4 AND 5 AND 6</booleanFilter>
            <criteriaItems>
                <field>Case.Type</field>
                <operation>equals</operation>
                <value>Structural,Hydraulic,Special</value>
            </criteriaItems>
            <criteriaItems>
                <field>Case.Type</field>
                <operation>equals</operation>
                <value>Plan Review</value>
            </criteriaItems>
            <criteriaItems>
                <field>Case.Product_Type__c</field>
                <operation>equals</operation>
                <value>Pipe - HP Storm,Pipe - HPXR75,Pipe - N12 ST,Pipe - N12 WT,Pipe - SaniTite HP</value>
            </criteriaItems>
            <criteriaItems>
                <field>Case.Status</field>
                <operation>equals</operation>
                <value>Initiated</value>
            </criteriaItems>
            <criteriaItems>
                <field>Case.RecordTypeId</field>
                <operation>equals</operation>
                <value>Pipe Design Engineering Request,Pipe Plan Review Request,Stormtech Design Engineering Request,Technical Engineering Request,Water Quality Design Engineering Request</value>
            </criteriaItems>
            <criteriaItems>
                <field>Case.Project_Region__c</field>
                <operation>contains</operation>
                <value>,BC Lower Mainland,BC Northeast,BC Vancouver Island,Alberta,Saskatchewan,Manitoba,Yukon,Nunavut,Northwest Territories</value>
            </criteriaItems>
        </ruleEntry>
        <ruleEntry>
            <assignedTo>Canada_West_Technical_Engineer_Request</assignedTo>
            <assignedToType>Queue</assignedToType>
            <booleanFilter>(1 OR (2 AND 3)) AND 4 AND 5 AND 6</booleanFilter>
            <criteriaItems>
                <field>Case.Type</field>
                <operation>equals</operation>
                <value>Design Layout,Cistern,Pipeline Layout,Pipeline Layout - Fittings Only,Sizing Only,Sizing &amp; Quote</value>
            </criteriaItems>
            <criteriaItems>
                <field>Case.Type</field>
                <operation>equals</operation>
                <value>Plan Review</value>
            </criteriaItems>
            <criteriaItems>
                <field>Case.Product_Type__c</field>
                <operation>equals</operation>
                <value>StormTech,WQ - ADS WQU,WQ - BayFilter,WQ - BaySeparator,WQ - HIL DD,WQ - HIL FD,WQ - Barracuda</value>
            </criteriaItems>
            <criteriaItems>
                <field>Case.RecordTypeId</field>
                <operation>equals</operation>
                <value>Pipe Design Engineering Request,Pipe Plan Review Request,Stormtech Design Engineering Request,Technical Engineering Request,Water Quality Design Engineering Request</value>
            </criteriaItems>
            <criteriaItems>
                <field>Case.Status</field>
                <operation>equals</operation>
                <value>Initiated</value>
            </criteriaItems>
            <criteriaItems>
                <field>Case.Project_Region__c</field>
                <operation>contains</operation>
                <value>,BC Lower Mainland,BC Northeast,BC Vancouver Island,Alberta,Saskatchewan,Manitoba,Yukon,Nunavut,Northwest Territories</value>
            </criteriaItems>
        </ruleEntry>
        <ruleEntry>
            <assignedTo>Ready_for_Review</assignedTo>
            <assignedToType>Queue</assignedToType>
            <criteriaItems>
                <field>Case.RecordTypeId</field>
                <operation>equals</operation>
                <value>Technical Engineering Request,Stormtech Design Engineering Request,Pipe Design Engineering Request,Water Quality Design Engineering Request,Pipe Plan Review Request</value>
            </criteriaItems>
            <criteriaItems>
                <field>Case.Status</field>
                <operation>equals</operation>
                <value>Review Queue</value>
            </criteriaItems>
        </ruleEntry>
        <ruleEntry>
            <assignedTo>International_Technical_Request</assignedTo>
            <assignedToType>Queue</assignedToType>
            <booleanFilter>1 AND 2 AND 3 AND ((4 AND 5) OR 6)</booleanFilter>
            <criteriaItems>
                <field>Case.RecordTypeId</field>
                <operation>contains</operation>
                <value>Pipe Design Engineering Request,Pipe Plan Review Request,Stormtech Design Engineering Request,Technical Engineering Request,Water Quality Design Engineering Request</value>
            </criteriaItems>
            <criteriaItems>
                <field>Case.Status</field>
                <operation>equals</operation>
                <value>Initiated</value>
            </criteriaItems>
            <criteriaItems>
                <field>Case.ADS_Zone__c</field>
                <operation>equals</operation>
                <value>International Zone</value>
            </criteriaItems>
            <criteriaItems>
                <field>Case.Type</field>
                <operation>equals</operation>
                <value>Plan Review</value>
            </criteriaItems>
            <criteriaItems>
                <field>Case.Product_Type__c</field>
                <operation>equals</operation>
                <value>WQ - ADS WQU,WQ - BayFilter,WQ - BaySeparator,WQ - HIL DD,WQ - HIL FD,WQ - Barracuda,StormTech</value>
            </criteriaItems>
            <criteriaItems>
                <field>Case.Type</field>
                <operation>equals</operation>
                <value>Design Layout,Cistern,Pipeline Layout,Pipeline Layout - Fittings Only,Sizing Only,Sizing &amp; Quote</value>
            </criteriaItems>
        </ruleEntry>
        <ruleEntry>
            <assignedTo>International_Engineering_Request2</assignedTo>
            <assignedToType>Queue</assignedToType>
            <booleanFilter>(1 OR (4 AND 5)) AND 2 AND 3 AND 6</booleanFilter>
            <criteriaItems>
                <field>Case.Type</field>
                <operation>equals</operation>
                <value>Structural,Hydraulic,Special</value>
            </criteriaItems>
            <criteriaItems>
                <field>Case.Status</field>
                <operation>equals</operation>
                <value>Initiated</value>
            </criteriaItems>
            <criteriaItems>
                <field>Case.ADS_Zone__c</field>
                <operation>equals</operation>
                <value>International Zone</value>
            </criteriaItems>
            <criteriaItems>
                <field>Case.Type</field>
                <operation>equals</operation>
                <value>Plan Review</value>
            </criteriaItems>
            <criteriaItems>
                <field>Case.Product_Type__c</field>
                <operation>equals</operation>
                <value>Pipe - HP Storm,Pipe - HPXR75,Pipe - N12 WT,Pipe - N12 ST,Pipe - SaniTite HP</value>
            </criteriaItems>
            <criteriaItems>
                <field>Case.RecordTypeId</field>
                <operation>equals</operation>
                <value>Technical Engineering Request,Stormtech Design Engineering Request,Pipe Design Engineering Request,Water Quality Design Engineering Request,Pipe Plan Review Request</value>
            </criteriaItems>
        </ruleEntry>
        <ruleEntry>
            <criteriaItems>
                <field>Case.Shipping_Plant__c</field>
                <operation>startsWith</operation>
                <value>P44,P47,P36,P29,P32</value>
            </criteriaItems>
            <criteriaItems>
                <field>Case.RecordTypeId</field>
                <operation>equals</operation>
                <value>Customer Feedback</value>
            </criteriaItems>
            <team>Northeast Manufacturing Region Management</team>
        </ruleEntry>
        <ruleEntry/>
    </assignmentRule>
</AssignmentRules>
