<?xml version="1.0" encoding="UTF-8"?>
<AssignmentRules xmlns="http://soap.sforce.com/2006/04/metadata">
    <assignmentRule>
        <fullName>Pardot Form Fills</fullName>
        <active>true</active>
        <ruleEntry>
            <assignedTo>Duraslot_Pardot_Queue</assignedTo>
            <assignedToType>Queue</assignedToType>
            <criteriaItems>
                <field>Lead.Completed_Form__c</field>
                <operation>equals</operation>
                <value>Duraslot Form</value>
            </criteriaItems>
            <template>unfiled$public/LeadsNewassignmentnotificationSAMPLE</template>
        </ruleEntry>
        <ruleEntry>
            <assignedTo>rob.johnson@ads-pipe.com</assignedTo>
            <assignedToType>User</assignedToType>
            <criteriaItems>
                <field>Lead.Completed_Form__c</field>
                <operation>equals</operation>
                <value>Insertatee Form,ADS OneFit Form</value>
            </criteriaItems>
            <template>unfiled$public/LeadsNewassignmentnotificationSAMPLE</template>
        </ruleEntry>
        <ruleEntry>
            <assignedTo>Flexstorm_Pardot_Queue</assignedTo>
            <assignedToType>Queue</assignedToType>
            <criteriaItems>
                <field>Lead.Completed_Form__c</field>
                <operation>equals</operation>
                <value>FlexStorm Form</value>
            </criteriaItems>
            <template>unfiled$public/LeadsNewassignmentnotificationSAMPLE</template>
        </ruleEntry>
        <ruleEntry>
            <assignedTo>Baysaver_Pardot_Queue</assignedTo>
            <assignedToType>Queue</assignedToType>
            <criteriaItems>
                <field>Lead.Completed_Form__c</field>
                <operation>equals</operation>
                <value>Baysaver Form</value>
            </criteriaItems>
            <template>unfiled$public/LeadsNewassignmentnotificationSAMPLE</template>
        </ruleEntry>
        <ruleEntry>
            <assignedTo>StormTech_Pardot_Queue</assignedTo>
            <assignedToType>Queue</assignedToType>
            <criteriaItems>
                <field>Lead.Completed_Form__c</field>
                <operation>equals</operation>
                <value>StormTech Form</value>
            </criteriaItems>
        </ruleEntry>
        <ruleEntry>
            <assignedTo>ryan.carter@ads-pipe.com</assignedTo>
            <assignedToType>User</assignedToType>
            <criteriaItems>
                <field>Lead.Completed_Form__c</field>
                <operation>equals</operation>
                <value>Agriculture Contact Form</value>
            </criteriaItems>
            <template>unfiled$public/LeadsNewassignmentnotificationSAMPLE</template>
        </ruleEntry>
        <ruleEntry>
            <assignedTo>Nyloplast_Pardot_Queue</assignedTo>
            <assignedToType>Queue</assignedToType>
            <criteriaItems>
                <field>Lead.Completed_Form__c</field>
                <operation>equals</operation>
                <value>NyloPlast Form</value>
            </criteriaItems>
            <template>unfiled$public/LeadsNewassignmentnotificationSAMPLE</template>
        </ruleEntry>
        <ruleEntry>
            <assignedTo>Info_ADS_Pardot_Queue</assignedTo>
            <assignedToType>Queue</assignedToType>
            <booleanFilter>(1 AND 2) OR (1 AND 3) OR (1 AND 4)</booleanFilter>
            <criteriaItems>
                <field>Lead.Completed_Form__c</field>
                <operation>equals</operation>
                <value>Contact Us Form</value>
            </criteriaItems>
            <criteriaItems>
                <field>Lead.Contact_Type__c</field>
                <operation>equals</operation>
                <value>Product Questions</value>
            </criteriaItems>
            <criteriaItems>
                <field>Lead.Contact_Type__c</field>
                <operation>equals</operation>
                <value>Request a Quote for a Project</value>
            </criteriaItems>
            <criteriaItems>
                <field>Lead.Contact_Type__c</field>
                <operation>equals</operation>
                <value>Technical Information</value>
            </criteriaItems>
            <template>unfiled$public/LeadsNewassignmentnotificationSAMPLE</template>
        </ruleEntry>
        <ruleEntry>
            <assignedTo>heather.schreiber@ads-pipe.com</assignedTo>
            <assignedToType>User</assignedToType>
            <criteriaItems>
                <field>Lead.Completed_Form__c</field>
                <operation>equals</operation>
                <value>Contact Us Form</value>
            </criteriaItems>
            <criteriaItems>
                <field>Lead.Contact_Type__c</field>
                <operation>equals</operation>
                <value>Advertising and Press</value>
            </criteriaItems>
            <template>unfiled$public/LeadsNewassignmentnotificationSAMPLE</template>
        </ruleEntry>
        <ruleEntry>
            <assignedTo>sherri.bryant@ads-pipe.com</assignedTo>
            <assignedToType>User</assignedToType>
            <criteriaItems>
                <field>Lead.Completed_Form__c</field>
                <operation>equals</operation>
                <value>Contact Us Form</value>
            </criteriaItems>
            <criteriaItems>
                <field>Lead.Contact_Type__c</field>
                <operation>equals</operation>
                <value>Employment Opportunities</value>
            </criteriaItems>
            <template>unfiled$public/LeadsNewassignmentnotificationSAMPLE</template>
        </ruleEntry>
        <ruleEntry>
            <assignedTo>heather.schreiber@ads-pipe.com</assignedTo>
            <assignedToType>User</assignedToType>
            <criteriaItems>
                <field>Lead.Completed_Form__c</field>
                <operation>equals</operation>
                <value>Contact Us Form</value>
            </criteriaItems>
            <criteriaItems>
                <field>Lead.Contact_Type__c</field>
                <operation>equals</operation>
                <value>Testimonials</value>
            </criteriaItems>
            <template>unfiled$public/LeadsNewassignmentnotificationSAMPLE</template>
        </ruleEntry>
        <ruleEntry>
            <assignedTo>International_Lead_Queue</assignedTo>
            <assignedToType>Queue</assignedToType>
            <criteriaItems>
                <field>Lead.Completed_Form__c</field>
                <operation>equals</operation>
                <value>Contact Us Form</value>
            </criteriaItems>
            <criteriaItems>
                <field>Lead.Contact_Type__c</field>
                <operation>equals</operation>
                <value>International</value>
            </criteriaItems>
            <template>unfiled$public/LeadsNewassignmentnotificationSAMPLE</template>
        </ruleEntry>
        <ruleEntry>
            <assignedTo>Info_ADS_Pardot_Queue</assignedTo>
            <assignedToType>Queue</assignedToType>
            <criteriaItems>
                <field>Lead.Completed_Form__c</field>
                <operation>equals</operation>
                <value>Start a Project Form</value>
            </criteriaItems>
            <template>unfiled$public/LeadsNewassignmentnotificationSAMPLE</template>
        </ruleEntry>
        <ruleEntry>
            <assignedTo>Nyloplast_Pardot_Queue</assignedTo>
            <assignedToType>Queue</assignedToType>
            <criteriaItems>
                <field>Lead.Completed_Form__c</field>
                <operation>equals</operation>
                <value>Inlet Design Calculator Form</value>
            </criteriaItems>
        </ruleEntry>
        <ruleEntry>
            <assignedTo>Nyloplast_Pardot_Queue</assignedTo>
            <assignedToType>Queue</assignedToType>
            <criteriaItems>
                <field>Lead.Completed_Form__c</field>
                <operation>equals</operation>
                <value>Nyloplast Precast Campaign Form</value>
            </criteriaItems>
            <template>unfiled$public/Nyloplast_Precast_Campaign_Form_Email_Alert</template>
        </ruleEntry>
        <ruleEntry>
            <assignedTo>Nyloplast_Pardot_Queue</assignedTo>
            <assignedToType>Queue</assignedToType>
            <criteriaItems>
                <field>Lead.Completed_Form__c</field>
                <operation>equals</operation>
                <value>Nyloplast Contact Support</value>
            </criteriaItems>
        </ruleEntry>
        <ruleEntry>
            <assignedTo>theodore.bickert@ads-pipe.com</assignedTo>
            <assignedToType>User</assignedToType>
            <criteriaItems>
                <field>Lead.Completed_Form__c</field>
                <operation>equals</operation>
                <value>FL Builders EcoPure Form Handler 10/2021</value>
            </criteriaItems>
            <template>unfiled$public/LeadsNewassignmentnotificationSAMPLE</template>
        </ruleEntry>
        <ruleEntry>
            <assignedTo>FL_Brand_Billboard_Form</assignedTo>
            <assignedToType>Queue</assignedToType>
            <criteriaItems>
                <field>Lead.Completed_Form__c</field>
                <operation>equals</operation>
                <value>FL Brand Billboard Form</value>
            </criteriaItems>
            <template>unfiled$public/LeadsNewassignmentnotificationSAMPLE</template>
        </ruleEntry>
        <ruleEntry>
            <assignedTo>josh.herchl@ads-pipe.com</assignedTo>
            <assignedToType>User</assignedToType>
            <criteriaItems>
                <field>Lead.Completed_Form__c</field>
                <operation>equals</operation>
                <value>Ohio Stormwater Conference</value>
            </criteriaItems>
        </ruleEntry>
        <ruleEntry>
            <assignedTo>stuart.crisp@ads-pipe.com</assignedTo>
            <assignedToType>User</assignedToType>
            <criteriaItems>
                <field>Lead.Lead_Export_Country__c</field>
                <operation>equals</operation>
                <value>United Kingdom</value>
            </criteriaItems>
            <criteriaItems>
                <field>Lead.Completed_Form__c</field>
                <operation>equals</operation>
                <value>Export Form</value>
            </criteriaItems>
            <template>ADS_Sales/Export_Country_Form_Fill</template>
        </ruleEntry>
        <ruleEntry>
            <assignedTo>jerome.violle@ads-pipe.com</assignedTo>
            <assignedToType>User</assignedToType>
            <criteriaItems>
                <field>Lead.Lead_Export_Country__c</field>
                <operation>equals</operation>
                <value>France</value>
            </criteriaItems>
            <criteriaItems>
                <field>Lead.Completed_Form__c</field>
                <operation>equals</operation>
                <value>Export Form</value>
            </criteriaItems>
            <template>ADS_Sales/Export_Country_Form_Fill</template>
        </ruleEntry>
        <ruleEntry>
            <assignedTo>stefan.steinmetz@ads-pipe.com</assignedTo>
            <assignedToType>User</assignedToType>
            <criteriaItems>
                <field>Lead.Lead_Export_Country__c</field>
                <operation>equals</operation>
                <value>Germany</value>
            </criteriaItems>
            <criteriaItems>
                <field>Lead.Completed_Form__c</field>
                <operation>equals</operation>
                <value>Export Form</value>
            </criteriaItems>
            <template>ADS_Sales/Export_Country_Form_Fill</template>
        </ruleEntry>
        <ruleEntry>
            <assignedTo>stefan.steinmetz@ads-pipe.com</assignedTo>
            <assignedToType>User</assignedToType>
            <criteriaItems>
                <field>Lead.Lead_Export_Country__c</field>
                <operation>equals</operation>
                <value>All other western European Countries</value>
            </criteriaItems>
            <criteriaItems>
                <field>Lead.Completed_Form__c</field>
                <operation>equals</operation>
                <value>Export Form</value>
            </criteriaItems>
            <template>ADS_Sales/Export_Country_Form_Fill</template>
        </ruleEntry>
        <ruleEntry>
            <assignedTo>karim.amin@ads-pipe.com</assignedTo>
            <assignedToType>User</assignedToType>
            <criteriaItems>
                <field>Lead.Lead_Export_Country__c</field>
                <operation>equals</operation>
                <value>Middle East</value>
            </criteriaItems>
            <criteriaItems>
                <field>Lead.Completed_Form__c</field>
                <operation>equals</operation>
                <value>Export Form</value>
            </criteriaItems>
            <template>ADS_Sales/Export_Country_Form_Fill</template>
        </ruleEntry>
        <ruleEntry>
            <assignedTo>raphael.garcia@ads-pipe.com</assignedTo>
            <assignedToType>User</assignedToType>
            <criteriaItems>
                <field>Lead.Lead_Export_Country__c</field>
                <operation>equals</operation>
                <value>Caribbean</value>
            </criteriaItems>
            <criteriaItems>
                <field>Lead.Completed_Form__c</field>
                <operation>equals</operation>
                <value>Export Form</value>
            </criteriaItems>
            <template>ADS_Sales/Export_Country_Form_Fill</template>
        </ruleEntry>
        <ruleEntry>
            <assignedTo>raphael.garcia@ads-pipe.com</assignedTo>
            <assignedToType>User</assignedToType>
            <criteriaItems>
                <field>Lead.Lead_Export_Country__c</field>
                <operation>equals</operation>
                <value>All other Latin American Countries</value>
            </criteriaItems>
            <criteriaItems>
                <field>Lead.Completed_Form__c</field>
                <operation>equals</operation>
                <value>Export Form</value>
            </criteriaItems>
            <template>ADS_Sales/Export_Country_Form_Fill</template>
        </ruleEntry>
        <ruleEntry>
            <assignedTo>Aviation_Lead_Queue</assignedTo>
            <assignedToType>Queue</assignedToType>
            <criteriaItems>
                <field>Lead.Completed_Form__c</field>
                <operation>equals</operation>
                <value>Aviation Form</value>
            </criteriaItems>
            <template>unfiled$public/LeadsNewassignmentnotificationSAMPLE</template>
        </ruleEntry>
        <ruleEntry>
            <assignedTo>ryan.zenkewicz@ads-pipe.com</assignedTo>
            <assignedToType>User</assignedToType>
            <criteriaItems>
                <field>Lead.Completed_Form__c</field>
                <operation>equals</operation>
                <value>Warehouse Form</value>
            </criteriaItems>
            <template>unfiled$public/LeadsNewassignmentnotificationSAMPLE</template>
        </ruleEntry>
        <ruleEntry>
            <assignedTo>ryan.zenkewicz@ads-pipe.com</assignedTo>
            <assignedToType>User</assignedToType>
            <criteriaItems>
                <field>Lead.Completed_Form__c</field>
                <operation>equals</operation>
                <value>Home Builders Form</value>
            </criteriaItems>
            <template>unfiled$public/LeadsNewassignmentnotificationSAMPLE</template>
        </ruleEntry>
    </assignmentRule>
</AssignmentRules>
