<?xml version="1.0" encoding="UTF-8"?>
<ApprovalProcess xmlns="http://soap.sforce.com/2006/04/metadata">
    <active>false</active>
    <allowRecall>true</allowRecall>
    <allowedSubmitters>
        <type>creator</type>
    </allowedSubmitters>
    <allowedSubmitters>
        <type>owner</type>
    </allowedSubmitters>
    <approvalPageFields>
        <field>Name</field>
        <field>SBQQ__SalesRep__c</field>
        <field>Account_Name__c</field>
        <field>SBQQ__CustomerDiscount__c</field>
        <field>SBQQ__NetAmount__c</field>
        <field>Current_Deal_Margin_pct__c</field>
        <field>Owner</field>
    </approvalPageFields>
    <approvalStep>
        <allowDelegate>false</allowDelegate>
        <assignedApprover>
            <approver>
                <type>adhoc</type>
            </approver>
        </assignedApprover>
        <description>Product lead to approve pricing</description>
        <label>Product Lead</label>
        <name>Product_Lead</name>
    </approvalStep>
    <enableMobileDeviceAccess>false</enableMobileDeviceAccess>
    <finalApprovalRecordLock>false</finalApprovalRecordLock>
    <finalRejectionRecordLock>false</finalRejectionRecordLock>
    <label>Pricing Approval</label>
    <processOrder>1</processOrder>
    <recordEditability>AdminOrCurrentApprover</recordEditability>
    <showApprovalHistory>true</showApprovalHistory>
</ApprovalProcess>
