<?xml version="1.0" encoding="UTF-8"?>
<ApprovalProcess xmlns="http://soap.sforce.com/2006/04/metadata">
    <active>true</active>
    <allowRecall>false</allowRecall>
    <allowedSubmitters>
        <submitter>Market_Analysts</submitter>
        <type>group</type>
    </allowedSubmitters>
    <allowedSubmitters>
        <type>owner</type>
    </allowedSubmitters>
    <approvalPageFields>
        <field>Name</field>
        <field>SBQQ__Opportunity2__c</field>
        <field>SBQQ__Account__c</field>
        <field>SBQQ__PrimaryContact__c</field>
        <field>SBQQ__NetAmount__c</field>
        <field>Owner</field>
        <field>SBQQ__SalesRep__c</field>
    </approvalPageFields>
    <approvalStep>
        <allowDelegate>false</allowDelegate>
        <assignedApprover>
            <approver>
                <type>adhoc</type>
            </approver>
        </assignedApprover>
        <label>Approval Response</label>
        <name>Step_1</name>
    </approvalStep>
    <emailTemplate>unfiled$public/A_Quote_has_been_submitted_for_approval</emailTemplate>
    <enableMobileDeviceAccess>false</enableMobileDeviceAccess>
    <entryCriteria>
        <criteriaItems>
            <field>SBQQ__Quote__c.Owner</field>
            <operation>notEqual</operation>
        </criteriaItems>
    </entryCriteria>
    <finalApprovalActions>
        <action>
            <name>Quote_has_been_Approved</name>
            <type>Alert</type>
        </action>
        <action>
            <name>Update_AA_Approval_Status_to_Approved</name>
            <type>FieldUpdate</type>
        </action>
        <action>
            <name>Update_Approval_State_to_Approved</name>
            <type>FieldUpdate</type>
        </action>
    </finalApprovalActions>
    <finalApprovalRecordLock>true</finalApprovalRecordLock>
    <finalRejectionActions>
        <action>
            <name>Quote_has_been_Rejected</name>
            <type>Alert</type>
        </action>
        <action>
            <name>Update_AA_Approval_Status_to_Rejected</name>
            <type>FieldUpdate</type>
        </action>
        <action>
            <name>Update_Approval_State_to_Rejected</name>
            <type>FieldUpdate</type>
        </action>
    </finalRejectionActions>
    <finalRejectionRecordLock>false</finalRejectionRecordLock>
    <initialSubmissionActions>
        <action>
            <name>Update_AA_Approval_Status_to_Pending</name>
            <type>FieldUpdate</type>
        </action>
        <action>
            <name>Update_Approval_State_to_Pending</name>
            <type>FieldUpdate</type>
        </action>
    </initialSubmissionActions>
    <label>Quote Approval Process</label>
    <processOrder>1</processOrder>
    <recordEditability>AdminOrCurrentApprover</recordEditability>
    <showApprovalHistory>true</showApprovalHistory>
</ApprovalProcess>
