<?xml version="1.0" encoding="UTF-8"?>
<AnimationRule xmlns="http://soap.sforce.com/2006/04/metadata">
    <animationFrequency>often</animationFrequency>
    <developerName>Customer_Feedback</developerName>
    <isActive>true</isActive>
    <masterLabel>Customer Feedback</masterLabel>
    <recordTypeContext>Custom</recordTypeContext>
    <recordTypeName>Customer_Feedback</recordTypeName>
    <sobjectType>Case</sobjectType>
    <targetField>Status</targetField>
    <targetFieldChangeToValues>Closed</targetFieldChangeToValues>
</AnimationRule>
