<?xml version="1.0" encoding="UTF-8"?>
<ConnectedApp xmlns="http://soap.sforce.com/2006/04/metadata">
    <contactEmail>manipooja.dendukoori@adspipe.com</contactEmail>
    <label>Interaction Studio</label>
    <oauthConfig>
        <callbackUrl>https://advanceddrainage.us-4.evergage.com/ui/oauth.html</callbackUrl>
        <consumerKey>3MVG9Z8h6Bxz0zc4NWhTFhzYWdjYPLsHPQ5khI9QtnJTI31ZrF4bapODInsagghu9NGBwbnngPsOynMCk1oxz</consumerKey>
        <isAdminApproved>false</isAdminApproved>
        <isClientCredentialEnabled>false</isClientCredentialEnabled>
        <isCodeCredentialEnabled>false</isCodeCredentialEnabled>
        <isCodeCredentialPostOnly>false</isCodeCredentialPostOnly>
        <isConsumerSecretOptional>false</isConsumerSecretOptional>
        <isIntrospectAllTokens>false</isIntrospectAllTokens>
        <isSecretRequiredForRefreshToken>false</isSecretRequiredForRefreshToken>
        <scopes>Basic</scopes>
        <scopes>Api</scopes>
        <scopes>RefreshToken</scopes>
    </oauthConfig>
    <oauthPolicy>
        <ipRelaxation>ENFORCE</ipRelaxation>
        <refreshTokenPolicy>infinite</refreshTokenPolicy>
    </oauthPolicy>
</ConnectedApp>
