<?xml version="1.0" encoding="UTF-8"?>
<ConnectedApp xmlns="http://soap.sforce.com/2006/04/metadata">
    <contactEmail>beau.bollinger@ads-pipe.com</contactEmail>
    <label>Saviynt2</label>
    <oauthConfig>
        <callbackUrl>https://ads--uat.sandbox.my.salesforce.com/services/oauth2/success</callbackUrl>
        <consumerKey>3MVG9Z8h6Bxz0zc4NWhTFhzYWdt6w.JtliOMpbOp4PfDN0MS.onbHeiT6vUrdTL6mn2MnVGzuLiooxY9XgD9D</consumerKey>
        <isAdminApproved>false</isAdminApproved>
        <isClientCredentialEnabled>false</isClientCredentialEnabled>
        <isCodeCredentialEnabled>false</isCodeCredentialEnabled>
        <isCodeCredentialPostOnly>false</isCodeCredentialPostOnly>
        <isConsumerSecretOptional>false</isConsumerSecretOptional>
        <isIntrospectAllTokens>false</isIntrospectAllTokens>
        <isSecretRequiredForRefreshToken>false</isSecretRequiredForRefreshToken>
        <scopes>Basic</scopes>
        <scopes>Api</scopes>
        <scopes>Web</scopes>
        <scopes>Full</scopes>
        <scopes>Chatter</scopes>
        <scopes>CustomApplications</scopes>
        <scopes>RefreshToken</scopes>
        <scopes>OpenID</scopes>
        <scopes>CustomPermissions</scopes>
    </oauthConfig>
    <oauthPolicy>
        <ipRelaxation>ENFORCE</ipRelaxation>
        <refreshTokenPolicy>infinite</refreshTokenPolicy>
    </oauthPolicy>
</ConnectedApp>
