<?xml version="1.0" encoding="UTF-8"?>
<CustomMetadata xmlns="http://soap.sforce.com/2006/04/metadata" xmlns:xsi="http://www.w3.org/2001/XMLSchema-instance" xmlns:xsd="http://www.w3.org/2001/XMLSchema">
    <label>Terminate Api</label>
    <protected>false</protected>
    <values>
        <field>ADS_Client_Id__c</field>
        <value xsi:type="xsd:string">59525cfb2317430fa02187315eb7e29e</value>
    </values>
    <values>
        <field>ADS_Client_Secret__c</field>
        <value xsi:type="xsd:string">b3Ec06Ee6A5c4ad5884Fa4D3A6DC7B09</value>
    </values>
    <values>
        <field>ADS_Content_Type__c</field>
        <value xsi:type="xsd:string">application/json</value>
    </values>
    <values>
        <field>ADS_End_Point_URL__c</field>
        <value xsi:type="xsd:string">https://test.api.adspipe.com/exp-q2o/v1/quoteQuotelineitem/cancel-quote</value>
    </values>
    <values>
        <field>ADS_Time_Out__c</field>
        <value xsi:type="xsd:double">100000.0</value>
    </values>
</CustomMetadata>
