<?xml version="1.0" encoding="UTF-8"?>
<CustomMetadata xmlns="http://soap.sforce.com/2006/04/metadata" xmlns:xsi="http://www.w3.org/2001/XMLSchema-instance" xmlns:xsd="http://www.w3.org/2001/XMLSchema">
    <label>Mississippi</label>
    <protected>false</protected>
    <values>
        <field>Business_Hours_ID__c</field>
        <value xsi:type="xsd:string">01m3f000000Gnfa</value>
    </values>
    <values>
        <field>State__c</field>
        <value xsi:type="xsd:string">MS</value>
    </values>
</CustomMetadata>
