{
  "status": 0,
  "result": [
    {
      "createdById": "0052M000009LfFNQA0",
      "createdByName": "David Hetrick",
      "createdDate": "2020-04-28T15:29:24.000Z",
      "fileName": "analyticSnapshots/Allied_Quoted_MIT.snapshot",
      "fullName": "Allied_Quoted_MIT",
      "id": "0A03f0000004C9DCAU",
      "lastModifiedById": "0052M000009LfFNQA0",
      "lastModifiedByName": "David Hetrick",
      "lastModifiedDate": "2021-02-11T16:20:55.000Z",
      "manageableState": "unmanaged",
      "type": "AnalyticSnapshot"
    },
    {
      "createdById": "00541000004SyXBAA0",
      "createdByName": "Zack Patrick",
      "createdDate": "2022-02-24T20:20:19.000Z",
      "fileName": "analyticSnapshots/PSS_Queue_MIT.snapshot",
      "fullName": "PSS_Queue_MIT",
      "id": "0A03f000000KyjLCAS",
      "lastModifiedById": "00541000004SyXBAA0",
      "lastModifiedByName": "Zack Patrick",
      "lastModifiedDate": "2022-02-24T20:20:19.000Z",
      "manageableState": "unmanaged",
      "type": "AnalyticSnapshot"
    },
    {
      "createdById": "0053f00000145zgAAA",
      "createdByName": "Nathan Wylder",
      "createdDate": "2020-10-29T20:49:55.000Z",
      "fileName": "analyticSnapshots/Fittings_Quoted_MIT.snapshot",
      "fullName": "Fittings_Quoted_MIT",
      "id": "0A03f0000004C9NCAU",
      "lastModifiedById": "0052M000009LfFNQA0",
      "lastModifiedByName": "David Hetrick",
      "lastModifiedDate": "2021-02-11T16:19:47.000Z",
      "manageableState": "unmanaged",
      "type": "AnalyticSnapshot"
    },
    {
      "createdById": "0053f00000145zgAAA",
      "createdByName": "Nathan Wylder",
      "createdDate": "2020-04-22T18:31:43.000Z",
      "fileName": "analyticSnapshots/ISR_Queue_MIT.snapshot",
      "fullName": "ISR_Queue_MIT",
      "id": "0A03f0000004C98CAE",
      "lastModifiedById": "0052M000009LfFNQA0",
      "lastModifiedByName": "David Hetrick",
      "lastModifiedDate": "2021-02-11T16:14:45.000Z",
      "manageableState": "unmanaged",
      "type": "AnalyticSnapshot"
    },
    {
      "createdById": "0053f00000145zgAAA",
      "createdByName": "Nathan Wylder",
      "createdDate": "2021-04-28T20:39:13.000Z",
      "fileName": "analyticSnapshots/ISE_Queue_MIT_2.snapshot",
      "fullName": "ISE_Queue_MIT_2",
      "id": "0A03f0000008OIPCA2",
      "lastModifiedById": "0053f00000145zgAAA",
      "lastModifiedByName": "Nathan Wylder",
      "lastModifiedDate": "2021-04-28T20:40:45.000Z",
      "manageableState": "unmanaged",
      "type": "AnalyticSnapshot"
    },
    {
      "createdById": "0052M000009LfFNQA0",
      "createdByName": "David Hetrick",
      "createdDate": "2020-03-20T20:32:19.000Z",
      "fileName": "analyticSnapshots/ISE_Queue_MIT.snapshot",
      "fullName": "ISE_Queue_MIT",
      "id": "0A03f0000004C93CAE",
      "lastModifiedById": "0052M000009LfFNQA0",
      "lastModifiedByName": "David Hetrick",
      "lastModifiedDate": "2021-02-10T14:39:44.000Z",
      "manageableState": "unmanaged",
      "type": "AnalyticSnapshot"
    },
    {
      "createdById": "0052M000009LfFNQA0",
      "createdByName": "David Hetrick",
      "createdDate": "2020-08-26T19:21:55.000Z",
      "fileName": "analyticSnapshots/Allied_Quoted_CAN_MIT.snapshot",
      "fullName": "Allied_Quoted_CAN_MIT",
      "id": "0A03f0000004C9ICAU",
      "lastModifiedById": "0052M000009LfFNQA0",
      "lastModifiedByName": "David Hetrick",
      "lastModifiedDate": "2021-02-11T16:21:35.000Z",
      "manageableState": "unmanaged",
      "type": "AnalyticSnapshot"
    }
  ]
}