{
  "status": 0,
  "result": [
    {
      "createdById": "005410000064QVeAAM",
      "createdByName": "Rollup Helper",
      "createdDate": "2020-10-31T02:00:24.000Z",
      "fileName": "components/rh2__PS_AdminGuide.component",
      "fullName": "rh2__PS_AdminGuide",
      "id": "0993f000000PB4aAAG",
      "lastModifiedById": "005410000064QVeAAM",
      "lastModifiedByName": "Rollup Helper",
      "lastModifiedDate": "2021-07-24T02:05:25.000Z",
      "manageableState": "installed",
      "namespacePrefix": "rh2",
      "type": "ApexComponent"
    },
    {
      "createdById": "00541000002RzpjAAC",
      "createdByName": "Dylan Gerow",
      "createdDate": "2017-05-11T13:53:36.000Z",
      "fileName": "components/dlrs__zipEntry.component",
      "fullName": "dlrs__zipEntry",
      "id": "09941000000dbj0AAA",
      "lastModifiedById": "0053f00000145zgAAA",
      "lastModifiedByName": "Nathan Wylder",
      "lastModifiedDate": "2021-04-06T18:51:52.000Z",
      "manageableState": "installed",
      "namespacePrefix": "dlrs",
      "type": "ApexComponent"
    },
    {
      "createdById": "0053f00000145zgAAA",
      "createdByName": "Nathan Wylder",
      "createdDate": "2021-03-04T22:12:43.000Z",
      "fileName": "components/dsfs__m_LandingComponent.component",
      "fullName": "dsfs__m_LandingComponent",
      "id": "0993f00000000HYAAY",
      "lastModifiedById": "0053f00000145zgAAA",
      "lastModifiedByName": "Nathan Wylder",
      "lastModifiedDate": "2021-03-04T22:12:43.000Z",
      "manageableState": "installed",
      "namespacePrefix": "dsfs",
      "type": "ApexComponent"
    },
    {
      "createdById": "0053f00000145zgAAA",
      "createdByName": "Nathan Wylder",
      "createdDate": "2021-03-04T22:12:43.000Z",
      "fileName": "components/dsfs__FullScreenLoad.component",
      "fullName": "dsfs__FullScreenLoad",
      "id": "0993f00000000HWAAY",
      "lastModifiedById": "0053f00000145zgAAA",
      "lastModifiedByName": "Nathan Wylder",
      "lastModifiedDate": "2021-03-04T22:12:43.000Z",
      "manageableState": "installed",
      "namespacePrefix": "dsfs",
      "type": "ApexComponent"
    },
    {
      "createdById": "00541000004SMkpAAG",
      "createdByName": "SFDC Support",
      "createdDate": "2018-04-24T21:25:19.000Z",
      "fileName": "components/rh2__PS_additionalInformation.component",
      "fullName": "rh2__PS_additionalInformation",
      "id": "09941000001112TAAQ",
      "lastModifiedById": "005410000064QVeAAM",
      "lastModifiedByName": "Rollup Helper",
      "lastModifiedDate": "2021-07-24T02:06:10.000Z",
      "manageableState": "installed",
      "namespacePrefix": "rh2",
      "type": "ApexComponent"
    },
    {
      "createdById": "00541000002RzpjAAC",
      "createdByName": "Dylan Gerow",
      "createdDate": "2017-03-31T15:12:59.000Z",
      "fileName": "components/SBQQ__customerInfo.component",
      "fullName": "SBQQ__customerInfo",
      "id": "099410000002W7SAAU",
      "lastModifiedById": "00541000002RzrVAAS",
      "lastModifiedByName": "Salesforce CPQ",
      "lastModifiedDate": "2023-02-13T00:03:17.000Z",
      "manageableState": "installed",
      "namespacePrefix": "SBQQ",
      "type": "ApexComponent"
    },
    {
      "createdById": "00541000002RzpjAAC",
      "createdByName": "Dylan Gerow",
      "createdDate": "2017-03-31T15:13:04.000Z",
      "fileName": "components/SBQQ__theme.component",
      "fullName": "SBQQ__theme",
      "id": "099410000002W8OAAU",
      "lastModifiedById": "00541000002RzrVAAS",
      "lastModifiedByName": "Salesforce CPQ",
      "lastModifiedDate": "2023-02-13T00:03:35.000Z",
      "manageableState": "installed",
      "namespacePrefix": "SBQQ",
      "type": "ApexComponent"
    },
    {
      "createdById": "00541000002RzpjAAC",
      "createdByName": "Dylan Gerow",
      "createdDate": "2017-03-31T15:13:00.000Z",
      "fileName": "components/SBQQ__productConfigurator.component",
      "fullName": "SBQQ__productConfigurator",
      "id": "099410000002W7tAAE",
      "lastModifiedById": "00541000002RzrVAAS",
      "lastModifiedByName": "Salesforce CPQ",
      "lastModifiedDate": "2023-02-13T00:03:23.000Z",
      "manageableState": "installed",
      "namespacePrefix": "SBQQ",
      "type": "ApexComponent"
    },
    {
      "createdById": "00541000002RzpjAAC",
      "createdByName": "Dylan Gerow",
      "createdDate": "2017-03-31T15:12:59.000Z",
      "fileName": "components/SBQQ__modalDialog.component",
      "fullName": "SBQQ__modalDialog",
      "id": "099410000002W7hAAE",
      "lastModifiedById": "00541000002RzrVAAS",
      "lastModifiedByName": "Salesforce CPQ",
      "lastModifiedDate": "2023-02-13T00:03:22.000Z",
      "manageableState": "installed",
      "namespacePrefix": "SBQQ",
      "type": "ApexComponent"
    },
    {
      "createdById": "00541000002RzpjAAC",
      "createdByName": "Dylan Gerow",
      "createdDate": "2017-03-31T15:13:03.000Z",
      "fileName": "components/SBQQ__signatureBlock.component",
      "fullName": "SBQQ__signatureBlock",
      "id": "099410000002W8GAAU",
      "lastModifiedById": "00541000002RzrVAAS",
      "lastModifiedByName": "Salesforce CPQ",
      "lastModifiedDate": "2023-02-13T00:03:34.000Z",
      "manageableState": "installed",
      "namespacePrefix": "SBQQ",
      "type": "ApexComponent"
    },
    {
      "createdById": "00541000002RzpjAAC",
      "createdByName": "Dylan Gerow",
      "createdDate": "2017-03-31T15:13:01.000Z",
      "fileName": "components/SBQQ__productLookupFilters.component",
      "fullName": "SBQQ__productLookupFilters",
      "id": "099410000002W7wAAE",
      "lastModifiedById": "00541000002RzrVAAS",
      "lastModifiedByName": "Salesforce CPQ",
      "lastModifiedDate": "2023-02-13T00:03:28.000Z",
      "manageableState": "installed",
      "namespacePrefix": "SBQQ",
      "type": "ApexComponent"
    },
    {
      "createdById": "00541000002RzpjAAC",
      "createdByName": "Dylan Gerow",
      "createdDate": "2017-03-31T15:13:03.000Z",
      "fileName": "components/SBQQ__salesInfo.component",
      "fullName": "SBQQ__salesInfo",
      "id": "099410000002W8DAAU",
      "lastModifiedById": "00541000002RzrVAAS",
      "lastModifiedByName": "Salesforce CPQ",
      "lastModifiedDate": "2023-02-13T00:03:34.000Z",
      "manageableState": "installed",
      "namespacePrefix": "SBQQ",
      "type": "ApexComponent"
    },
    {
      "createdById": "00541000002RzpjAAC",
      "createdByName": "Dylan Gerow",
      "createdDate": "2017-03-31T15:13:02.000Z",
      "fileName": "components/SBQQ__quoteDocumentOptions.component",
      "fullName": "SBQQ__quoteDocumentOptions",
      "id": "099410000002W82AAE",
      "lastModifiedById": "00541000002RzrVAAS",
      "lastModifiedByName": "Salesforce CPQ",
      "lastModifiedDate": "2023-02-13T00:03:29.000Z",
      "manageableState": "installed",
      "namespacePrefix": "SBQQ",
      "type": "ApexComponent"
    },
    {
      "createdById": "00541000002RzpjAAC",
      "createdByName": "Dylan Gerow",
      "createdDate": "2017-03-31T15:13:00.000Z",
      "fileName": "components/SBQQ__productConfigurationForm.component",
      "fullName": "SBQQ__productConfigurationForm",
      "id": "099410000002W7sAAE",
      "lastModifiedById": "00541000002RzrVAAS",
      "lastModifiedByName": "Salesforce CPQ",
      "lastModifiedDate": "2023-02-13T00:03:23.000Z",
      "manageableState": "installed",
      "namespacePrefix": "SBQQ",
      "type": "ApexComponent"
    },
    {
      "createdById": "00541000002RzpjAAC",
      "createdByName": "Dylan Gerow",
      "createdDate": "2017-03-31T15:13:03.000Z",
      "fileName": "components/SBQQ__quoteTermsEditor.component",
      "fullName": "SBQQ__quoteTermsEditor",
      "id": "099410000002W8AAAU",
      "lastModifiedById": "00541000002RzrVAAS",
      "lastModifiedByName": "Salesforce CPQ",
      "lastModifiedDate": "2023-02-13T00:03:33.000Z",
      "manageableState": "installed",
      "namespacePrefix": "SBQQ",
      "type": "ApexComponent"
    },
    {
      "createdById": "0053f00000145zgAAA",
      "createdByName": "Nathan Wylder",
      "createdDate": "2021-03-04T22:12:43.000Z",
      "fileName": "components/dsfs__EnvelopeHeader.component",
      "fullName": "dsfs__EnvelopeHeader",
      "id": "0993f00000000HVAAY",
      "lastModifiedById": "0053f00000145zgAAA",
      "lastModifiedByName": "Nathan Wylder",
      "lastModifiedDate": "2021-03-04T22:12:43.000Z",
      "manageableState": "installed",
      "namespacePrefix": "dsfs",
      "type": "ApexComponent"
    },
    {
      "createdById": "0053f0000016G9aAAE",
      "createdByName": "Levi Kurtright",
      "createdDate": "2020-11-19T15:23:08.000Z",
      "fileName": "components/sbaa__relatedList.component",
      "fullName": "sbaa__relatedList",
      "id": "0993f000000PB8KAAW",
      "lastModifiedById": "0053f0000019650AAA",
      "lastModifiedByName": "Advanced Approvals",
      "lastModifiedDate": "2022-12-07T16:16:21.000Z",
      "manageableState": "installed",
      "namespacePrefix": "sbaa",
      "type": "ApexComponent"
    },
    {
      "createdById": "00541000002RzpjAAC",
      "createdByName": "Dylan Gerow",
      "createdDate": "2017-03-31T15:12:59.000Z",
      "fileName": "components/SBQQ__datePicker.component",
      "fullName": "SBQQ__datePicker",
      "id": "099410000002W7TAAU",
      "lastModifiedById": "00541000002RzrVAAS",
      "lastModifiedByName": "Salesforce CPQ",
      "lastModifiedDate": "2023-02-13T00:03:17.000Z",
      "manageableState": "installed",
      "namespacePrefix": "SBQQ",
      "type": "ApexComponent"
    },
    {
      "createdById": "0053f0000016G9aAAE",
      "createdByName": "Levi Kurtright",
      "createdDate": "2020-11-19T15:23:08.000Z",
      "fileName": "components/sbaa__approvalCard.component",
      "fullName": "sbaa__approvalCard",
      "id": "0993f000000PB8HAAW",
      "lastModifiedById": "0053f0000019650AAA",
      "lastModifiedByName": "Advanced Approvals",
      "lastModifiedDate": "2022-12-07T16:16:20.000Z",
      "manageableState": "installed",
      "namespacePrefix": "sbaa",
      "type": "ApexComponent"
    },
    {
      "createdById": "00541000002RzpjAAC",
      "createdByName": "Dylan Gerow",
      "createdDate": "2017-05-11T13:53:36.000Z",
      "fileName": "components/dlrs__zip.component",
      "fullName": "dlrs__zip",
      "id": "09941000000dbizAAA",
      "lastModifiedById": "0053f00000145zgAAA",
      "lastModifiedByName": "Nathan Wylder",
      "lastModifiedDate": "2021-04-06T18:51:52.000Z",
      "manageableState": "installed",
      "namespacePrefix": "dlrs",
      "type": "ApexComponent"
    },
    {
      "createdById": "00541000002RzpjAAC",
      "createdByName": "Dylan Gerow",
      "createdDate": "2017-03-31T15:13:01.000Z",
      "fileName": "components/SBQQ__productLookupProcessInputs.component",
      "fullName": "SBQQ__productLookupProcessInputs",
      "id": "099410000002W7xAAE",
      "lastModifiedById": "00541000002RzrVAAS",
      "lastModifiedByName": "Salesforce CPQ",
      "lastModifiedDate": "2023-02-13T00:03:28.000Z",
      "manageableState": "installed",
      "namespacePrefix": "SBQQ",
      "type": "ApexComponent"
    },
    {
      "createdById": "0053f00000145zgAAA",
      "createdByName": "Nathan Wylder",
      "createdDate": "2021-03-04T22:12:42.000Z",
      "fileName": "components/dsfs__DocuSignActivateMembers.component",
      "fullName": "dsfs__DocuSignActivateMembers",
      "id": "0993f00000000HNAAY",
      "lastModifiedById": "0053f00000145zgAAA",
      "lastModifiedByName": "Nathan Wylder",
      "lastModifiedDate": "2021-03-04T22:14:05.000Z",
      "manageableState": "installed",
      "namespacePrefix": "dsfs",
      "type": "ApexComponent"
    },
    {
      "createdById": "00541000003Aq3qAAC",
      "createdByName": "Jessica Deal",
      "createdDate": "2017-06-01T19:40:25.000Z",
      "fileName": "components/accessDenied.component",
      "fullName": "accessDenied",
      "id": "09941000000dhcPAAQ",
      "lastModifiedById": "00541000003Aq3qAAC",
      "lastModifiedByName": "Jessica Deal",
      "lastModifiedDate": "2017-06-01T19:40:25.000Z",
      "manageableState": "unmanaged",
      "type": "ApexComponent"
    },
    {
      "createdById": "00541000002RzpjAAC",
      "createdByName": "Dylan Gerow",
      "createdDate": "2017-03-31T15:12:59.000Z",
      "fileName": "components/SBQQ__favoritesManager.component",
      "fullName": "SBQQ__favoritesManager",
      "id": "099410000002W7bAAE",
      "lastModifiedById": "00541000002RzrVAAS",
      "lastModifiedByName": "Salesforce CPQ",
      "lastModifiedDate": "2023-02-13T00:03:18.000Z",
      "manageableState": "installed",
      "namespacePrefix": "SBQQ",
      "type": "ApexComponent"
    },
    {
      "createdById": "00541000002RzpjAAC",
      "createdByName": "Dylan Gerow",
      "createdDate": "2017-03-31T15:13:02.000Z",
      "fileName": "components/SBQQ__quoteLineActions.component",
      "fullName": "SBQQ__quoteLineActions",
      "id": "099410000002W85AAE",
      "lastModifiedById": "00541000002RzrVAAS",
      "lastModifiedByName": "Salesforce CPQ",
      "lastModifiedDate": "2023-02-13T00:03:30.000Z",
      "manageableState": "installed",
      "namespacePrefix": "SBQQ",
      "type": "ApexComponent"
    },
    {
      "createdById": "00541000002RzrVAAS",
      "createdByName": "Salesforce CPQ",
      "createdDate": "2021-02-13T07:27:11.000Z",
      "fileName": "components/SBQQ__polymer3Page.component",
      "fullName": "SBQQ__polymer3Page",
      "id": "0993f000000PBA4AAO",
      "lastModifiedById": "00541000002RzrVAAS",
      "lastModifiedByName": "Salesforce CPQ",
      "lastModifiedDate": "2023-02-13T00:03:14.000Z",
      "manageableState": "installed",
      "namespacePrefix": "SBQQ",
      "type": "ApexComponent"
    },
    {
      "createdById": "00541000002RzpjAAC",
      "createdByName": "Dylan Gerow",
      "createdDate": "2017-03-31T15:12:58.000Z",
      "fileName": "components/SBQQ__configurationSummary.component",
      "fullName": "SBQQ__configurationSummary",
      "id": "099410000002W7OAAU",
      "lastModifiedById": "00541000002RzrVAAS",
      "lastModifiedByName": "Salesforce CPQ",
      "lastModifiedDate": "2023-02-13T00:03:16.000Z",
      "manageableState": "installed",
      "namespacePrefix": "SBQQ",
      "type": "ApexComponent"
    },
    {
      "createdById": "00541000002RzpjAAC",
      "createdByName": "Dylan Gerow",
      "createdDate": "2017-03-31T15:13:01.000Z",
      "fileName": "components/SBQQ__productFeatures.component",
      "fullName": "SBQQ__productFeatures",
      "id": "099410000002W7uAAE",
      "lastModifiedById": "00541000002RzrVAAS",
      "lastModifiedByName": "Salesforce CPQ",
      "lastModifiedDate": "2023-02-13T00:03:26.000Z",
      "manageableState": "installed",
      "namespacePrefix": "SBQQ",
      "type": "ApexComponent"
    },
    {
      "createdById": "00541000002RzpjAAC",
      "createdByName": "Dylan Gerow",
      "createdDate": "2017-03-31T15:13:00.000Z",
      "fileName": "components/SBQQ__pageHeader.component",
      "fullName": "SBQQ__pageHeader",
      "id": "099410000002W7pAAE",
      "lastModifiedById": "00541000002RzrVAAS",
      "lastModifiedByName": "Salesforce CPQ",
      "lastModifiedDate": "2023-02-13T00:03:23.000Z",
      "manageableState": "installed",
      "namespacePrefix": "SBQQ",
      "type": "ApexComponent"
    },
    {
      "createdById": "0053f00000145zgAAA",
      "createdByName": "Nathan Wylder",
      "createdDate": "2021-03-04T22:12:42.000Z",
      "fileName": "components/dsfs__DocuSignListView.component",
      "fullName": "dsfs__DocuSignListView",
      "id": "0993f00000000HTAAY",
      "lastModifiedById": "0053f00000145zgAAA",
      "lastModifiedByName": "Nathan Wylder",
      "lastModifiedDate": "2021-03-04T22:14:06.000Z",
      "manageableState": "installed",
      "namespacePrefix": "dsfs",
      "type": "ApexComponent"
    },
    {
      "createdById": "00541000002RzpjAAC",
      "createdByName": "Dylan Gerow",
      "createdDate": "2017-03-31T15:12:59.000Z",
      "fileName": "components/SBQQ__discountScheduleTable.component",
      "fullName": "SBQQ__discountScheduleTable",
      "id": "099410000002W7VAAU",
      "lastModifiedById": "00541000002RzrVAAS",
      "lastModifiedByName": "Salesforce CPQ",
      "lastModifiedDate": "2023-02-13T00:03:18.000Z",
      "manageableState": "installed",
      "namespacePrefix": "SBQQ",
      "type": "ApexComponent"
    },
    {
      "createdById": "00541000002RzpjAAC",
      "createdByName": "Dylan Gerow",
      "createdDate": "2017-03-31T15:13:02.000Z",
      "fileName": "components/SBQQ__quoteDocumentContentSelector.component",
      "fullName": "SBQQ__quoteDocumentContentSelector",
      "id": "099410000002W81AAE",
      "lastModifiedById": "00541000002RzrVAAS",
      "lastModifiedByName": "Salesforce CPQ",
      "lastModifiedDate": "2023-02-13T00:03:28.000Z",
      "manageableState": "installed",
      "namespacePrefix": "SBQQ",
      "type": "ApexComponent"
    },
    {
      "createdById": "00541000002RzpjAAC",
      "createdByName": "Dylan Gerow",
      "createdDate": "2017-03-31T15:12:58.000Z",
      "fileName": "components/SBQQ__customSegmentsEditor.component",
      "fullName": "SBQQ__customSegmentsEditor",
      "id": "099410000002W7RAAU",
      "lastModifiedById": "00541000002RzrVAAS",
      "lastModifiedByName": "Salesforce CPQ",
      "lastModifiedDate": "2023-02-13T00:03:16.000Z",
      "manageableState": "installed",
      "namespacePrefix": "SBQQ",
      "type": "ApexComponent"
    },
    {
      "createdById": "0053f00000145zgAAA",
      "createdByName": "Nathan Wylder",
      "createdDate": "2021-03-04T22:12:42.000Z",
      "fileName": "components/dsfs__DocuSignListPagination.component",
      "fullName": "dsfs__DocuSignListPagination",
      "id": "0993f00000000HSAAY",
      "lastModifiedById": "0053f00000145zgAAA",
      "lastModifiedByName": "Nathan Wylder",
      "lastModifiedDate": "2021-03-04T22:14:06.000Z",
      "manageableState": "installed",
      "namespacePrefix": "dsfs",
      "type": "ApexComponent"
    },
    {
      "createdById": "0053f00000145zgAAA",
      "createdByName": "Nathan Wylder",
      "createdDate": "2021-03-04T22:12:42.000Z",
      "fileName": "components/dsfs__CreateEnvelope.component",
      "fullName": "dsfs__CreateEnvelope",
      "id": "0993f00000000HMAAY",
      "lastModifiedById": "0053f00000145zgAAA",
      "lastModifiedByName": "Nathan Wylder",
      "lastModifiedDate": "2021-03-04T22:14:04.000Z",
      "manageableState": "installed",
      "namespacePrefix": "dsfs",
      "type": "ApexComponent"
    },
    {
      "createdById": "005410000064QVeAAM",
      "createdByName": "Rollup Helper",
      "createdDate": "2020-10-31T02:00:25.000Z",
      "fileName": "components/rh2__PS_PreviewRollups.component",
      "fullName": "rh2__PS_PreviewRollups",
      "id": "0993f000000PB4cAAG",
      "lastModifiedById": "005410000064QVeAAM",
      "lastModifiedByName": "Rollup Helper",
      "lastModifiedDate": "2021-07-24T02:06:09.000Z",
      "manageableState": "installed",
      "namespacePrefix": "rh2",
      "type": "ApexComponent"
    },
    {
      "createdById": "00541000002RzpjAAC",
      "createdByName": "Dylan Gerow",
      "createdDate": "2017-03-31T15:12:59.000Z",
      "fileName": "components/SBQQ__documentSections.component",
      "fullName": "SBQQ__documentSections",
      "id": "099410000002W7ZAAU",
      "lastModifiedById": "00541000002RzrVAAS",
      "lastModifiedByName": "Salesforce CPQ",
      "lastModifiedDate": "2023-02-13T00:03:18.000Z",
      "manageableState": "installed",
      "namespacePrefix": "SBQQ",
      "type": "ApexComponent"
    },
    {
      "createdById": "00541000004SMkpAAG",
      "createdByName": "SFDC Support",
      "createdDate": "2018-04-24T21:25:19.000Z",
      "fileName": "components/rh2__zipEntry.component",
      "fullName": "rh2__zipEntry",
      "id": "09941000001112XAAQ",
      "lastModifiedById": "005410000064QVeAAM",
      "lastModifiedByName": "Rollup Helper",
      "lastModifiedDate": "2021-07-24T02:05:29.000Z",
      "manageableState": "installed",
      "namespacePrefix": "rh2",
      "type": "ApexComponent"
    },
    {
      "createdById": "00541000002RzpjAAC",
      "createdByName": "Dylan Gerow",
      "createdDate": "2017-03-31T15:13:00.000Z",
      "fileName": "components/SBQQ__pageBlock.component",
      "fullName": "SBQQ__pageBlock",
      "id": "099410000002W7mAAE",
      "lastModifiedById": "00541000002RzrVAAS",
      "lastModifiedByName": "Salesforce CPQ",
      "lastModifiedDate": "2023-02-13T00:03:23.000Z",
      "manageableState": "installed",
      "namespacePrefix": "SBQQ",
      "type": "ApexComponent"
    },
    {
      "createdById": "00541000002RzpjAAC",
      "createdByName": "Dylan Gerow",
      "createdDate": "2017-03-31T15:12:59.000Z",
      "fileName": "components/SBQQ__featureOptions.component",
      "fullName": "SBQQ__featureOptions",
      "id": "099410000002W7cAAE",
      "lastModifiedById": "00541000002RzrVAAS",
      "lastModifiedByName": "Salesforce CPQ",
      "lastModifiedDate": "2023-02-13T00:03:19.000Z",
      "manageableState": "installed",
      "namespacePrefix": "SBQQ",
      "type": "ApexComponent"
    },
    {
      "createdById": "0053f00000145zgAAA",
      "createdByName": "Nathan Wylder",
      "createdDate": "2021-03-04T22:12:43.000Z",
      "fileName": "components/dsfs__StatusHeader.component",
      "fullName": "dsfs__StatusHeader",
      "id": "0993f00000000HXAAY",
      "lastModifiedById": "0053f00000145zgAAA",
      "lastModifiedByName": "Nathan Wylder",
      "lastModifiedDate": "2021-03-04T22:12:43.000Z",
      "manageableState": "installed",
      "namespacePrefix": "dsfs",
      "type": "ApexComponent"
    },
    {
      "createdById": "00541000002RzpjAAC",
      "createdByName": "Dylan Gerow",
      "createdDate": "2017-03-31T15:13:04.000Z",
      "fileName": "components/SBQQ__summaryRow.component",
      "fullName": "SBQQ__summaryRow",
      "id": "099410000002W8KAAU",
      "lastModifiedById": "00541000002RzrVAAS",
      "lastModifiedByName": "Salesforce CPQ",
      "lastModifiedDate": "2023-02-13T00:03:35.000Z",
      "manageableState": "installed",
      "namespacePrefix": "SBQQ",
      "type": "ApexComponent"
    },
    {
      "createdById": "00541000002RzpjAAC",
      "createdByName": "Dylan Gerow",
      "createdDate": "2017-03-31T15:13:04.000Z",
      "fileName": "components/SBQQ__tab.component",
      "fullName": "SBQQ__tab",
      "id": "099410000002W8LAAU",
      "lastModifiedById": "00541000002RzrVAAS",
      "lastModifiedByName": "Salesforce CPQ",
      "lastModifiedDate": "2023-02-13T00:03:35.000Z",
      "manageableState": "installed",
      "namespacePrefix": "SBQQ",
      "type": "ApexComponent"
    },
    {
      "createdById": "00541000002RzpjAAC",
      "createdByName": "Dylan Gerow",
      "createdDate": "2017-03-31T15:12:59.000Z",
      "fileName": "components/SBQQ__messages.component",
      "fullName": "SBQQ__messages",
      "id": "099410000002W7gAAE",
      "lastModifiedById": "00541000002RzrVAAS",
      "lastModifiedByName": "Salesforce CPQ",
      "lastModifiedDate": "2023-02-13T00:03:22.000Z",
      "manageableState": "installed",
      "namespacePrefix": "SBQQ",
      "type": "ApexComponent"
    },
    {
      "createdById": "00541000002RzpjAAC",
      "createdByName": "Dylan Gerow",
      "createdDate": "2017-03-31T15:12:58.000Z",
      "fileName": "components/SBQQ__customLookup.component",
      "fullName": "SBQQ__customLookup",
      "id": "099410000002W7QAAU",
      "lastModifiedById": "00541000002RzrVAAS",
      "lastModifiedByName": "Salesforce CPQ",
      "lastModifiedDate": "2023-02-13T00:03:16.000Z",
      "manageableState": "installed",
      "namespacePrefix": "SBQQ",
      "type": "ApexComponent"
    },
    {
      "createdById": "00541000002RzpjAAC",
      "createdByName": "Dylan Gerow",
      "createdDate": "2017-03-31T15:12:59.000Z",
      "fileName": "components/SBQQ__multiLineText.component",
      "fullName": "SBQQ__multiLineText",
      "id": "099410000002W7iAAE",
      "lastModifiedById": "00541000002RzrVAAS",
      "lastModifiedByName": "Salesforce CPQ",
      "lastModifiedDate": "2023-02-13T00:03:22.000Z",
      "manageableState": "installed",
      "namespacePrefix": "SBQQ",
      "type": "ApexComponent"
    },
    {
      "createdById": "00541000004SMkpAAG",
      "createdByName": "SFDC Support",
      "createdDate": "2018-04-24T21:25:19.000Z",
      "fileName": "components/rh2__FormatPageMessage.component",
      "fullName": "rh2__FormatPageMessage",
      "id": "09941000001112QAAQ",
      "lastModifiedById": "005410000064QVeAAM",
      "lastModifiedByName": "Rollup Helper",
      "lastModifiedDate": "2021-07-24T02:05:24.000Z",
      "manageableState": "installed",
      "namespacePrefix": "rh2",
      "type": "ApexComponent"
    },
    {
      "createdById": "0053f00000145zgAAA",
      "createdByName": "Nathan Wylder",
      "createdDate": "2021-03-04T22:12:42.000Z",
      "fileName": "components/dsfs__DocuSignIFrame.component",
      "fullName": "dsfs__DocuSignIFrame",
      "id": "0993f00000000HQAAY",
      "lastModifiedById": "0053f00000145zgAAA",
      "lastModifiedByName": "Nathan Wylder",
      "lastModifiedDate": "2021-03-04T22:12:42.000Z",
      "manageableState": "installed",
      "namespacePrefix": "dsfs",
      "type": "ApexComponent"
    },
    {
      "createdById": "00541000002RzpjAAC",
      "createdByName": "Dylan Gerow",
      "createdDate": "2017-03-31T15:13:02.000Z",
      "fileName": "components/SBQQ__quoteGroupEditor.component",
      "fullName": "SBQQ__quoteGroupEditor",
      "id": "099410000002W83AAE",
      "lastModifiedById": "00541000002RzrVAAS",
      "lastModifiedByName": "Salesforce CPQ",
      "lastModifiedDate": "2023-02-13T00:03:29.000Z",
      "manageableState": "installed",
      "namespacePrefix": "SBQQ",
      "type": "ApexComponent"
    },
    {
      "createdById": "00541000002RzpjAAC",
      "createdByName": "Dylan Gerow",
      "createdDate": "2017-03-31T15:13:03.000Z",
      "fileName": "components/SBQQ__quoteTotals.component",
      "fullName": "SBQQ__quoteTotals",
      "id": "099410000002W8BAAU",
      "lastModifiedById": "00541000002RzrVAAS",
      "lastModifiedByName": "Salesforce CPQ",
      "lastModifiedDate": "2023-02-13T00:03:33.000Z",
      "manageableState": "installed",
      "namespacePrefix": "SBQQ",
      "type": "ApexComponent"
    },
    {
      "createdById": "00541000002RzpjAAC",
      "createdByName": "Dylan Gerow",
      "createdDate": "2017-03-31T15:13:02.000Z",
      "fileName": "components/SBQQ__productUpgrader.component",
      "fullName": "SBQQ__productUpgrader",
      "id": "099410000002W80AAE",
      "lastModifiedById": "00541000002RzrVAAS",
      "lastModifiedByName": "Salesforce CPQ",
      "lastModifiedDate": "2023-02-13T00:03:28.000Z",
      "manageableState": "installed",
      "namespacePrefix": "SBQQ",
      "type": "ApexComponent"
    },
    {
      "createdById": "0053f00000145zgAAA",
      "createdByName": "Nathan Wylder",
      "createdDate": "2021-03-04T22:12:42.000Z",
      "fileName": "components/dsfs__DocuSignVoidEnvelope.component",
      "fullName": "dsfs__DocuSignVoidEnvelope",
      "id": "0993f00000000HUAAY",
      "lastModifiedById": "0053f00000145zgAAA",
      "lastModifiedByName": "Nathan Wylder",
      "lastModifiedDate": "2021-03-04T22:12:42.000Z",
      "manageableState": "installed",
      "namespacePrefix": "dsfs",
      "type": "ApexComponent"
    },
    {
      "createdById": "00541000004SMkpAAG",
      "createdByName": "SFDC Support",
      "createdDate": "2018-04-24T21:25:19.000Z",
      "fileName": "components/rh2__Paginate.component",
      "fullName": "rh2__Paginate",
      "id": "09941000001112UAAQ",
      "lastModifiedById": "005410000064QVeAAM",
      "lastModifiedByName": "Rollup Helper",
      "lastModifiedDate": "2021-07-24T02:05:28.000Z",
      "manageableState": "installed",
      "namespacePrefix": "rh2",
      "type": "ApexComponent"
    },
    {
      "createdById": "00541000002RzpjAAC",
      "createdByName": "Dylan Gerow",
      "createdDate": "2017-03-31T15:13:00.000Z",
      "fileName": "components/SBQQ__pageNumber.component",
      "fullName": "SBQQ__pageNumber",
      "id": "099410000002W7qAAE",
      "lastModifiedById": "00541000002RzrVAAS",
      "lastModifiedByName": "Salesforce CPQ",
      "lastModifiedDate": "2023-02-13T00:03:23.000Z",
      "manageableState": "installed",
      "namespacePrefix": "SBQQ",
      "type": "ApexComponent"
    },
    {
      "createdById": "00541000004SMkpAAG",
      "createdByName": "SFDC Support",
      "createdDate": "2018-04-24T21:25:19.000Z",
      "fileName": "components/rh2__PS_Rollup_Runner.component",
      "fullName": "rh2__PS_Rollup_Runner",
      "id": "09941000001112SAAQ",
      "lastModifiedById": "005410000064QVeAAM",
      "lastModifiedByName": "Rollup Helper",
      "lastModifiedDate": "2021-07-24T02:05:28.000Z",
      "manageableState": "installed",
      "namespacePrefix": "rh2",
      "type": "ApexComponent"
    },
    {
      "createdById": "00541000002RzpjAAC",
      "createdByName": "Dylan Gerow",
      "createdDate": "2017-03-31T15:13:01.000Z",
      "fileName": "components/SBQQ__productRuleAlert.component",
      "fullName": "SBQQ__productRuleAlert",
      "id": "099410000002W7zAAE",
      "lastModifiedById": "00541000002RzrVAAS",
      "lastModifiedByName": "Salesforce CPQ",
      "lastModifiedDate": "2023-02-13T00:03:28.000Z",
      "manageableState": "installed",
      "namespacePrefix": "SBQQ",
      "type": "ApexComponent"
    },
    {
      "createdById": "00541000002RzpjAAC",
      "createdByName": "Dylan Gerow",
      "createdDate": "2017-03-31T15:13:03.000Z",
      "fileName": "components/SBQQ__richText.component",
      "fullName": "SBQQ__richText",
      "id": "099410000002W8CAAU",
      "lastModifiedById": "00541000002RzrVAAS",
      "lastModifiedByName": "Salesforce CPQ",
      "lastModifiedDate": "2023-02-13T00:03:34.000Z",
      "manageableState": "installed",
      "namespacePrefix": "SBQQ",
      "type": "ApexComponent"
    },
    {
      "createdById": "00541000002RzpjAAC",
      "createdByName": "Dylan Gerow",
      "createdDate": "2017-03-31T15:13:02.000Z",
      "fileName": "components/SBQQ__quoteLineEditorButtons.component",
      "fullName": "SBQQ__quoteLineEditorButtons",
      "id": "099410000002W87AAE",
      "lastModifiedById": "00541000002RzrVAAS",
      "lastModifiedByName": "Salesforce CPQ",
      "lastModifiedDate": "2023-02-13T00:03:32.000Z",
      "manageableState": "installed",
      "namespacePrefix": "SBQQ",
      "type": "ApexComponent"
    },
    {
      "createdById": "00541000003Aq3qAAC",
      "createdByName": "Jessica Deal",
      "createdDate": "2017-06-01T19:40:25.000Z",
      "fileName": "components/countySearch.component",
      "fullName": "countySearch",
      "id": "09941000000dhcQAAQ",
      "lastModifiedById": "00541000003Aq3qAAC",
      "lastModifiedByName": "Jessica Deal",
      "lastModifiedDate": "2017-06-01T19:40:25.000Z",
      "manageableState": "unmanaged",
      "type": "ApexComponent"
    },
    {
      "createdById": "00541000004SMkpAAG",
      "createdByName": "SFDC Support",
      "createdDate": "2018-04-24T21:25:19.000Z",
      "fileName": "components/rh2__NFPDiscountForm.component",
      "fullName": "rh2__NFPDiscountForm",
      "id": "09941000001112RAAQ",
      "lastModifiedById": "005410000064QVeAAM",
      "lastModifiedByName": "Rollup Helper",
      "lastModifiedDate": "2021-07-24T02:05:25.000Z",
      "manageableState": "installed",
      "namespacePrefix": "rh2",
      "type": "ApexComponent"
    },
    {
      "createdById": "00541000002RzpjAAC",
      "createdByName": "Dylan Gerow",
      "createdDate": "2017-03-31T15:13:00.000Z",
      "fileName": "components/SBQQ__pageBlockSection.component",
      "fullName": "SBQQ__pageBlockSection",
      "id": "099410000002W7oAAE",
      "lastModifiedById": "00541000002RzrVAAS",
      "lastModifiedByName": "Salesforce CPQ",
      "lastModifiedDate": "2023-02-13T00:03:23.000Z",
      "manageableState": "installed",
      "namespacePrefix": "SBQQ",
      "type": "ApexComponent"
    },
    {
      "createdById": "00541000002RzpjAAC",
      "createdByName": "Dylan Gerow",
      "createdDate": "2017-03-31T15:13:00.000Z",
      "fileName": "components/SBQQ__optionLookupFilters.component",
      "fullName": "SBQQ__optionLookupFilters",
      "id": "099410000002W7kAAE",
      "lastModifiedById": "00541000002RzrVAAS",
      "lastModifiedByName": "Salesforce CPQ",
      "lastModifiedDate": "2023-02-13T00:03:23.000Z",
      "manageableState": "installed",
      "namespacePrefix": "SBQQ",
      "type": "ApexComponent"
    },
    {
      "createdById": "0053f00000145zgAAA",
      "createdByName": "Nathan Wylder",
      "createdDate": "2021-03-04T22:12:42.000Z",
      "fileName": "components/dsfs__DocuSignListFilter.component",
      "fullName": "dsfs__DocuSignListFilter",
      "id": "0993f00000000HRAAY",
      "lastModifiedById": "0053f00000145zgAAA",
      "lastModifiedByName": "Nathan Wylder",
      "lastModifiedDate": "2021-03-04T22:14:06.000Z",
      "manageableState": "installed",
      "namespacePrefix": "dsfs",
      "type": "ApexComponent"
    },
    {
      "createdById": "0053f00000145zgAAA",
      "createdByName": "Nathan Wylder",
      "createdDate": "2021-03-04T22:12:42.000Z",
      "fileName": "components/dsfs__DocuSignConsole.component",
      "fullName": "dsfs__DocuSignConsole",
      "id": "0993f00000000HPAAY",
      "lastModifiedById": "0053f00000145zgAAA",
      "lastModifiedByName": "Nathan Wylder",
      "lastModifiedDate": "2021-03-04T22:12:42.000Z",
      "manageableState": "installed",
      "namespacePrefix": "dsfs",
      "type": "ApexComponent"
    },
    {
      "createdById": "0053f00000145zgAAA",
      "createdByName": "Nathan Wylder",
      "createdDate": "2020-02-07T15:36:22.000Z",
      "fileName": "components/pi__FilteredFrame.component",
      "fullName": "pi__FilteredFrame",
      "id": "0993f000000PAv2AAG",
      "lastModifiedById": "0053f0000014nWOAAY",
      "lastModifiedByName": "Pardot",
      "lastModifiedDate": "2022-07-22T01:00:50.000Z",
      "manageableState": "installed",
      "namespacePrefix": "pi",
      "type": "ApexComponent"
    },
    {
      "createdById": "00541000002RzpjAAC",
      "createdByName": "Dylan Gerow",
      "createdDate": "2017-03-31T15:12:58.000Z",
      "fileName": "components/SBQQ__addToFavorites.component",
      "fullName": "SBQQ__addToFavorites",
      "id": "099410000002W7LAAU",
      "lastModifiedById": "00541000002RzrVAAS",
      "lastModifiedByName": "Salesforce CPQ",
      "lastModifiedDate": "2023-02-13T00:03:15.000Z",
      "manageableState": "installed",
      "namespacePrefix": "SBQQ",
      "type": "ApexComponent"
    },
    {
      "createdById": "00541000002RzpjAAC",
      "createdByName": "Dylan Gerow",
      "createdDate": "2017-03-31T15:13:04.000Z",
      "fileName": "components/SBQQ__themeStyles.component",
      "fullName": "SBQQ__themeStyles",
      "id": "099410000002W8PAAU",
      "lastModifiedById": "00541000002RzrVAAS",
      "lastModifiedByName": "Salesforce CPQ",
      "lastModifiedDate": "2022-11-09T21:44:44.000Z",
      "manageableState": "installed",
      "namespacePrefix": "SBQQ",
      "type": "ApexComponent"
    },
    {
      "createdById": "00541000002RzpjAAC",
      "createdByName": "Dylan Gerow",
      "createdDate": "2017-03-31T15:12:59.000Z",
      "fileName": "components/SBQQ__duelingListBox.component",
      "fullName": "SBQQ__duelingListBox",
      "id": "099410000002W7aAAE",
      "lastModifiedById": "00541000002RzrVAAS",
      "lastModifiedByName": "Salesforce CPQ",
      "lastModifiedDate": "2023-02-13T00:03:18.000Z",
      "manageableState": "installed",
      "namespacePrefix": "SBQQ",
      "type": "ApexComponent"
    },
    {
      "createdById": "00541000002RzpjAAC",
      "createdByName": "Dylan Gerow",
      "createdDate": "2017-03-31T15:13:00.000Z",
      "fileName": "components/SBQQ__paginationControls.component",
      "fullName": "SBQQ__paginationControls",
      "id": "099410000002W7rAAE",
      "lastModifiedById": "00541000002RzrVAAS",
      "lastModifiedByName": "Salesforce CPQ",
      "lastModifiedDate": "2023-02-13T00:03:23.000Z",
      "manageableState": "installed",
      "namespacePrefix": "SBQQ",
      "type": "ApexComponent"
    },
    {
      "createdById": "005410000064QVeAAM",
      "createdByName": "Rollup Helper",
      "createdDate": "2020-10-31T02:00:25.000Z",
      "fileName": "components/rh2__PS_Retry_Rollups.component",
      "fullName": "rh2__PS_Retry_Rollups",
      "id": "0993f000000PB4dAAG",
      "lastModifiedById": "005410000064QVeAAM",
      "lastModifiedByName": "Rollup Helper",
      "lastModifiedDate": "2021-07-24T02:05:28.000Z",
      "manageableState": "installed",
      "namespacePrefix": "rh2",
      "type": "ApexComponent"
    },
    {
      "createdById": "00541000002RzpjAAC",
      "createdByName": "Dylan Gerow",
      "createdDate": "2017-03-31T15:13:04.000Z",
      "fileName": "components/SBQQ__status.component",
      "fullName": "SBQQ__status",
      "id": "099410000002W8IAAU",
      "lastModifiedById": "00541000002RzrVAAS",
      "lastModifiedByName": "Salesforce CPQ",
      "lastModifiedDate": "2023-02-13T00:03:34.000Z",
      "manageableState": "installed",
      "namespacePrefix": "SBQQ",
      "type": "ApexComponent"
    },
    {
      "createdById": "00541000002RzpjAAC",
      "createdByName": "Dylan Gerow",
      "createdDate": "2017-03-31T15:13:04.000Z",
      "fileName": "components/SBQQ__subscriptionLookup.component",
      "fullName": "SBQQ__subscriptionLookup",
      "id": "099410000002W8JAAU",
      "lastModifiedById": "00541000002RzrVAAS",
      "lastModifiedByName": "Salesforce CPQ",
      "lastModifiedDate": "2023-02-13T00:03:34.000Z",
      "manageableState": "installed",
      "namespacePrefix": "SBQQ",
      "type": "ApexComponent"
    },
    {
      "createdById": "0053f00000145zgAAA",
      "createdByName": "Nathan Wylder",
      "createdDate": "2021-03-04T22:12:41.000Z",
      "fileName": "components/dsfs__Configuration.component",
      "fullName": "dsfs__Configuration",
      "id": "0993f00000000HLAAY",
      "lastModifiedById": "0053f00000145zgAAA",
      "lastModifiedByName": "Nathan Wylder",
      "lastModifiedDate": "2021-03-04T22:12:41.000Z",
      "manageableState": "installed",
      "namespacePrefix": "dsfs",
      "type": "ApexComponent"
    },
    {
      "createdById": "00541000002RzpjAAC",
      "createdByName": "Dylan Gerow",
      "createdDate": "2017-03-31T15:13:04.000Z",
      "fileName": "components/SBQQ__tabPanel.component",
      "fullName": "SBQQ__tabPanel",
      "id": "099410000002W8MAAU",
      "lastModifiedById": "00541000002RzrVAAS",
      "lastModifiedByName": "Salesforce CPQ",
      "lastModifiedDate": "2023-02-13T00:03:35.000Z",
      "manageableState": "installed",
      "namespacePrefix": "SBQQ",
      "type": "ApexComponent"
    },
    {
      "createdById": "0053f00000145zgAAA",
      "createdByName": "Nathan Wylder",
      "createdDate": "2021-03-04T22:12:42.000Z",
      "fileName": "components/dsfs__DocuSignAdvCorrect.component",
      "fullName": "dsfs__DocuSignAdvCorrect",
      "id": "0993f00000000HOAAY",
      "lastModifiedById": "0053f00000145zgAAA",
      "lastModifiedByName": "Nathan Wylder",
      "lastModifiedDate": "2021-03-04T22:12:42.000Z",
      "manageableState": "installed",
      "namespacePrefix": "dsfs",
      "type": "ApexComponent"
    },
    {
      "createdById": "00541000002RzpjAAC",
      "createdByName": "Dylan Gerow",
      "createdDate": "2017-03-31T15:13:02.000Z",
      "fileName": "components/SBQQ__quoteLineRow.component",
      "fullName": "SBQQ__quoteLineRow",
      "id": "099410000002W88AAE",
      "lastModifiedById": "00541000002RzrVAAS",
      "lastModifiedByName": "Salesforce CPQ",
      "lastModifiedDate": "2023-02-13T00:03:32.000Z",
      "manageableState": "installed",
      "namespacePrefix": "SBQQ",
      "type": "ApexComponent"
    },
    {
      "createdById": "00541000002RzpjAAC",
      "createdByName": "Dylan Gerow",
      "createdDate": "2017-03-31T15:12:59.000Z",
      "fileName": "components/SBQQ__documentFooter.component",
      "fullName": "SBQQ__documentFooter",
      "id": "099410000002W7WAAU",
      "lastModifiedById": "00541000002RzrVAAS",
      "lastModifiedByName": "Salesforce CPQ",
      "lastModifiedDate": "2023-02-13T00:03:18.000Z",
      "manageableState": "installed",
      "namespacePrefix": "SBQQ",
      "type": "ApexComponent"
    },
    {
      "createdById": "00541000002RzpjAAC",
      "createdByName": "Dylan Gerow",
      "createdDate": "2017-03-31T15:12:59.000Z",
      "fileName": "components/SBQQ__documentHeader.component",
      "fullName": "SBQQ__documentHeader",
      "id": "099410000002W7XAAU",
      "lastModifiedById": "00541000002RzrVAAS",
      "lastModifiedByName": "Salesforce CPQ",
      "lastModifiedDate": "2023-02-13T00:03:18.000Z",
      "manageableState": "installed",
      "namespacePrefix": "SBQQ",
      "type": "ApexComponent"
    },
    {
      "createdById": "00541000002RzpjAAC",
      "createdByName": "Dylan Gerow",
      "createdDate": "2017-03-31T15:13:04.000Z",
      "fileName": "components/SBQQ__tabs.component",
      "fullName": "SBQQ__tabs",
      "id": "099410000002W8NAAU",
      "lastModifiedById": "00541000002RzrVAAS",
      "lastModifiedByName": "Salesforce CPQ",
      "lastModifiedDate": "2023-02-13T00:03:35.000Z",
      "manageableState": "installed",
      "namespacePrefix": "SBQQ",
      "type": "ApexComponent"
    },
    {
      "createdById": "00541000002RzpjAAC",
      "createdByName": "Dylan Gerow",
      "createdDate": "2017-03-31T15:12:59.000Z",
      "fileName": "components/SBQQ__lineItemGroups.component",
      "fullName": "SBQQ__lineItemGroups",
      "id": "099410000002W7eAAE",
      "lastModifiedById": "00541000002RzrVAAS",
      "lastModifiedByName": "Salesforce CPQ",
      "lastModifiedDate": "2023-02-13T00:03:19.000Z",
      "manageableState": "installed",
      "namespacePrefix": "SBQQ",
      "type": "ApexComponent"
    },
    {
      "createdById": "005410000064QVeAAM",
      "createdByName": "Rollup Helper",
      "createdDate": "2020-10-31T02:00:24.000Z",
      "fileName": "components/rh2__Loading_Spinner.component",
      "fullName": "rh2__Loading_Spinner",
      "id": "0993f000000PB4ZAAW",
      "lastModifiedById": "005410000064QVeAAM",
      "lastModifiedByName": "Rollup Helper",
      "lastModifiedDate": "2021-07-24T02:05:25.000Z",
      "manageableState": "installed",
      "namespacePrefix": "rh2",
      "type": "ApexComponent"
    },
    {
      "createdById": "00541000002RzpjAAC",
      "createdByName": "Dylan Gerow",
      "createdDate": "2017-03-31T15:12:58.000Z",
      "fileName": "components/SBQQ__companyInfo.component",
      "fullName": "SBQQ__companyInfo",
      "id": "099410000002W7NAAU",
      "lastModifiedById": "00541000002RzrVAAS",
      "lastModifiedByName": "Salesforce CPQ",
      "lastModifiedDate": "2023-02-13T00:03:16.000Z",
      "manageableState": "installed",
      "namespacePrefix": "SBQQ",
      "type": "ApexComponent"
    },
    {
      "createdById": "00541000002RzpjAAC",
      "createdByName": "Dylan Gerow",
      "createdDate": "2017-03-31T15:12:59.000Z",
      "fileName": "components/SBQQ__layoutMasterSet.component",
      "fullName": "SBQQ__layoutMasterSet",
      "id": "099410000002W7dAAE",
      "lastModifiedById": "00541000002RzrVAAS",
      "lastModifiedByName": "Salesforce CPQ",
      "lastModifiedDate": "2023-02-13T00:03:19.000Z",
      "manageableState": "installed",
      "namespacePrefix": "SBQQ",
      "type": "ApexComponent"
    },
    {
      "createdById": "00541000002RzpjAAC",
      "createdByName": "Dylan Gerow",
      "createdDate": "2017-03-31T15:12:59.000Z",
      "fileName": "components/SBQQ__documentSection.component",
      "fullName": "SBQQ__documentSection",
      "id": "099410000002W7YAAU",
      "lastModifiedById": "00541000002RzrVAAS",
      "lastModifiedByName": "Salesforce CPQ",
      "lastModifiedDate": "2023-02-13T00:03:18.000Z",
      "manageableState": "installed",
      "namespacePrefix": "SBQQ",
      "type": "ApexComponent"
    },
    {
      "createdById": "00541000002RzpjAAC",
      "createdByName": "Dylan Gerow",
      "createdDate": "2017-03-31T15:13:03.000Z",
      "fileName": "components/SBQQ__sb_labels.component",
      "fullName": "SBQQ__sb_labels",
      "id": "099410000002W8EAAU",
      "lastModifiedById": "00541000002RzrVAAS",
      "lastModifiedByName": "Salesforce CPQ",
      "lastModifiedDate": "2023-02-13T00:03:34.000Z",
      "manageableState": "installed",
      "namespacePrefix": "SBQQ",
      "type": "ApexComponent"
    },
    {
      "createdById": "0053f0000016G9aAAE",
      "createdByName": "Levi Kurtright",
      "createdDate": "2020-11-19T15:23:08.000Z",
      "fileName": "components/sbaa__pageHeader.component",
      "fullName": "sbaa__pageHeader",
      "id": "0993f000000PB8JAAW",
      "lastModifiedById": "0053f0000019650AAA",
      "lastModifiedByName": "Advanced Approvals",
      "lastModifiedDate": "2022-12-07T16:16:21.000Z",
      "manageableState": "installed",
      "namespacePrefix": "sbaa",
      "type": "ApexComponent"
    },
    {
      "createdById": "00541000002RzpjAAC",
      "createdByName": "Dylan Gerow",
      "createdDate": "2017-03-31T15:13:01.000Z",
      "fileName": "components/SBQQ__productOptionLookup.component",
      "fullName": "SBQQ__productOptionLookup",
      "id": "099410000002W7yAAE",
      "lastModifiedById": "00541000002RzrVAAS",
      "lastModifiedByName": "Salesforce CPQ",
      "lastModifiedDate": "2023-02-13T00:03:28.000Z",
      "manageableState": "installed",
      "namespacePrefix": "SBQQ",
      "type": "ApexComponent"
    },
    {
      "createdById": "00541000004SMkpAAG",
      "createdByName": "SFDC Support",
      "createdDate": "2018-04-24T21:25:19.000Z",
      "fileName": "components/rh2__RemoteSiteHelper.component",
      "fullName": "rh2__RemoteSiteHelper",
      "id": "09941000001112VAAQ",
      "lastModifiedById": "005410000064QVeAAM",
      "lastModifiedByName": "Rollup Helper",
      "lastModifiedDate": "2021-07-24T02:05:28.000Z",
      "manageableState": "installed",
      "namespacePrefix": "rh2",
      "type": "ApexComponent"
    },
    {
      "createdById": "00541000002RzpjAAC",
      "createdByName": "Dylan Gerow",
      "createdDate": "2017-03-31T15:13:01.000Z",
      "fileName": "components/SBQQ__productLookup.component",
      "fullName": "SBQQ__productLookup",
      "id": "099410000002W7vAAE",
      "lastModifiedById": "00541000002RzrVAAS",
      "lastModifiedByName": "Salesforce CPQ",
      "lastModifiedDate": "2023-02-13T00:03:27.000Z",
      "manageableState": "installed",
      "namespacePrefix": "SBQQ",
      "type": "ApexComponent"
    },
    {
      "createdById": "0053f0000016G9aAAE",
      "createdByName": "Levi Kurtright",
      "createdDate": "2020-11-19T15:23:08.000Z",
      "fileName": "components/sbaa__approvalPreview.component",
      "fullName": "sbaa__approvalPreview",
      "id": "0993f000000PB8IAAW",
      "lastModifiedById": "0053f0000019650AAA",
      "lastModifiedByName": "Advanced Approvals",
      "lastModifiedDate": "2022-12-07T16:16:21.000Z",
      "manageableState": "installed",
      "namespacePrefix": "sbaa",
      "type": "ApexComponent"
    },
    {
      "createdById": "00541000002RzpjAAC",
      "createdByName": "Dylan Gerow",
      "createdDate": "2017-03-31T15:12:59.000Z",
      "fileName": "components/SBQQ__discountScheduleEditor.component",
      "fullName": "SBQQ__discountScheduleEditor",
      "id": "099410000002W7UAAU",
      "lastModifiedById": "00541000002RzrVAAS",
      "lastModifiedByName": "Salesforce CPQ",
      "lastModifiedDate": "2023-02-13T00:03:17.000Z",
      "manageableState": "installed",
      "namespacePrefix": "SBQQ",
      "type": "ApexComponent"
    },
    {
      "createdById": "00541000002RzpjAAC",
      "createdByName": "Dylan Gerow",
      "createdDate": "2017-03-31T15:12:59.000Z",
      "fileName": "components/SBQQ__lineItems.component",
      "fullName": "SBQQ__lineItems",
      "id": "099410000002W7fAAE",
      "lastModifiedById": "00541000002RzrVAAS",
      "lastModifiedByName": "Salesforce CPQ",
      "lastModifiedDate": "2023-02-13T00:03:21.000Z",
      "manageableState": "installed",
      "namespacePrefix": "SBQQ",
      "type": "ApexComponent"
    },
    {
      "createdById": "00541000002RzpjAAC",
      "createdByName": "Dylan Gerow",
      "createdDate": "2017-03-31T15:12:58.000Z",
      "fileName": "components/SBQQ__container.component",
      "fullName": "SBQQ__container",
      "id": "099410000002W7PAAU",
      "lastModifiedById": "00541000002RzrVAAS",
      "lastModifiedByName": "Salesforce CPQ",
      "lastModifiedDate": "2023-02-13T00:03:16.000Z",
      "manageableState": "installed",
      "namespacePrefix": "SBQQ",
      "type": "ApexComponent"
    },
    {
      "createdById": "00541000002RzpjAAC",
      "createdByName": "Dylan Gerow",
      "createdDate": "2017-03-31T15:13:03.000Z",
      "fileName": "components/SBQQ__shareFavorites.component",
      "fullName": "SBQQ__shareFavorites",
      "id": "099410000002W8FAAU",
      "lastModifiedById": "00541000002RzrVAAS",
      "lastModifiedByName": "Salesforce CPQ",
      "lastModifiedDate": "2023-02-13T00:03:34.000Z",
      "manageableState": "installed",
      "namespacePrefix": "SBQQ",
      "type": "ApexComponent"
    },
    {
      "createdById": "00541000002RzpjAAC",
      "createdByName": "Dylan Gerow",
      "createdDate": "2017-03-31T15:13:00.000Z",
      "fileName": "components/SBQQ__outputDynamicField.component",
      "fullName": "SBQQ__outputDynamicField",
      "id": "099410000002W7lAAE",
      "lastModifiedById": "00541000002RzrVAAS",
      "lastModifiedByName": "Salesforce CPQ",
      "lastModifiedDate": "2023-02-13T00:03:23.000Z",
      "manageableState": "installed",
      "namespacePrefix": "SBQQ",
      "type": "ApexComponent"
    },
    {
      "createdById": "00541000002RzpjAAC",
      "createdByName": "Dylan Gerow",
      "createdDate": "2017-03-31T15:13:02.000Z",
      "fileName": "components/SBQQ__quoteLineEditor.component",
      "fullName": "SBQQ__quoteLineEditor",
      "id": "099410000002W86AAE",
      "lastModifiedById": "00541000002RzrVAAS",
      "lastModifiedByName": "Salesforce CPQ",
      "lastModifiedDate": "2023-02-13T00:03:30.000Z",
      "manageableState": "installed",
      "namespacePrefix": "SBQQ",
      "type": "ApexComponent"
    },
    {
      "createdById": "00541000002RzpjAAC",
      "createdByName": "Dylan Gerow",
      "createdDate": "2017-03-31T15:13:02.000Z",
      "fileName": "components/SBQQ__quoteInfo.component",
      "fullName": "SBQQ__quoteInfo",
      "id": "099410000002W84AAE",
      "lastModifiedById": "00541000002RzrVAAS",
      "lastModifiedByName": "Salesforce CPQ",
      "lastModifiedDate": "2023-02-13T00:03:30.000Z",
      "manageableState": "installed",
      "namespacePrefix": "SBQQ",
      "type": "ApexComponent"
    },
    {
      "createdById": "00541000002RzpjAAC",
      "createdByName": "Dylan Gerow",
      "createdDate": "2017-03-31T15:12:58.000Z",
      "fileName": "components/SBQQ__assetLookup.component",
      "fullName": "SBQQ__assetLookup",
      "id": "099410000002W7MAAU",
      "lastModifiedById": "00541000002RzrVAAS",
      "lastModifiedByName": "Salesforce CPQ",
      "lastModifiedDate": "2023-02-13T00:03:15.000Z",
      "manageableState": "installed",
      "namespacePrefix": "SBQQ",
      "type": "ApexComponent"
    },
    {
      "createdById": "00541000002RzpjAAC",
      "createdByName": "Dylan Gerow",
      "createdDate": "2017-03-31T15:13:03.000Z",
      "fileName": "components/SBQQ__quoteTerms.component",
      "fullName": "SBQQ__quoteTerms",
      "id": "099410000002W89AAE",
      "lastModifiedById": "00541000002RzrVAAS",
      "lastModifiedByName": "Salesforce CPQ",
      "lastModifiedDate": "2023-02-13T00:03:32.000Z",
      "manageableState": "installed",
      "namespacePrefix": "SBQQ",
      "type": "ApexComponent"
    },
    {
      "createdById": "00541000002RzpjAAC",
      "createdByName": "Dylan Gerow",
      "createdDate": "2017-03-31T15:13:00.000Z",
      "fileName": "components/SBQQ__pageBlockHeader.component",
      "fullName": "SBQQ__pageBlockHeader",
      "id": "099410000002W7nAAE",
      "lastModifiedById": "00541000002RzrVAAS",
      "lastModifiedByName": "Salesforce CPQ",
      "lastModifiedDate": "2023-02-13T00:03:23.000Z",
      "manageableState": "installed",
      "namespacePrefix": "SBQQ",
      "type": "ApexComponent"
    },
    {
      "createdById": "00541000002RzpjAAC",
      "createdByName": "Dylan Gerow",
      "createdDate": "2017-03-31T15:13:04.000Z",
      "fileName": "components/SBQQ__standardRecalculating.component",
      "fullName": "SBQQ__standardRecalculating",
      "id": "099410000002W8HAAU",
      "lastModifiedById": "00541000002RzrVAAS",
      "lastModifiedByName": "Salesforce CPQ",
      "lastModifiedDate": "2023-02-13T00:03:34.000Z",
      "manageableState": "installed",
      "namespacePrefix": "SBQQ",
      "type": "ApexComponent"
    },
    {
      "createdById": "005410000064QVeAAM",
      "createdByName": "Rollup Helper",
      "createdDate": "2020-10-31T02:00:25.000Z",
      "fileName": "components/rh2__PS_Field_Check.component",
      "fullName": "rh2__PS_Field_Check",
      "id": "0993f000000PB4bAAG",
      "lastModifiedById": "005410000064QVeAAM",
      "lastModifiedByName": "Rollup Helper",
      "lastModifiedDate": "2021-07-24T02:05:26.000Z",
      "manageableState": "installed",
      "namespacePrefix": "rh2",
      "type": "ApexComponent"
    },
    {
      "createdById": "00541000004SMkpAAG",
      "createdByName": "SFDC Support",
      "createdDate": "2018-04-24T21:25:19.000Z",
      "fileName": "components/rh2__zip.component",
      "fullName": "rh2__zip",
      "id": "09941000001112WAAQ",
      "lastModifiedById": "005410000064QVeAAM",
      "lastModifiedByName": "Rollup Helper",
      "lastModifiedDate": "2021-07-24T02:05:29.000Z",
      "manageableState": "installed",
      "namespacePrefix": "rh2",
      "type": "ApexComponent"
    },
    {
      "createdById": "00541000002RzpjAAC",
      "createdByName": "Dylan Gerow",
      "createdDate": "2017-03-31T15:13:00.000Z",
      "fileName": "components/SBQQ__multiSegmentLineItems.component",
      "fullName": "SBQQ__multiSegmentLineItems",
      "id": "099410000002W7jAAE",
      "lastModifiedById": "00541000002RzrVAAS",
      "lastModifiedByName": "Salesforce CPQ",
      "lastModifiedDate": "2023-02-13T00:03:22.000Z",
      "manageableState": "installed",
      "namespacePrefix": "SBQQ",
      "type": "ApexComponent"
    },
    {
      "createdById": "00541000002RzrVAAS",
      "createdByName": "Salesforce CPQ",
      "createdDate": "2021-02-13T07:27:10.000Z",
      "fileName": "components/SBQQ__polymer1Page.component",
      "fullName": "SBQQ__polymer1Page",
      "id": "0993f000000PBA3AAO",
      "lastModifiedById": "00541000002RzrVAAS",
      "lastModifiedByName": "Salesforce CPQ",
      "lastModifiedDate": "2023-02-13T00:03:13.000Z",
      "manageableState": "installed",
      "namespacePrefix": "SBQQ",
      "type": "ApexComponent"
    }
  ]
}