{
  "status": 0,
  "result": [
    {
      "createdById": "00541000002RzpjAAC",
      "createdByName": "Dylan Gerow",
      "createdDate": "2017-05-02T15:29:06.000Z",
      "fileName": "triggers/SBQQ__ThemeBefore.trigger",
      "fullName": "SBQQ__ThemeBefore",
      "id": "01q41000001L3v0AAC",
      "lastModifiedById": "00541000002RzrVAAS",
      "lastModifiedByName": "Salesforce CPQ",
      "lastModifiedDate": "2023-02-13T00:07:27.000Z",
      "manageableState": "installed",
      "namespacePrefix": "SBQQ",
      "type": "ApexTrigger"
    },
    {
      "createdById": "00541000002RzpjAAC",
      "createdByName": "Dylan Gerow",
      "createdDate": "2017-03-31T15:16:48.000Z",
      "fileName": "triggers/SBQQ__QuoteBefore.trigger",
      "fullName": "SBQQ__QuoteBefore",
      "id": "01q410000010OGDAA2",
      "lastModifiedById": "00541000002RzrVAAS",
      "lastModifiedByName": "Salesforce CPQ",
      "lastModifiedDate": "2023-02-13T00:07:26.000Z",
      "manageableState": "installed",
      "namespacePrefix": "SBQQ",
      "type": "ApexTrigger"
    },
    {
      "createdById": "0053f00000145zgAAA",
      "createdByName": "Nathan Wylder",
      "createdDate": "2021-03-04T22:13:54.000Z",
      "fileName": "triggers/dsfs__AttachmentTrigger.trigger",
      "fullName": "dsfs__AttachmentTrigger",
      "id": "01q3f0000008OQQAA2",
      "lastModifiedById": "0053f00000145zgAAA",
      "lastModifiedByName": "Nathan Wylder",
      "lastModifiedDate": "2021-03-04T22:13:54.000Z",
      "manageableState": "installed",
      "namespacePrefix": "dsfs",
      "type": "ApexTrigger"
    },
    {
      "createdById": "00541000003Aq3qAAC",
      "createdByName": "Jessica Deal",
      "createdDate": "2017-06-01T19:48:15.000Z",
      "fileName": "triggers/AccountTrigger.trigger",
      "fullName": "AccountTrigger",
      "id": "01q41000001LdS3AAK",
      "lastModifiedById": "00541000003Aq3qAAC",
      "lastModifiedByName": "Jessica Deal",
      "lastModifiedDate": "2017-07-31T21:40:09.000Z",
      "manageableState": "unmanaged",
      "type": "ApexTrigger"
    },
    {
      "createdById": "00541000004SMkpAAG",
      "createdByName": "SFDC Support",
      "createdDate": "2018-04-30T23:32:13.000Z",
      "fileName": "triggers/SBQQ__ProductActionAfter.trigger",
      "fullName": "SBQQ__ProductActionAfter",
      "id": "01q4100000225LmAAI",
      "lastModifiedById": "00541000002RzrVAAS",
      "lastModifiedByName": "Salesforce CPQ",
      "lastModifiedDate": "2023-02-13T00:07:26.000Z",
      "manageableState": "installed",
      "namespacePrefix": "SBQQ",
      "type": "ApexTrigger"
    },
    {
      "createdById": "00541000004SMkpAAG",
      "createdByName": "SFDC Support",
      "createdDate": "2018-02-12T23:16:07.000Z",
      "fileName": "triggers/QuotePriceAnalysisTrigger.trigger",
      "fullName": "QuotePriceAnalysisTrigger",
      "id": "01q41000001uBo1AAE",
      "lastModifiedById": "0052M000008sYFLQA2",
      "lastModifiedByName": "Tom Callahan",
      "lastModifiedDate": "2019-07-11T22:00:16.000Z",
      "manageableState": "unmanaged",
      "type": "ApexTrigger"
    },
    {
      "createdById": "00541000002RzpjAAC",
      "createdByName": "Dylan Gerow",
      "createdDate": "2017-03-31T15:16:47.000Z",
      "fileName": "triggers/SBQQ__PriceActionAfter.trigger",
      "fullName": "SBQQ__PriceActionAfter",
      "id": "01q410000010OG0AAM",
      "lastModifiedById": "00541000002RzrVAAS",
      "lastModifiedByName": "Salesforce CPQ",
      "lastModifiedDate": "2023-02-13T00:07:25.000Z",
      "manageableState": "installed",
      "namespacePrefix": "SBQQ",
      "type": "ApexTrigger"
    },
    {
      "createdById": "00541000002RzrVAAS",
      "createdByName": "Salesforce CPQ",
      "createdDate": "2018-11-09T06:12:24.000Z",
      "fileName": "triggers/SBQQ__TemplateContentBefore.trigger",
      "fullName": "SBQQ__TemplateContentBefore",
      "id": "01q41000001uZGYAA2",
      "lastModifiedById": "00541000002RzrVAAS",
      "lastModifiedByName": "Salesforce CPQ",
      "lastModifiedDate": "2023-02-13T00:07:27.000Z",
      "manageableState": "installed",
      "namespacePrefix": "SBQQ",
      "type": "ApexTrigger"
    },
    {
      "createdById": "0053f00000145zgAAA",
      "createdByName": "Nathan Wylder",
      "createdDate": "2021-11-05T14:08:14.000Z",
      "fileName": "triggers/FieldTracker__Custom_Summary.trigger",
      "fullName": "FieldTracker__Custom_Summary",
      "id": "01q3f000000PBVUAA4",
      "lastModifiedById": "0053f00000145zgAAA",
      "lastModifiedByName": "Nathan Wylder",
      "lastModifiedDate": "2021-11-05T14:08:14.000Z",
      "manageableState": "installed",
      "namespacePrefix": "FieldTracker",
      "type": "ApexTrigger"
    },
    {
      "createdById": "0053f0000016G9aAAE",
      "createdByName": "Levi Kurtright",
      "createdDate": "2020-11-19T15:23:43.000Z",
      "fileName": "triggers/sbaa__ApprovalChainBefore.trigger",
      "fullName": "sbaa__ApprovalChainBefore",
      "id": "01q3f000000Cb2FAAS",
      "lastModifiedById": "0053f0000019650AAA",
      "lastModifiedByName": "Advanced Approvals",
      "lastModifiedDate": "2022-10-17T08:53:57.000Z",
      "manageableState": "installed",
      "namespacePrefix": "sbaa",
      "type": "ApexTrigger"
    },
    {
      "createdById": "00541000002RzpjAAC",
      "createdByName": "Dylan Gerow",
      "createdDate": "2017-03-31T15:16:47.000Z",
      "fileName": "triggers/SBQQ__OpportunityAfter.trigger",
      "fullName": "SBQQ__OpportunityAfter",
      "id": "01q410000010OFwAAM",
      "lastModifiedById": "00541000002RzrVAAS",
      "lastModifiedByName": "Salesforce CPQ",
      "lastModifiedDate": "2023-02-13T00:07:25.000Z",
      "manageableState": "installed",
      "namespacePrefix": "SBQQ",
      "type": "ApexTrigger"
    },
    {
      "createdById": "00541000002RzpjAAC",
      "createdByName": "Dylan Gerow",
      "createdDate": "2017-03-31T15:16:47.000Z",
      "fileName": "triggers/SBQQ__CustomActionConditionAfter.trigger",
      "fullName": "SBQQ__CustomActionConditionAfter",
      "id": "01q410000010OFnAAM",
      "lastModifiedById": "00541000002RzrVAAS",
      "lastModifiedByName": "Salesforce CPQ",
      "lastModifiedDate": "2023-02-13T00:07:25.000Z",
      "manageableState": "installed",
      "namespacePrefix": "SBQQ",
      "type": "ApexTrigger"
    },
    {
      "createdById": "00541000002RzrVAAS",
      "createdByName": "Salesforce CPQ",
      "createdDate": "2019-02-09T07:34:06.000Z",
      "fileName": "triggers/SBQQ__QuoteLineConsumptionScheduleAfter.trigger",
      "fullName": "SBQQ__QuoteLineConsumptionScheduleAfter",
      "id": "01q2M000001r6WPQAY",
      "lastModifiedById": "00541000002RzrVAAS",
      "lastModifiedByName": "Salesforce CPQ",
      "lastModifiedDate": "2023-02-13T00:07:26.000Z",
      "manageableState": "installed",
      "namespacePrefix": "SBQQ",
      "type": "ApexTrigger"
    },
    {
      "createdById": "00541000002RzpjAAC",
      "createdByName": "Dylan Gerow",
      "createdDate": "2017-03-31T15:16:48.000Z",
      "fileName": "triggers/SBQQ__QuoteTemplateBefore.trigger",
      "fullName": "SBQQ__QuoteTemplateBefore",
      "id": "01q410000010OGIAA2",
      "lastModifiedById": "00541000002RzrVAAS",
      "lastModifiedByName": "Salesforce CPQ",
      "lastModifiedDate": "2023-02-13T00:07:27.000Z",
      "manageableState": "installed",
      "namespacePrefix": "SBQQ",
      "type": "ApexTrigger"
    },
    {
      "createdById": "00541000002RzpjAAC",
      "createdByName": "Dylan Gerow",
      "createdDate": "2017-03-31T15:16:47.000Z",
      "fileName": "triggers/SBQQ__PriceConditionBefore.trigger",
      "fullName": "SBQQ__PriceConditionBefore",
      "id": "01q410000010OG2AAM",
      "lastModifiedById": "00541000002RzrVAAS",
      "lastModifiedByName": "Salesforce CPQ",
      "lastModifiedDate": "2023-02-13T00:07:26.000Z",
      "manageableState": "installed",
      "namespacePrefix": "SBQQ",
      "type": "ApexTrigger"
    },
    {
      "createdById": "00541000002RzrVAAS",
      "createdByName": "Salesforce CPQ",
      "createdDate": "2018-11-09T06:12:24.000Z",
      "fileName": "triggers/SBQQ__LineColumnBefore.trigger",
      "fullName": "SBQQ__LineColumnBefore",
      "id": "01q41000001uZGXAA2",
      "lastModifiedById": "00541000002RzrVAAS",
      "lastModifiedByName": "Salesforce CPQ",
      "lastModifiedDate": "2023-02-13T00:07:25.000Z",
      "manageableState": "installed",
      "namespacePrefix": "SBQQ",
      "type": "ApexTrigger"
    },
    {
      "createdById": "00541000004SMkpAAG",
      "createdByName": "SFDC Support",
      "createdDate": "2018-04-24T21:26:02.000Z",
      "fileName": "triggers/rh2__PS_Describe.trigger",
      "fullName": "rh2__PS_Describe",
      "id": "01q4100000225F1AAI",
      "lastModifiedById": "005410000064QVeAAM",
      "lastModifiedByName": "Rollup Helper",
      "lastModifiedDate": "2021-07-24T02:06:04.000Z",
      "manageableState": "installed",
      "namespacePrefix": "rh2",
      "type": "ApexTrigger"
    },
    {
      "createdById": "00541000002RzpjAAC",
      "createdByName": "Dylan Gerow",
      "createdDate": "2017-03-31T15:16:47.000Z",
      "fileName": "triggers/SBQQ__ProductFeatureAfter.trigger",
      "fullName": "SBQQ__ProductFeatureAfter",
      "id": "01q410000010OG7AAM",
      "lastModifiedById": "00541000002RzrVAAS",
      "lastModifiedByName": "Salesforce CPQ",
      "lastModifiedDate": "2023-02-13T00:07:26.000Z",
      "manageableState": "installed",
      "namespacePrefix": "SBQQ",
      "type": "ApexTrigger"
    },
    {
      "createdById": "00541000002RzpjAAC",
      "createdByName": "Dylan Gerow",
      "createdDate": "2017-03-31T15:16:48.000Z",
      "fileName": "triggers/SBQQ__SubscriptionAfter.trigger",
      "fullName": "SBQQ__SubscriptionAfter",
      "id": "01q410000010OGLAA2",
      "lastModifiedById": "00541000002RzrVAAS",
      "lastModifiedByName": "Salesforce CPQ",
      "lastModifiedDate": "2023-02-13T00:07:27.000Z",
      "manageableState": "installed",
      "namespacePrefix": "SBQQ",
      "type": "ApexTrigger"
    },
    {
      "createdById": "00541000002RzpjAAC",
      "createdByName": "Dylan Gerow",
      "createdDate": "2017-03-31T15:16:48.000Z",
      "fileName": "triggers/SBQQ__QuoteLineAfter.trigger",
      "fullName": "SBQQ__QuoteLineAfter",
      "id": "01q410000010OGFAA2",
      "lastModifiedById": "00541000002RzrVAAS",
      "lastModifiedByName": "Salesforce CPQ",
      "lastModifiedDate": "2023-02-13T00:07:26.000Z",
      "manageableState": "installed",
      "namespacePrefix": "SBQQ",
      "type": "ApexTrigger"
    },
    {
      "createdById": "00541000002RzpjAAC",
      "createdByName": "Dylan Gerow",
      "createdDate": "2017-03-31T15:16:47.000Z",
      "fileName": "triggers/SBQQ__ContractBefore.trigger",
      "fullName": "SBQQ__ContractBefore",
      "id": "01q410000010OFkAAM",
      "lastModifiedById": "00541000002RzrVAAS",
      "lastModifiedByName": "Salesforce CPQ",
      "lastModifiedDate": "2023-02-13T00:07:25.000Z",
      "manageableState": "installed",
      "namespacePrefix": "SBQQ",
      "type": "ApexTrigger"
    },
    {
      "createdById": "00541000002RzpjAAC",
      "createdByName": "Dylan Gerow",
      "createdDate": "2017-03-31T15:16:47.000Z",
      "fileName": "triggers/SBQQ__PriceRuleAfter.trigger",
      "fullName": "SBQQ__PriceRuleAfter",
      "id": "01q410000010OG3AAM",
      "lastModifiedById": "00541000002RzrVAAS",
      "lastModifiedByName": "Salesforce CPQ",
      "lastModifiedDate": "2023-02-13T00:07:26.000Z",
      "manageableState": "installed",
      "namespacePrefix": "SBQQ",
      "type": "ApexTrigger"
    },
    {
      "createdById": "0053f0000016G9aAAE",
      "createdByName": "Levi Kurtright",
      "createdDate": "2020-11-19T15:23:43.000Z",
      "fileName": "triggers/sbaa__ApprovalVariableBefore.trigger",
      "fullName": "sbaa__ApprovalVariableBefore",
      "id": "01q3f000000Cb2HAAS",
      "lastModifiedById": "0053f0000019650AAA",
      "lastModifiedByName": "Advanced Approvals",
      "lastModifiedDate": "2022-10-17T08:53:57.000Z",
      "manageableState": "installed",
      "namespacePrefix": "sbaa",
      "type": "ApexTrigger"
    },
    {
      "createdById": "00541000003Aq3qAAC",
      "createdByName": "Jessica Deal",
      "createdDate": "2017-06-01T19:48:15.000Z",
      "fileName": "triggers/OpportunityTeamTrigger.trigger",
      "fullName": "OpportunityTeamTrigger",
      "id": "01q41000001LdS6AAK",
      "lastModifiedById": "00541000003Aq3qAAC",
      "lastModifiedByName": "Jessica Deal",
      "lastModifiedDate": "2017-07-31T21:40:09.000Z",
      "manageableState": "unmanaged",
      "type": "ApexTrigger"
    },
    {
      "createdById": "00541000002RzrVAAS",
      "createdByName": "Salesforce CPQ",
      "createdDate": "2019-02-09T07:34:06.000Z",
      "fileName": "triggers/SBQQ__QuoteLineConsumptionRateBefore.trigger",
      "fullName": "SBQQ__QuoteLineConsumptionRateBefore",
      "id": "01q2M000001r6WOQAY",
      "lastModifiedById": "00541000002RzrVAAS",
      "lastModifiedByName": "Salesforce CPQ",
      "lastModifiedDate": "2023-02-13T00:07:26.000Z",
      "manageableState": "installed",
      "namespacePrefix": "SBQQ",
      "type": "ApexTrigger"
    },
    {
      "createdById": "0053f00000145zgAAA",
      "createdByName": "Nathan Wylder",
      "createdDate": "2021-03-04T22:13:54.000Z",
      "fileName": "triggers/dsfs__EnvelopeStatus.trigger",
      "fullName": "dsfs__EnvelopeStatus",
      "id": "01q3f0000008OQRAA2",
      "lastModifiedById": "0053f00000145zgAAA",
      "lastModifiedByName": "Nathan Wylder",
      "lastModifiedDate": "2021-03-04T22:13:54.000Z",
      "manageableState": "installed",
      "namespacePrefix": "dsfs",
      "type": "ApexTrigger"
    },
    {
      "createdById": "00541000002RzrVAAS",
      "createdByName": "Salesforce CPQ",
      "createdDate": "2018-11-09T06:58:38.000Z",
      "fileName": "triggers/SBQQ__OpportunityLineItemTrigger.trigger",
      "fullName": "SBQQ__OpportunityLineItemTrigger",
      "id": "01q41000001uZGcAAM",
      "lastModifiedById": "00541000002RzrVAAS",
      "lastModifiedByName": "Salesforce CPQ",
      "lastModifiedDate": "2023-02-13T00:07:25.000Z",
      "manageableState": "installed",
      "namespacePrefix": "SBQQ",
      "type": "ApexTrigger"
    },
    {
      "createdById": "00541000002RzpjAAC",
      "createdByName": "Dylan Gerow",
      "createdDate": "2017-03-31T15:16:47.000Z",
      "fileName": "triggers/SBQQ__OrderTrigger.trigger",
      "fullName": "SBQQ__OrderTrigger",
      "id": "01q410000010OFzAAM",
      "lastModifiedById": "00541000002RzrVAAS",
      "lastModifiedByName": "Salesforce CPQ",
      "lastModifiedDate": "2023-02-13T00:07:25.000Z",
      "manageableState": "installed",
      "namespacePrefix": "SBQQ",
      "type": "ApexTrigger"
    },
    {
      "createdById": "00541000002RzpjAAC",
      "createdByName": "Dylan Gerow",
      "createdDate": "2017-03-31T15:16:46.000Z",
      "fileName": "triggers/SBQQ__ConfigurationAttributeAfter.trigger",
      "fullName": "SBQQ__ConfigurationAttributeAfter",
      "id": "01q410000010OFhAAM",
      "lastModifiedById": "00541000002RzrVAAS",
      "lastModifiedByName": "Salesforce CPQ",
      "lastModifiedDate": "2023-02-13T00:07:24.000Z",
      "manageableState": "installed",
      "namespacePrefix": "SBQQ",
      "type": "ApexTrigger"
    },
    {
      "createdById": "00541000002RzpjAAC",
      "createdByName": "Dylan Gerow",
      "createdDate": "2017-03-31T15:16:47.000Z",
      "fileName": "triggers/SBQQ__CustomActionAfter.trigger",
      "fullName": "SBQQ__CustomActionAfter",
      "id": "01q410000010OFlAAM",
      "lastModifiedById": "00541000002RzrVAAS",
      "lastModifiedByName": "Salesforce CPQ",
      "lastModifiedDate": "2023-02-13T00:07:25.000Z",
      "manageableState": "installed",
      "namespacePrefix": "SBQQ",
      "type": "ApexTrigger"
    },
    {
      "createdById": "00541000002RzpjAAC",
      "createdByName": "Dylan Gerow",
      "createdDate": "2017-03-31T15:16:47.000Z",
      "fileName": "triggers/SBQQ__ProductAfter.trigger",
      "fullName": "SBQQ__ProductAfter",
      "id": "01q410000010OG6AAM",
      "lastModifiedById": "00541000002RzrVAAS",
      "lastModifiedByName": "Salesforce CPQ",
      "lastModifiedDate": "2023-02-13T00:07:26.000Z",
      "manageableState": "installed",
      "namespacePrefix": "SBQQ",
      "type": "ApexTrigger"
    },
    {
      "createdById": "00541000004SMkpAAG",
      "createdByName": "SFDC Support",
      "createdDate": "2019-10-22T22:27:18.000Z",
      "fileName": "triggers/RHX_Case.trigger",
      "fullName": "RHX_Case",
      "id": "01q3f000000CaY9AAK",
      "lastModifiedById": "00541000004SMkpAAG",
      "lastModifiedByName": "SFDC Support",
      "lastModifiedDate": "2019-10-22T22:27:18.000Z",
      "manageableState": "unmanaged",
      "type": "ApexTrigger"
    },
    {
      "createdById": "00541000002RzpjAAC",
      "createdByName": "Dylan Gerow",
      "createdDate": "2017-03-31T15:16:47.000Z",
      "fileName": "triggers/SBQQ__PriceRuleBefore.trigger",
      "fullName": "SBQQ__PriceRuleBefore",
      "id": "01q410000010OG4AAM",
      "lastModifiedById": "00541000002RzrVAAS",
      "lastModifiedByName": "Salesforce CPQ",
      "lastModifiedDate": "2023-02-13T00:07:26.000Z",
      "manageableState": "installed",
      "namespacePrefix": "SBQQ",
      "type": "ApexTrigger"
    },
    {
      "createdById": "00541000003Aq3qAAC",
      "createdByName": "Jessica Deal",
      "createdDate": "2017-06-01T19:48:16.000Z",
      "fileName": "triggers/dlrs_AccountTrigger.trigger",
      "fullName": "dlrs_AccountTrigger",
      "id": "01q41000001LdSFAA0",
      "lastModifiedById": "00541000003Aq3qAAC",
      "lastModifiedByName": "Jessica Deal",
      "lastModifiedDate": "2017-07-31T21:40:09.000Z",
      "manageableState": "unmanaged",
      "type": "ApexTrigger"
    },
    {
      "createdById": "00541000002RzrVAAS",
      "createdByName": "Salesforce CPQ",
      "createdDate": "2020-02-15T07:38:36.000Z",
      "fileName": "triggers/SBQQ__ColumnMetadataBefore.trigger",
      "fullName": "SBQQ__ColumnMetadataBefore",
      "id": "01q3f000000CacaAAC",
      "lastModifiedById": "00541000002RzrVAAS",
      "lastModifiedByName": "Salesforce CPQ",
      "lastModifiedDate": "2023-02-13T00:07:24.000Z",
      "manageableState": "installed",
      "namespacePrefix": "SBQQ",
      "type": "ApexTrigger"
    },
    {
      "createdById": "00541000002RzpjAAC",
      "createdByName": "Dylan Gerow",
      "createdDate": "2017-03-31T15:16:47.000Z",
      "fileName": "triggers/SBQQ__DiscountScheduleAfter.trigger",
      "fullName": "SBQQ__DiscountScheduleAfter",
      "id": "01q410000010OFqAAM",
      "lastModifiedById": "00541000002RzrVAAS",
      "lastModifiedByName": "Salesforce CPQ",
      "lastModifiedDate": "2023-02-13T00:07:25.000Z",
      "manageableState": "installed",
      "namespacePrefix": "SBQQ",
      "type": "ApexTrigger"
    },
    {
      "createdById": "00541000002RzpjAAC",
      "createdByName": "Dylan Gerow",
      "createdDate": "2017-05-02T15:29:06.000Z",
      "fileName": "triggers/SBQQ__QuoteLineBefore.trigger",
      "fullName": "SBQQ__QuoteLineBefore",
      "id": "01q41000001L3uyAAC",
      "lastModifiedById": "00541000002RzrVAAS",
      "lastModifiedByName": "Salesforce CPQ",
      "lastModifiedDate": "2023-02-13T00:07:26.000Z",
      "manageableState": "installed",
      "namespacePrefix": "SBQQ",
      "type": "ApexTrigger"
    },
    {
      "createdById": "00541000002RzpjAAC",
      "createdByName": "Dylan Gerow",
      "createdDate": "2017-03-31T15:16:48.000Z",
      "fileName": "triggers/SBQQ__QuoteTemplateAfter.trigger",
      "fullName": "SBQQ__QuoteTemplateAfter",
      "id": "01q410000010OGHAA2",
      "lastModifiedById": "00541000002RzrVAAS",
      "lastModifiedByName": "Salesforce CPQ",
      "lastModifiedDate": "2023-02-13T00:07:27.000Z",
      "manageableState": "installed",
      "namespacePrefix": "SBQQ",
      "type": "ApexTrigger"
    },
    {
      "createdById": "00541000003Aq3qAAC",
      "createdByName": "Jessica Deal",
      "createdDate": "2017-06-01T19:48:16.000Z",
      "fileName": "triggers/QuoteTrigger.trigger",
      "fullName": "QuoteTrigger",
      "id": "01q41000001LdSAAA0",
      "lastModifiedById": "0053f000000qKaxAAE",
      "lastModifiedByName": "Rajasekhar Vempati",
      "lastModifiedDate": "2022-08-02T13:36:42.000Z",
      "manageableState": "unmanaged",
      "type": "ApexTrigger"
    },
    {
      "createdById": "00541000004SMkpAAG",
      "createdByName": "SFDC Support",
      "createdDate": "2018-04-30T23:32:13.000Z",
      "fileName": "triggers/SBQQ__PriceActionBefore.trigger",
      "fullName": "SBQQ__PriceActionBefore",
      "id": "01q4100000225LlAAI",
      "lastModifiedById": "00541000002RzrVAAS",
      "lastModifiedByName": "Salesforce CPQ",
      "lastModifiedDate": "2023-02-13T00:07:26.000Z",
      "manageableState": "installed",
      "namespacePrefix": "SBQQ",
      "type": "ApexTrigger"
    },
    {
      "createdById": "00541000002RzpjAAC",
      "createdByName": "Dylan Gerow",
      "createdDate": "2017-03-31T15:16:48.000Z",
      "fileName": "triggers/SBQQ__QuoteDocumentBefore.trigger",
      "fullName": "SBQQ__QuoteDocumentBefore",
      "id": "01q410000010OGEAA2",
      "lastModifiedById": "00541000002RzrVAAS",
      "lastModifiedByName": "Salesforce CPQ",
      "lastModifiedDate": "2023-02-13T00:07:26.000Z",
      "manageableState": "installed",
      "namespacePrefix": "SBQQ",
      "type": "ApexTrigger"
    },
    {
      "createdById": "00541000004SMkpAAG",
      "createdByName": "SFDC Support",
      "createdDate": "2018-04-24T21:26:03.000Z",
      "fileName": "triggers/rh2__PS_Task.trigger",
      "fullName": "rh2__PS_Task",
      "id": "01q4100000225F7AAI",
      "lastModifiedById": "005410000064QVeAAM",
      "lastModifiedByName": "Rollup Helper",
      "lastModifiedDate": "2021-07-24T02:06:04.000Z",
      "manageableState": "installed",
      "namespacePrefix": "rh2",
      "type": "ApexTrigger"
    },
    {
      "createdById": "00541000004SMkpAAG",
      "createdByName": "SFDC Support",
      "createdDate": "2018-04-24T21:26:02.000Z",
      "fileName": "triggers/rh2__PS_RH_Job.trigger",
      "fullName": "rh2__PS_RH_Job",
      "id": "01q4100000225F5AAI",
      "lastModifiedById": "005410000064QVeAAM",
      "lastModifiedByName": "Rollup Helper",
      "lastModifiedDate": "2021-07-24T02:06:04.000Z",
      "manageableState": "installed",
      "namespacePrefix": "rh2",
      "type": "ApexTrigger"
    },
    {
      "createdById": "0053f00000145zgAAA",
      "createdByName": "Nathan Wylder",
      "createdDate": "2020-10-27T10:08:47.000Z",
      "fileName": "triggers/LeadTracking.trigger",
      "fullName": "LeadTracking",
      "id": "01q3f000000CaySAAS",
      "lastModifiedById": "0053f00000145zgAAA",
      "lastModifiedByName": "Nathan Wylder",
      "lastModifiedDate": "2020-11-23T12:56:12.000Z",
      "manageableState": "unmanaged",
      "type": "ApexTrigger"
    },
    {
      "createdById": "00541000004SMkpAAG",
      "createdByName": "SFDC Support",
      "createdDate": "2018-04-30T23:32:13.000Z",
      "fileName": "triggers/SBQQ__CustomScriptBefore.trigger",
      "fullName": "SBQQ__CustomScriptBefore",
      "id": "01q4100000225LkAAI",
      "lastModifiedById": "00541000002RzrVAAS",
      "lastModifiedByName": "Salesforce CPQ",
      "lastModifiedDate": "2023-02-13T00:07:25.000Z",
      "manageableState": "installed",
      "namespacePrefix": "SBQQ",
      "type": "ApexTrigger"
    },
    {
      "createdById": "00541000002RzrVAAS",
      "createdByName": "Salesforce CPQ",
      "createdDate": "2019-02-09T07:34:05.000Z",
      "fileName": "triggers/SBQQ__ConsumptionScheduleAfter.trigger",
      "fullName": "SBQQ__ConsumptionScheduleAfter",
      "id": "01q2M000001r6WLQAY",
      "lastModifiedById": "00541000002RzrVAAS",
      "lastModifiedByName": "Salesforce CPQ",
      "lastModifiedDate": "2023-02-13T00:07:24.000Z",
      "manageableState": "installed",
      "namespacePrefix": "SBQQ",
      "type": "ApexTrigger"
    },
    {
      "createdById": "00541000002RzpjAAC",
      "createdByName": "Dylan Gerow",
      "createdDate": "2017-05-02T15:29:05.000Z",
      "fileName": "triggers/SBQQ__LocalizationAfter.trigger",
      "fullName": "SBQQ__LocalizationAfter",
      "id": "01q41000001L3uwAAC",
      "lastModifiedById": "00541000002RzrVAAS",
      "lastModifiedByName": "Salesforce CPQ",
      "lastModifiedDate": "2023-02-13T00:07:25.000Z",
      "manageableState": "installed",
      "namespacePrefix": "SBQQ",
      "type": "ApexTrigger"
    },
    {
      "createdById": "00541000002RzpjAAC",
      "createdByName": "Dylan Gerow",
      "createdDate": "2017-05-11T13:54:17.000Z",
      "fileName": "triggers/dlrs__RollupServiceTest2Trigger.trigger",
      "fullName": "dlrs__RollupServiceTest2Trigger",
      "id": "01q41000001LDv1AAG",
      "lastModifiedById": "0053f00000145zgAAA",
      "lastModifiedByName": "Nathan Wylder",
      "lastModifiedDate": "2021-04-06T18:52:20.000Z",
      "manageableState": "installed",
      "namespacePrefix": "dlrs",
      "type": "ApexTrigger"
    },
    {
      "createdById": "00541000002RzpjAAC",
      "createdByName": "Dylan Gerow",
      "createdDate": "2017-03-31T15:16:47.000Z",
      "fileName": "triggers/SBQQ__ProductRuleAfter.trigger",
      "fullName": "SBQQ__ProductRuleAfter",
      "id": "01q410000010OGAAA2",
      "lastModifiedById": "00541000002RzrVAAS",
      "lastModifiedByName": "Salesforce CPQ",
      "lastModifiedDate": "2023-02-13T00:07:26.000Z",
      "manageableState": "installed",
      "namespacePrefix": "SBQQ",
      "type": "ApexTrigger"
    },
    {
      "createdById": "00541000003Aq3qAAC",
      "createdByName": "Jessica Deal",
      "createdDate": "2017-06-01T19:48:15.000Z",
      "fileName": "triggers/ContentDocumentLinkTrigger.trigger",
      "fullName": "ContentDocumentLinkTrigger",
      "id": "01q41000001LdS5AAK",
      "lastModifiedById": "00541000003Aq3qAAC",
      "lastModifiedByName": "Jessica Deal",
      "lastModifiedDate": "2017-07-31T21:40:09.000Z",
      "manageableState": "unmanaged",
      "type": "ApexTrigger"
    },
    {
      "createdById": "00541000002RzpjAAC",
      "createdByName": "Dylan Gerow",
      "createdDate": "2017-03-31T15:16:47.000Z",
      "fileName": "triggers/SBQQ__CustomScriptAfter.trigger",
      "fullName": "SBQQ__CustomScriptAfter",
      "id": "01q410000010OFoAAM",
      "lastModifiedById": "00541000002RzrVAAS",
      "lastModifiedByName": "Salesforce CPQ",
      "lastModifiedDate": "2023-02-13T00:07:25.000Z",
      "manageableState": "installed",
      "namespacePrefix": "SBQQ",
      "type": "ApexTrigger"
    },
    {
      "createdById": "0053f00000145zgAAA",
      "createdByName": "Nathan Wylder",
      "createdDate": "2020-02-07T15:36:52.000Z",
      "fileName": "triggers/pi__LogContactChange.trigger",
      "fullName": "pi__LogContactChange",
      "id": "01q3f000000CacTAAS",
      "lastModifiedById": "0053f0000014nWOAAY",
      "lastModifiedByName": "Pardot",
      "lastModifiedDate": "2021-09-08T01:25:53.000Z",
      "manageableState": "installed",
      "namespacePrefix": "pi",
      "type": "ApexTrigger"
    },
    {
      "createdById": "00541000004SMkpAAG",
      "createdByName": "SFDC Support",
      "createdDate": "2018-04-24T21:26:02.000Z",
      "fileName": "triggers/rh2__PS_Queue.trigger",
      "fullName": "rh2__PS_Queue",
      "id": "01q4100000225F4AAI",
      "lastModifiedById": "005410000064QVeAAM",
      "lastModifiedByName": "Rollup Helper",
      "lastModifiedDate": "2021-07-24T02:06:04.000Z",
      "manageableState": "installed",
      "namespacePrefix": "rh2",
      "type": "ApexTrigger"
    },
    {
      "createdById": "00541000003Aq3qAAC",
      "createdByName": "Jessica Deal",
      "createdDate": "2017-06-01T19:48:16.000Z",
      "fileName": "triggers/QuoteDocumentTrigger.trigger",
      "fullName": "QuoteDocumentTrigger",
      "id": "01q41000001LdS9AAK",
      "lastModifiedById": "0052M000008sYFLQA2",
      "lastModifiedByName": "Tom Callahan",
      "lastModifiedDate": "2019-07-11T22:00:16.000Z",
      "manageableState": "unmanaged",
      "type": "ApexTrigger"
    },
    {
      "createdById": "00541000004SMkpAAG",
      "createdByName": "SFDC Support",
      "createdDate": "2020-06-05T22:12:39.000Z",
      "fileName": "triggers/QuoteLineItemTrigger.trigger",
      "fullName": "QuoteLineItemTrigger",
      "id": "01q3f000000CapkAAC",
      "lastModifiedById": "00541000004SMkpAAG",
      "lastModifiedByName": "SFDC Support",
      "lastModifiedDate": "2020-06-05T22:12:39.000Z",
      "manageableState": "unmanaged",
      "type": "ApexTrigger"
    },
    {
      "createdById": "00541000002RzpjAAC",
      "createdByName": "Dylan Gerow",
      "createdDate": "2017-06-23T17:25:55.000Z",
      "fileName": "triggers/SBQQ__ConfigurationAttributeBefore.trigger",
      "fullName": "SBQQ__ConfigurationAttributeBefore",
      "id": "01q41000001lEPvAAM",
      "lastModifiedById": "00541000002RzrVAAS",
      "lastModifiedByName": "Salesforce CPQ",
      "lastModifiedDate": "2023-02-13T00:07:24.000Z",
      "manageableState": "installed",
      "namespacePrefix": "SBQQ",
      "type": "ApexTrigger"
    },
    {
      "createdById": "00541000004SMkpAAG",
      "createdByName": "SFDC Support",
      "createdDate": "2019-11-27T06:26:49.000Z",
      "fileName": "triggers/AccountTeamMemberTrigger.trigger",
      "fullName": "AccountTeamMemberTrigger",
      "id": "01q3f000000CaZHAA0",
      "lastModifiedById": "0053f000000qKaxAAE",
      "lastModifiedByName": "Rajasekhar Vempati",
      "lastModifiedDate": "2022-09-23T16:30:36.000Z",
      "manageableState": "unmanaged",
      "type": "ApexTrigger"
    },
    {
      "createdById": "0053f000000qKaxAAE",
      "createdByName": "Rajasekhar Vempati",
      "createdDate": "2022-11-21T12:20:22.000Z",
      "fileName": "triggers/UserTerritoryAssignmentTrigger.trigger",
      "fullName": "UserTerritoryAssignmentTrigger",
      "id": "01q540000023Y2dAAE",
      "lastModifiedById": "0053f000000qKaxAAE",
      "lastModifiedByName": "Rajasekhar Vempati",
      "lastModifiedDate": "2023-02-16T09:10:26.000Z",
      "manageableState": "unmanaged",
      "type": "ApexTrigger"
    },
    {
      "createdById": "00541000002RzpjAAC",
      "createdByName": "Dylan Gerow",
      "createdDate": "2017-03-31T15:16:47.000Z",
      "fileName": "triggers/SBQQ__ProcessInputBefore.trigger",
      "fullName": "SBQQ__ProcessInputBefore",
      "id": "01q410000010OG5AAM",
      "lastModifiedById": "00541000002RzrVAAS",
      "lastModifiedByName": "Salesforce CPQ",
      "lastModifiedDate": "2023-02-13T00:07:26.000Z",
      "manageableState": "installed",
      "namespacePrefix": "SBQQ",
      "type": "ApexTrigger"
    },
    {
      "createdById": "00541000004SMkpAAG",
      "createdByName": "SFDC Support",
      "createdDate": "2018-04-24T21:26:02.000Z",
      "fileName": "triggers/rh2__PS_Event.trigger",
      "fullName": "rh2__PS_Event",
      "id": "01q4100000225F2AAI",
      "lastModifiedById": "005410000064QVeAAM",
      "lastModifiedByName": "Rollup Helper",
      "lastModifiedDate": "2021-07-24T02:06:04.000Z",
      "manageableState": "installed",
      "namespacePrefix": "rh2",
      "type": "ApexTrigger"
    },
    {
      "createdById": "00541000002RzpjAAC",
      "createdByName": "Dylan Gerow",
      "createdDate": "2017-03-31T15:16:47.000Z",
      "fileName": "triggers/SBQQ__OpportunityBefore.trigger",
      "fullName": "SBQQ__OpportunityBefore",
      "id": "01q410000010OFxAAM",
      "lastModifiedById": "00541000002RzrVAAS",
      "lastModifiedByName": "Salesforce CPQ",
      "lastModifiedDate": "2023-02-13T00:07:25.000Z",
      "manageableState": "installed",
      "namespacePrefix": "SBQQ",
      "type": "ApexTrigger"
    },
    {
      "createdById": "00541000004SMkpAAG",
      "createdByName": "SFDC Support",
      "createdDate": "2018-04-24T21:26:02.000Z",
      "fileName": "triggers/rh2__PS_Contact_Describe_Async.trigger",
      "fullName": "rh2__PS_Contact_Describe_Async",
      "id": "01q4100000225F0AAI",
      "lastModifiedById": "005410000064QVeAAM",
      "lastModifiedByName": "Rollup Helper",
      "lastModifiedDate": "2021-07-24T02:06:04.000Z",
      "manageableState": "installed",
      "namespacePrefix": "rh2",
      "type": "ApexTrigger"
    },
    {
      "createdById": "00541000002RzrVAAS",
      "createdByName": "Salesforce CPQ",
      "createdDate": "2018-11-09T06:58:38.000Z",
      "fileName": "triggers/SBQQ__ProductBefore.trigger",
      "fullName": "SBQQ__ProductBefore",
      "id": "01q41000001uZGdAAM",
      "lastModifiedById": "00541000002RzrVAAS",
      "lastModifiedByName": "Salesforce CPQ",
      "lastModifiedDate": "2023-02-13T00:07:26.000Z",
      "manageableState": "installed",
      "namespacePrefix": "SBQQ",
      "type": "ApexTrigger"
    },
    {
      "createdById": "0053f00000145zgAAA",
      "createdByName": "Nathan Wylder",
      "createdDate": "2021-03-04T22:13:54.000Z",
      "fileName": "triggers/dsfs__RecipientStatus.trigger",
      "fullName": "dsfs__RecipientStatus",
      "id": "01q3f0000008OQSAA2",
      "lastModifiedById": "0053f00000145zgAAA",
      "lastModifiedByName": "Nathan Wylder",
      "lastModifiedDate": "2021-03-04T22:13:54.000Z",
      "manageableState": "installed",
      "namespacePrefix": "dsfs",
      "type": "ApexTrigger"
    },
    {
      "createdById": "00541000002RzpjAAC",
      "createdByName": "Dylan Gerow",
      "createdDate": "2017-03-31T15:16:48.000Z",
      "fileName": "triggers/SBQQ__ProductRuleBefore.trigger",
      "fullName": "SBQQ__ProductRuleBefore",
      "id": "01q410000010OGBAA2",
      "lastModifiedById": "00541000002RzrVAAS",
      "lastModifiedByName": "Salesforce CPQ",
      "lastModifiedDate": "2023-02-13T00:07:26.000Z",
      "manageableState": "installed",
      "namespacePrefix": "SBQQ",
      "type": "ApexTrigger"
    },
    {
      "createdById": "00541000002RzpjAAC",
      "createdByName": "Dylan Gerow",
      "createdDate": "2017-03-31T15:16:47.000Z",
      "fileName": "triggers/SBQQ__LookupQueryAfter.trigger",
      "fullName": "SBQQ__LookupQueryAfter",
      "id": "01q410000010OFvAAM",
      "lastModifiedById": "00541000002RzrVAAS",
      "lastModifiedByName": "Salesforce CPQ",
      "lastModifiedDate": "2023-02-13T00:07:25.000Z",
      "manageableState": "installed",
      "namespacePrefix": "SBQQ",
      "type": "ApexTrigger"
    },
    {
      "createdById": "00541000002RzrVAAS",
      "createdByName": "Salesforce CPQ",
      "createdDate": "2019-02-09T07:34:05.000Z",
      "fileName": "triggers/SBQQ__ProductConsumptionScheduleBefore.trigger",
      "fullName": "SBQQ__ProductConsumptionScheduleBefore",
      "id": "01q2M000001r6WNQAY",
      "lastModifiedById": "00541000002RzrVAAS",
      "lastModifiedByName": "Salesforce CPQ",
      "lastModifiedDate": "2023-02-13T00:07:26.000Z",
      "manageableState": "installed",
      "namespacePrefix": "SBQQ",
      "type": "ApexTrigger"
    },
    {
      "createdById": "0053f00000145zgAAA",
      "createdByName": "Nathan Wylder",
      "createdDate": "2020-02-07T15:36:52.000Z",
      "fileName": "triggers/pi__LogLeadChange.trigger",
      "fullName": "pi__LogLeadChange",
      "id": "01q3f000000CacUAAS",
      "lastModifiedById": "0053f0000014nWOAAY",
      "lastModifiedByName": "Pardot",
      "lastModifiedDate": "2021-09-08T01:25:53.000Z",
      "manageableState": "installed",
      "namespacePrefix": "pi",
      "type": "ApexTrigger"
    },
    {
      "createdById": "0053f0000016G9aAAE",
      "createdByName": "Levi Kurtright",
      "createdDate": "2020-11-19T15:23:43.000Z",
      "fileName": "triggers/sbaa__OpportunityBefore.trigger",
      "fullName": "sbaa__OpportunityBefore",
      "id": "01q3f000000Cb2KAAS",
      "lastModifiedById": "0053f0000019650AAA",
      "lastModifiedByName": "Advanced Approvals",
      "lastModifiedDate": "2022-10-17T08:53:57.000Z",
      "manageableState": "installed",
      "namespacePrefix": "sbaa",
      "type": "ApexTrigger"
    },
    {
      "createdById": "00541000002RzpjAAC",
      "createdByName": "Dylan Gerow",
      "createdDate": "2017-03-31T15:16:47.000Z",
      "fileName": "triggers/SBQQ__PriceConditionAfter.trigger",
      "fullName": "SBQQ__PriceConditionAfter",
      "id": "01q410000010OG1AAM",
      "lastModifiedById": "00541000002RzrVAAS",
      "lastModifiedByName": "Salesforce CPQ",
      "lastModifiedDate": "2023-02-13T00:07:26.000Z",
      "manageableState": "installed",
      "namespacePrefix": "SBQQ",
      "type": "ApexTrigger"
    },
    {
      "createdById": "0053f00000145zgAAA",
      "createdByName": "Nathan Wylder",
      "createdDate": "2020-11-23T12:56:12.000Z",
      "fileName": "triggers/LeadTrigger.trigger",
      "fullName": "LeadTrigger",
      "id": "01q3f000000Cb3wAAC",
      "lastModifiedById": "0053f00000145zgAAA",
      "lastModifiedByName": "Nathan Wylder",
      "lastModifiedDate": "2020-11-23T12:56:12.000Z",
      "manageableState": "unmanaged",
      "type": "ApexTrigger"
    },
    {
      "createdById": "00541000002RzrVAAS",
      "createdByName": "Salesforce CPQ",
      "createdDate": "2023-02-13T00:07:27.000Z",
      "fileName": "triggers/SBQQ__TemplateContentAfter.trigger",
      "fullName": "SBQQ__TemplateContentAfter",
      "id": "01q540000023ZdfAAE",
      "lastModifiedById": "00541000002RzrVAAS",
      "lastModifiedByName": "Salesforce CPQ",
      "lastModifiedDate": "2023-02-13T00:07:27.000Z",
      "manageableState": "installed",
      "namespacePrefix": "SBQQ",
      "type": "ApexTrigger"
    },
    {
      "createdById": "00541000002RzpjAAC",
      "createdByName": "Dylan Gerow",
      "createdDate": "2017-03-31T15:16:46.000Z",
      "fileName": "triggers/SBQQ__BlockPriceBefore.trigger",
      "fullName": "SBQQ__BlockPriceBefore",
      "id": "01q410000010OFgAAM",
      "lastModifiedById": "00541000002RzrVAAS",
      "lastModifiedByName": "Salesforce CPQ",
      "lastModifiedDate": "2023-02-13T00:07:24.000Z",
      "manageableState": "installed",
      "namespacePrefix": "SBQQ",
      "type": "ApexTrigger"
    },
    {
      "createdById": "0053f00000145zgAAA",
      "createdByName": "Nathan Wylder",
      "createdDate": "2020-02-07T15:36:52.000Z",
      "fileName": "triggers/pi__CampaignDeleteCheck.trigger",
      "fullName": "pi__CampaignDeleteCheck",
      "id": "01q3f000000CacQAAS",
      "lastModifiedById": "0053f00000145zgAAA",
      "lastModifiedByName": "Nathan Wylder",
      "lastModifiedDate": "2020-02-07T15:36:52.000Z",
      "manageableState": "installed",
      "namespacePrefix": "pi",
      "type": "ApexTrigger"
    },
    {
      "createdById": "0053f0000016G9aAAE",
      "createdByName": "Levi Kurtright",
      "createdDate": "2020-11-19T15:23:43.000Z",
      "fileName": "triggers/sbaa__ApprovalRuleBefore.trigger",
      "fullName": "sbaa__ApprovalRuleBefore",
      "id": "01q3f000000Cb2GAAS",
      "lastModifiedById": "0053f0000019650AAA",
      "lastModifiedByName": "Advanced Approvals",
      "lastModifiedDate": "2022-10-17T08:53:57.000Z",
      "manageableState": "installed",
      "namespacePrefix": "sbaa",
      "type": "ApexTrigger"
    },
    {
      "createdById": "00541000002RzpjAAC",
      "createdByName": "Dylan Gerow",
      "createdDate": "2017-03-31T15:16:46.000Z",
      "fileName": "triggers/SBQQ__ContractAfter.trigger",
      "fullName": "SBQQ__ContractAfter",
      "id": "01q410000010OFjAAM",
      "lastModifiedById": "00541000002RzrVAAS",
      "lastModifiedByName": "Salesforce CPQ",
      "lastModifiedDate": "2023-02-13T00:07:25.000Z",
      "manageableState": "installed",
      "namespacePrefix": "SBQQ",
      "type": "ApexTrigger"
    },
    {
      "createdById": "00541000004SMkpAAG",
      "createdByName": "SFDC Support",
      "createdDate": "2018-04-24T21:26:03.000Z",
      "fileName": "triggers/rh2__PS_Rollup_Dummy.trigger",
      "fullName": "rh2__PS_Rollup_Dummy",
      "id": "01q4100000225F6AAI",
      "lastModifiedById": "005410000064QVeAAM",
      "lastModifiedByName": "Rollup Helper",
      "lastModifiedDate": "2021-07-24T02:06:04.000Z",
      "manageableState": "installed",
      "namespacePrefix": "rh2",
      "type": "ApexTrigger"
    },
    {
      "createdById": "00541000002RzpjAAC",
      "createdByName": "Dylan Gerow",
      "createdDate": "2017-03-31T15:16:47.000Z",
      "fileName": "triggers/SBQQ__DimensionBefore.trigger",
      "fullName": "SBQQ__DimensionBefore",
      "id": "01q410000010OFpAAM",
      "lastModifiedById": "00541000002RzrVAAS",
      "lastModifiedByName": "Salesforce CPQ",
      "lastModifiedDate": "2023-02-13T00:07:25.000Z",
      "manageableState": "installed",
      "namespacePrefix": "SBQQ",
      "type": "ApexTrigger"
    },
    {
      "createdById": "0053f00000145zgAAA",
      "createdByName": "Nathan Wylder",
      "createdDate": "2021-11-10T16:47:17.000Z",
      "fileName": "triggers/FieldTracker_Account.trigger",
      "fullName": "FieldTracker_Account",
      "id": "01q3f000000PBVjAAO",
      "lastModifiedById": "0053f00000145zgAAA",
      "lastModifiedByName": "Nathan Wylder",
      "lastModifiedDate": "2021-11-10T16:47:17.000Z",
      "manageableState": "unmanaged",
      "type": "ApexTrigger"
    },
    {
      "createdById": "00541000002RzpjAAC",
      "createdByName": "Dylan Gerow",
      "createdDate": "2017-03-31T15:16:47.000Z",
      "fileName": "triggers/SBQQ__ProductOptionBefore.trigger",
      "fullName": "SBQQ__ProductOptionBefore",
      "id": "01q410000010OG9AAM",
      "lastModifiedById": "00541000002RzrVAAS",
      "lastModifiedByName": "Salesforce CPQ",
      "lastModifiedDate": "2023-02-13T00:07:26.000Z",
      "manageableState": "installed",
      "namespacePrefix": "SBQQ",
      "type": "ApexTrigger"
    },
    {
      "createdById": "00541000002RzpjAAC",
      "createdByName": "Dylan Gerow",
      "createdDate": "2017-03-31T15:16:47.000Z",
      "fileName": "triggers/SBQQ__CustomActionBefore.trigger",
      "fullName": "SBQQ__CustomActionBefore",
      "id": "01q410000010OFmAAM",
      "lastModifiedById": "00541000002RzrVAAS",
      "lastModifiedByName": "Salesforce CPQ",
      "lastModifiedDate": "2023-02-13T00:07:25.000Z",
      "manageableState": "installed",
      "namespacePrefix": "SBQQ",
      "type": "ApexTrigger"
    },
    {
      "createdById": "0053f00000145zgAAA",
      "createdByName": "Nathan Wylder",
      "createdDate": "2021-11-05T14:08:14.000Z",
      "fileName": "triggers/FieldTracker__UpdatingMixedDMLObjs.trigger",
      "fullName": "FieldTracker__UpdatingMixedDMLObjs",
      "id": "01q3f000000PBVWAA4",
      "lastModifiedById": "0053f00000145zgAAA",
      "lastModifiedByName": "Nathan Wylder",
      "lastModifiedDate": "2021-11-05T14:08:14.000Z",
      "manageableState": "installed",
      "namespacePrefix": "FieldTracker",
      "type": "ApexTrigger"
    },
    {
      "createdById": "00541000004SMkpAAG",
      "createdByName": "SFDC Support",
      "createdDate": "2018-04-30T23:32:14.000Z",
      "fileName": "triggers/SBQQ__TaxExemptionCertificateTrigger.trigger",
      "fullName": "SBQQ__TaxExemptionCertificateTrigger",
      "id": "01q4100000225LnAAI",
      "lastModifiedById": "00541000002RzrVAAS",
      "lastModifiedByName": "Salesforce CPQ",
      "lastModifiedDate": "2023-02-13T00:07:27.000Z",
      "manageableState": "installed",
      "namespacePrefix": "SBQQ",
      "type": "ApexTrigger"
    },
    {
      "createdById": "00541000004SMkpAAG",
      "createdByName": "SFDC Support",
      "createdDate": "2018-04-24T21:26:02.000Z",
      "fileName": "triggers/rh2__PS_Import_Rollups.trigger",
      "fullName": "rh2__PS_Import_Rollups",
      "id": "01q4100000225F3AAI",
      "lastModifiedById": "005410000064QVeAAM",
      "lastModifiedByName": "Rollup Helper",
      "lastModifiedDate": "2021-07-24T02:06:04.000Z",
      "manageableState": "installed",
      "namespacePrefix": "rh2",
      "type": "ApexTrigger"
    },
    {
      "createdById": "0053f0000016G9aAAE",
      "createdByName": "Levi Kurtright",
      "createdDate": "2020-11-19T15:23:43.000Z",
      "fileName": "triggers/sbaa__ApproverAfter.trigger",
      "fullName": "sbaa__ApproverAfter",
      "id": "01q3f000000Cb2IAAS",
      "lastModifiedById": "0053f0000019650AAA",
      "lastModifiedByName": "Advanced Approvals",
      "lastModifiedDate": "2022-10-17T08:53:57.000Z",
      "manageableState": "installed",
      "namespacePrefix": "sbaa",
      "type": "ApexTrigger"
    },
    {
      "createdById": "00541000002RzpjAAC",
      "createdByName": "Dylan Gerow",
      "createdDate": "2017-05-02T15:29:05.000Z",
      "fileName": "triggers/SBQQ__LookupQueryBefore.trigger",
      "fullName": "SBQQ__LookupQueryBefore",
      "id": "01q41000001L3uxAAC",
      "lastModifiedById": "00541000002RzrVAAS",
      "lastModifiedByName": "Salesforce CPQ",
      "lastModifiedDate": "2023-02-13T00:07:25.000Z",
      "manageableState": "installed",
      "namespacePrefix": "SBQQ",
      "type": "ApexTrigger"
    },
    {
      "createdById": "0053f00000145zgAAA",
      "createdByName": "Nathan Wylder",
      "createdDate": "2021-11-05T14:08:14.000Z",
      "fileName": "triggers/FieldTracker__Standard_Summary.trigger",
      "fullName": "FieldTracker__Standard_Summary",
      "id": "01q3f000000PBVVAA4",
      "lastModifiedById": "0053f00000145zgAAA",
      "lastModifiedByName": "Nathan Wylder",
      "lastModifiedDate": "2021-11-05T14:08:14.000Z",
      "manageableState": "installed",
      "namespacePrefix": "FieldTracker",
      "type": "ApexTrigger"
    },
    {
      "createdById": "00541000002RzpjAAC",
      "createdByName": "Dylan Gerow",
      "createdDate": "2017-03-31T15:16:46.000Z",
      "fileName": "triggers/SBQQ__ConfigurationRuleAfter.trigger",
      "fullName": "SBQQ__ConfigurationRuleAfter",
      "id": "01q410000010OFiAAM",
      "lastModifiedById": "00541000002RzrVAAS",
      "lastModifiedByName": "Salesforce CPQ",
      "lastModifiedDate": "2023-02-13T00:07:24.000Z",
      "manageableState": "installed",
      "namespacePrefix": "SBQQ",
      "type": "ApexTrigger"
    },
    {
      "createdById": "00541000002RzrVAAS",
      "createdByName": "Salesforce CPQ",
      "createdDate": "2019-02-09T07:34:06.000Z",
      "fileName": "triggers/SBQQ__SubscriptionConsumptionRateBefore.trigger",
      "fullName": "SBQQ__SubscriptionConsumptionRateBefore",
      "id": "01q2M000001r6WRQAY",
      "lastModifiedById": "00541000002RzrVAAS",
      "lastModifiedByName": "Salesforce CPQ",
      "lastModifiedDate": "2023-02-13T00:07:27.000Z",
      "manageableState": "installed",
      "namespacePrefix": "SBQQ",
      "type": "ApexTrigger"
    },
    {
      "createdById": "00541000002RzpjAAC",
      "createdByName": "Dylan Gerow",
      "createdDate": "2017-03-31T15:16:48.000Z",
      "fileName": "triggers/SBQQ__TermConditionBefore.trigger",
      "fullName": "SBQQ__TermConditionBefore",
      "id": "01q410000010OGNAA2",
      "lastModifiedById": "00541000002RzrVAAS",
      "lastModifiedByName": "Salesforce CPQ",
      "lastModifiedDate": "2023-02-13T00:07:27.000Z",
      "manageableState": "installed",
      "namespacePrefix": "SBQQ",
      "type": "ApexTrigger"
    },
    {
      "createdById": "00541000004SMkpAAG",
      "createdByName": "SFDC Support",
      "createdDate": "2018-04-24T21:26:02.000Z",
      "fileName": "triggers/rh2__PS_Contact.trigger",
      "fullName": "rh2__PS_Contact",
      "id": "01q4100000225EzAAI",
      "lastModifiedById": "005410000064QVeAAM",
      "lastModifiedByName": "Rollup Helper",
      "lastModifiedDate": "2021-07-24T02:06:04.000Z",
      "manageableState": "installed",
      "namespacePrefix": "rh2",
      "type": "ApexTrigger"
    },
    {
      "createdById": "00541000002RzpjAAC",
      "createdByName": "Dylan Gerow",
      "createdDate": "2017-03-31T15:16:47.000Z",
      "fileName": "triggers/SBQQ__ProductOptionAfter.trigger",
      "fullName": "SBQQ__ProductOptionAfter",
      "id": "01q410000010OG8AAM",
      "lastModifiedById": "00541000002RzrVAAS",
      "lastModifiedByName": "Salesforce CPQ",
      "lastModifiedDate": "2023-02-13T00:07:26.000Z",
      "manageableState": "installed",
      "namespacePrefix": "SBQQ",
      "type": "ApexTrigger"
    },
    {
      "createdById": "00541000003Aq3qAAC",
      "createdByName": "Jessica Deal",
      "createdDate": "2017-06-01T19:48:16.000Z",
      "fileName": "triggers/OrderTrigger.trigger",
      "fullName": "OrderTrigger",
      "id": "01q41000001LdS8AAK",
      "lastModifiedById": "00541000003Aq3qAAC",
      "lastModifiedByName": "Jessica Deal",
      "lastModifiedDate": "2017-07-31T21:40:09.000Z",
      "manageableState": "unmanaged",
      "type": "ApexTrigger"
    },
    {
      "createdById": "00541000003Aq3qAAC",
      "createdByName": "Jessica Deal",
      "createdDate": "2017-06-01T19:48:16.000Z",
      "fileName": "triggers/UserTrigger.trigger",
      "fullName": "UserTrigger",
      "id": "01q41000001LdSEAA0",
      "lastModifiedById": "0053f000000qKaxAAE",
      "lastModifiedByName": "Rajasekhar Vempati",
      "lastModifiedDate": "2022-12-07T11:09:12.000Z",
      "manageableState": "unmanaged",
      "type": "ApexTrigger"
    },
    {
      "createdById": "00541000002RzpjAAC",
      "createdByName": "Dylan Gerow",
      "createdDate": "2017-03-31T15:16:47.000Z",
      "fileName": "triggers/SBQQ__LocalizationBefore.trigger",
      "fullName": "SBQQ__LocalizationBefore",
      "id": "01q410000010OFuAAM",
      "lastModifiedById": "00541000002RzrVAAS",
      "lastModifiedByName": "Salesforce CPQ",
      "lastModifiedDate": "2023-02-13T00:07:25.000Z",
      "manageableState": "installed",
      "namespacePrefix": "SBQQ",
      "type": "ApexTrigger"
    },
    {
      "createdById": "00541000002RzpjAAC",
      "createdByName": "Dylan Gerow",
      "createdDate": "2017-03-31T15:16:47.000Z",
      "fileName": "triggers/SBQQ__ErrorConditionAfter.trigger",
      "fullName": "SBQQ__ErrorConditionAfter",
      "id": "01q410000010OFsAAM",
      "lastModifiedById": "00541000002RzrVAAS",
      "lastModifiedByName": "Salesforce CPQ",
      "lastModifiedDate": "2023-02-13T00:07:25.000Z",
      "manageableState": "installed",
      "namespacePrefix": "SBQQ",
      "type": "ApexTrigger"
    },
    {
      "createdById": "0053f00000145zgAAA",
      "createdByName": "Nathan Wylder",
      "createdDate": "2021-11-10T16:37:25.000Z",
      "fileName": "triggers/FieldTracker_User.trigger",
      "fullName": "FieldTracker_User",
      "id": "01q3f000000PBVZAA4",
      "lastModifiedById": "0053f00000145zgAAA",
      "lastModifiedByName": "Nathan Wylder",
      "lastModifiedDate": "2021-11-10T16:37:25.000Z",
      "manageableState": "unmanaged",
      "type": "ApexTrigger"
    },
    {
      "createdById": "00541000003Aq3qAAC",
      "createdByName": "Jessica Deal",
      "createdDate": "2017-06-01T19:48:16.000Z",
      "fileName": "triggers/TaskTrigger.trigger",
      "fullName": "TaskTrigger",
      "id": "01q41000001LdSBAA0",
      "lastModifiedById": "00541000003Aq3qAAC",
      "lastModifiedByName": "Jessica Deal",
      "lastModifiedDate": "2017-07-31T21:40:09.000Z",
      "manageableState": "unmanaged",
      "type": "ApexTrigger"
    },
    {
      "createdById": "00541000002RzpjAAC",
      "createdByName": "Dylan Gerow",
      "createdDate": "2017-03-31T15:16:47.000Z",
      "fileName": "triggers/SBQQ__DiscountTierBefore.trigger",
      "fullName": "SBQQ__DiscountTierBefore",
      "id": "01q410000010OFrAAM",
      "lastModifiedById": "00541000002RzrVAAS",
      "lastModifiedByName": "Salesforce CPQ",
      "lastModifiedDate": "2023-02-13T00:07:25.000Z",
      "manageableState": "installed",
      "namespacePrefix": "SBQQ",
      "type": "ApexTrigger"
    },
    {
      "createdById": "00541000002RzpjAAC",
      "createdByName": "Dylan Gerow",
      "createdDate": "2017-03-31T15:16:48.000Z",
      "fileName": "triggers/SBQQ__SummaryVariableAfter.trigger",
      "fullName": "SBQQ__SummaryVariableAfter",
      "id": "01q410000010OGMAA2",
      "lastModifiedById": "00541000002RzrVAAS",
      "lastModifiedByName": "Salesforce CPQ",
      "lastModifiedDate": "2023-02-13T00:07:27.000Z",
      "manageableState": "installed",
      "namespacePrefix": "SBQQ",
      "type": "ApexTrigger"
    },
    {
      "createdById": "00541000003Aq3qAAC",
      "createdByName": "Jessica Deal",
      "createdDate": "2017-06-01T19:48:15.000Z",
      "fileName": "triggers/CaseTrigger.trigger",
      "fullName": "CaseTrigger",
      "id": "01q41000001LdS4AAK",
      "lastModifiedById": "00541000003Aq3qAAC",
      "lastModifiedByName": "Jessica Deal",
      "lastModifiedDate": "2017-07-31T21:40:09.000Z",
      "manageableState": "unmanaged",
      "type": "ApexTrigger"
    },
    {
      "createdById": "00541000002RzpjAAC",
      "createdByName": "Dylan Gerow",
      "createdDate": "2017-03-31T15:16:48.000Z",
      "fileName": "triggers/SBQQ__QuoteTermBefore.trigger",
      "fullName": "SBQQ__QuoteTermBefore",
      "id": "01q410000010OGJAA2",
      "lastModifiedById": "00541000002RzrVAAS",
      "lastModifiedByName": "Salesforce CPQ",
      "lastModifiedDate": "2023-02-13T00:07:27.000Z",
      "manageableState": "installed",
      "namespacePrefix": "SBQQ",
      "type": "ApexTrigger"
    },
    {
      "createdById": "00541000002RzrVAAS",
      "createdByName": "Salesforce CPQ",
      "createdDate": "2019-02-09T07:34:06.000Z",
      "fileName": "triggers/SBQQ__QuoteLineConsumptionScheduleBefore.trigger",
      "fullName": "SBQQ__QuoteLineConsumptionScheduleBefore",
      "id": "01q2M000001r6WQQAY",
      "lastModifiedById": "00541000002RzrVAAS",
      "lastModifiedByName": "Salesforce CPQ",
      "lastModifiedDate": "2023-02-13T00:07:26.000Z",
      "manageableState": "installed",
      "namespacePrefix": "SBQQ",
      "type": "ApexTrigger"
    },
    {
      "createdById": "00541000002RzpjAAC",
      "createdByName": "Dylan Gerow",
      "createdDate": "2017-03-31T15:16:46.000Z",
      "fileName": "triggers/SBQQ__AccountBefore.trigger",
      "fullName": "SBQQ__AccountBefore",
      "id": "01q410000010OFeAAM",
      "lastModifiedById": "00541000002RzrVAAS",
      "lastModifiedByName": "Salesforce CPQ",
      "lastModifiedDate": "2023-02-13T00:07:24.000Z",
      "manageableState": "installed",
      "namespacePrefix": "SBQQ",
      "type": "ApexTrigger"
    },
    {
      "createdById": "00541000004SMkpAAG",
      "createdByName": "SFDC Support",
      "createdDate": "2020-06-10T20:14:08.000Z",
      "fileName": "triggers/QuoteRequestTrigger.trigger",
      "fullName": "QuoteRequestTrigger",
      "id": "01q3f000000CapzAAC",
      "lastModifiedById": "00541000004SMkpAAG",
      "lastModifiedByName": "SFDC Support",
      "lastModifiedDate": "2020-06-10T20:14:08.000Z",
      "manageableState": "unmanaged",
      "type": "ApexTrigger"
    },
    {
      "createdById": "00541000002RzrVAAS",
      "createdByName": "Salesforce CPQ",
      "createdDate": "2020-02-15T07:38:36.000Z",
      "fileName": "triggers/SBQQ__FieldSetMetadataDefaultBefore.trigger",
      "fullName": "SBQQ__FieldSetMetadataDefaultBefore",
      "id": "01q3f000000CacbAAC",
      "lastModifiedById": "00541000002RzrVAAS",
      "lastModifiedByName": "Salesforce CPQ",
      "lastModifiedDate": "2023-02-13T00:07:25.000Z",
      "manageableState": "installed",
      "namespacePrefix": "SBQQ",
      "type": "ApexTrigger"
    },
    {
      "createdById": "00541000004SyXBAA0",
      "createdByName": "Zack Patrick",
      "createdDate": "2021-05-06T14:00:45.000Z",
      "fileName": "triggers/dlrs_CaseTrigger.trigger",
      "fullName": "dlrs_CaseTrigger",
      "id": "01q3f0000008OhlAAE",
      "lastModifiedById": "00541000004SyXBAA0",
      "lastModifiedByName": "Zack Patrick",
      "lastModifiedDate": "2021-05-06T14:00:45.000Z",
      "manageableState": "unmanaged",
      "type": "ApexTrigger"
    },
    {
      "createdById": "00541000002RzpjAAC",
      "createdByName": "Dylan Gerow",
      "createdDate": "2017-03-31T15:16:48.000Z",
      "fileName": "triggers/SBQQ__QuoteLineGroupAfter.trigger",
      "fullName": "SBQQ__QuoteLineGroupAfter",
      "id": "01q410000010OGGAA2",
      "lastModifiedById": "00541000002RzrVAAS",
      "lastModifiedByName": "Salesforce CPQ",
      "lastModifiedDate": "2023-02-13T00:07:26.000Z",
      "manageableState": "installed",
      "namespacePrefix": "SBQQ",
      "type": "ApexTrigger"
    },
    {
      "createdById": "00541000002RzpjAAC",
      "createdByName": "Dylan Gerow",
      "createdDate": "2017-03-31T15:16:46.000Z",
      "fileName": "triggers/SBQQ__AdditionalDocumentsAfter.trigger",
      "fullName": "SBQQ__AdditionalDocumentsAfter",
      "id": "01q410000010OFfAAM",
      "lastModifiedById": "00541000002RzrVAAS",
      "lastModifiedByName": "Salesforce CPQ",
      "lastModifiedDate": "2023-02-13T00:07:24.000Z",
      "manageableState": "installed",
      "namespacePrefix": "SBQQ",
      "type": "ApexTrigger"
    },
    {
      "createdById": "00541000004SMkpAAG",
      "createdByName": "SFDC Support",
      "createdDate": "2018-04-24T21:26:02.000Z",
      "fileName": "triggers/rh2__PS_Account.trigger",
      "fullName": "rh2__PS_Account",
      "id": "01q4100000225EyAAI",
      "lastModifiedById": "005410000064QVeAAM",
      "lastModifiedByName": "Rollup Helper",
      "lastModifiedDate": "2021-07-24T02:06:04.000Z",
      "manageableState": "installed",
      "namespacePrefix": "rh2",
      "type": "ApexTrigger"
    },
    {
      "createdById": "00541000003Aq3qAAC",
      "createdByName": "Jessica Deal",
      "createdDate": "2017-06-01T19:48:15.000Z",
      "fileName": "triggers/OpportunityTrigger.trigger",
      "fullName": "OpportunityTrigger",
      "id": "01q41000001LdS7AAK",
      "lastModifiedById": "0053f0000019P7FAAU",
      "lastModifiedByName": "Simplus Admin",
      "lastModifiedDate": "2022-02-03T01:00:40.000Z",
      "manageableState": "unmanaged",
      "type": "ApexTrigger"
    },
    {
      "createdById": "00541000002RzpjAAC",
      "createdByName": "Dylan Gerow",
      "createdDate": "2017-03-31T15:16:47.000Z",
      "fileName": "triggers/SBQQ__ErrorConditionBefore.trigger",
      "fullName": "SBQQ__ErrorConditionBefore",
      "id": "01q410000010OFtAAM",
      "lastModifiedById": "00541000002RzrVAAS",
      "lastModifiedByName": "Salesforce CPQ",
      "lastModifiedDate": "2023-02-13T00:07:25.000Z",
      "manageableState": "installed",
      "namespacePrefix": "SBQQ",
      "type": "ApexTrigger"
    },
    {
      "createdById": "0053f0000016G9aAAE",
      "createdByName": "Levi Kurtright",
      "createdDate": "2020-11-19T15:23:43.000Z",
      "fileName": "triggers/sbaa__ApproverBefore.trigger",
      "fullName": "sbaa__ApproverBefore",
      "id": "01q3f000000Cb2JAAS",
      "lastModifiedById": "0053f0000019650AAA",
      "lastModifiedByName": "Advanced Approvals",
      "lastModifiedDate": "2022-10-17T08:53:57.000Z",
      "manageableState": "installed",
      "namespacePrefix": "sbaa",
      "type": "ApexTrigger"
    },
    {
      "createdById": "0053f00000145zgAAA",
      "createdByName": "Nathan Wylder",
      "createdDate": "2021-11-12T18:24:32.000Z",
      "fileName": "triggers/FieldTracker_Case.trigger",
      "fullName": "FieldTracker_Case",
      "id": "01q3f000000PBWNAA4",
      "lastModifiedById": "0053f00000145zgAAA",
      "lastModifiedByName": "Nathan Wylder",
      "lastModifiedDate": "2021-11-12T18:24:32.000Z",
      "manageableState": "unmanaged",
      "type": "ApexTrigger"
    },
    {
      "createdById": "0053f00000145zgAAA",
      "createdByName": "Nathan Wylder",
      "createdDate": "2020-02-07T15:36:52.000Z",
      "fileName": "triggers/pi__LogAccountChange.trigger",
      "fullName": "pi__LogAccountChange",
      "id": "01q3f000000CacSAAS",
      "lastModifiedById": "0053f00000145zgAAA",
      "lastModifiedByName": "Nathan Wylder",
      "lastModifiedDate": "2020-02-07T15:36:52.000Z",
      "manageableState": "installed",
      "namespacePrefix": "pi",
      "type": "ApexTrigger"
    },
    {
      "createdById": "00541000002RzpjAAC",
      "createdByName": "Dylan Gerow",
      "createdDate": "2017-05-02T15:29:06.000Z",
      "fileName": "triggers/SBQQ__ThemeAfter.trigger",
      "fullName": "SBQQ__ThemeAfter",
      "id": "01q41000001L3uzAAC",
      "lastModifiedById": "00541000002RzrVAAS",
      "lastModifiedByName": "Salesforce CPQ",
      "lastModifiedDate": "2023-02-13T00:07:27.000Z",
      "manageableState": "installed",
      "namespacePrefix": "SBQQ",
      "type": "ApexTrigger"
    },
    {
      "createdById": "0053f00000145zgAAA",
      "createdByName": "Nathan Wylder",
      "createdDate": "2020-02-07T15:36:52.000Z",
      "fileName": "triggers/pi__ChangeTaskFromPardotTask.trigger",
      "fullName": "pi__ChangeTaskFromPardotTask",
      "id": "01q3f000000CacRAAS",
      "lastModifiedById": "0053f00000145zgAAA",
      "lastModifiedByName": "Nathan Wylder",
      "lastModifiedDate": "2020-02-07T15:36:52.000Z",
      "manageableState": "installed",
      "namespacePrefix": "pi",
      "type": "ApexTrigger"
    },
    {
      "createdById": "00541000002RzrVAAS",
      "createdByName": "Salesforce CPQ",
      "createdDate": "2019-02-09T07:34:06.000Z",
      "fileName": "triggers/SBQQ__SubscriptionConsumptionScheduleBefore.trigger",
      "fullName": "SBQQ__SubscriptionConsumptionScheduleBefore",
      "id": "01q2M000001r6WSQAY",
      "lastModifiedById": "00541000002RzrVAAS",
      "lastModifiedByName": "Salesforce CPQ",
      "lastModifiedDate": "2023-02-13T00:07:27.000Z",
      "manageableState": "installed",
      "namespacePrefix": "SBQQ",
      "type": "ApexTrigger"
    },
    {
      "createdById": "00541000002RzrVAAS",
      "createdByName": "Salesforce CPQ",
      "createdDate": "2019-02-09T07:34:05.000Z",
      "fileName": "triggers/SBQQ__ProductConsumptionScheduleAfter.trigger",
      "fullName": "SBQQ__ProductConsumptionScheduleAfter",
      "id": "01q2M000001r6WMQAY",
      "lastModifiedById": "00541000002RzrVAAS",
      "lastModifiedByName": "Salesforce CPQ",
      "lastModifiedDate": "2023-02-13T00:07:26.000Z",
      "manageableState": "installed",
      "namespacePrefix": "SBQQ",
      "type": "ApexTrigger"
    },
    {
      "createdById": "00541000002RzpjAAC",
      "createdByName": "Dylan Gerow",
      "createdDate": "2017-07-20T16:53:00.000Z",
      "fileName": "triggers/ProductTrigger.trigger",
      "fullName": "ProductTrigger",
      "id": "01q41000001lcgoAAA",
      "lastModifiedById": "00541000003Aq3qAAC",
      "lastModifiedByName": "Jessica Deal",
      "lastModifiedDate": "2017-07-31T21:40:09.000Z",
      "manageableState": "unmanaged",
      "type": "ApexTrigger"
    },
    {
      "createdById": "00541000003Aq3qAAC",
      "createdByName": "Jessica Deal",
      "createdDate": "2017-06-01T19:48:16.000Z",
      "fileName": "triggers/dlrs_OpportunityTrigger.trigger",
      "fullName": "dlrs_OpportunityTrigger",
      "id": "01q41000001LdSGAA0",
      "lastModifiedById": "00541000003Aq3qAAC",
      "lastModifiedByName": "Jessica Deal",
      "lastModifiedDate": "2017-07-31T21:40:09.000Z",
      "manageableState": "unmanaged",
      "type": "ApexTrigger"
    },
    {
      "createdById": "00541000002RzrVAAS",
      "createdByName": "Salesforce CPQ",
      "createdDate": "2019-06-15T06:38:42.000Z",
      "fileName": "triggers/SBQQ__PricingGuidanceTierBefore.trigger",
      "fullName": "SBQQ__PricingGuidanceTierBefore",
      "id": "01q2M000001ucZBQAY",
      "lastModifiedById": "00541000002RzrVAAS",
      "lastModifiedByName": "Salesforce CPQ",
      "lastModifiedDate": "2023-02-13T00:07:26.000Z",
      "manageableState": "installed",
      "namespacePrefix": "SBQQ",
      "type": "ApexTrigger"
    },
    {
      "createdById": "00541000002RzrVAAS",
      "createdByName": "Salesforce CPQ",
      "createdDate": "2018-11-09T06:12:24.000Z",
      "fileName": "triggers/SBQQ__TemplateSectionBefore.trigger",
      "fullName": "SBQQ__TemplateSectionBefore",
      "id": "01q41000001uZGZAA2",
      "lastModifiedById": "00541000002RzrVAAS",
      "lastModifiedByName": "Salesforce CPQ",
      "lastModifiedDate": "2023-02-13T00:07:27.000Z",
      "manageableState": "installed",
      "namespacePrefix": "SBQQ",
      "type": "ApexTrigger"
    },
    {
      "createdById": "00541000002RzpjAAC",
      "createdByName": "Dylan Gerow",
      "createdDate": "2017-07-19T16:57:33.000Z",
      "fileName": "triggers/OrderItemTrigger.trigger",
      "fullName": "OrderItemTrigger",
      "id": "01q41000001la7SAAQ",
      "lastModifiedById": "00541000003Aq3qAAC",
      "lastModifiedByName": "Jessica Deal",
      "lastModifiedDate": "2017-07-31T21:40:09.000Z",
      "manageableState": "unmanaged",
      "type": "ApexTrigger"
    },
    {
      "createdById": "00541000002RzpjAAC",
      "createdByName": "Dylan Gerow",
      "createdDate": "2017-03-31T15:16:48.000Z",
      "fileName": "triggers/SBQQ__QuoteAfter.trigger",
      "fullName": "SBQQ__QuoteAfter",
      "id": "01q410000010OGCAA2",
      "lastModifiedById": "00541000002RzrVAAS",
      "lastModifiedByName": "Salesforce CPQ",
      "lastModifiedDate": "2023-02-13T00:07:26.000Z",
      "manageableState": "installed",
      "namespacePrefix": "SBQQ",
      "type": "ApexTrigger"
    },
    {
      "createdById": "00541000002RzpjAAC",
      "createdByName": "Dylan Gerow",
      "createdDate": "2017-05-11T13:54:17.000Z",
      "fileName": "triggers/dlrs__RollupSummariesTrigger.trigger",
      "fullName": "dlrs__RollupSummariesTrigger",
      "id": "01q41000001LDv2AAG",
      "lastModifiedById": "0053f00000145zgAAA",
      "lastModifiedByName": "Nathan Wylder",
      "lastModifiedDate": "2021-04-06T18:52:20.000Z",
      "manageableState": "installed",
      "namespacePrefix": "dlrs",
      "type": "ApexTrigger"
    },
    {
      "createdById": "00541000002RzpjAAC",
      "createdByName": "Dylan Gerow",
      "createdDate": "2017-03-31T15:16:48.000Z",
      "fileName": "triggers/SBQQ__SubscribedAssetAfter.trigger",
      "fullName": "SBQQ__SubscribedAssetAfter",
      "id": "01q410000010OGKAA2",
      "lastModifiedById": "00541000002RzrVAAS",
      "lastModifiedByName": "Salesforce CPQ",
      "lastModifiedDate": "2023-02-13T00:07:27.000Z",
      "manageableState": "installed",
      "namespacePrefix": "SBQQ",
      "type": "ApexTrigger"
    },
    {
      "createdById": "00541000002RzpjAAC",
      "createdByName": "Dylan Gerow",
      "createdDate": "2017-03-31T15:16:47.000Z",
      "fileName": "triggers/SBQQ__OrderProductTrigger.trigger",
      "fullName": "SBQQ__OrderProductTrigger",
      "id": "01q410000010OFyAAM",
      "lastModifiedById": "00541000002RzrVAAS",
      "lastModifiedByName": "Salesforce CPQ",
      "lastModifiedDate": "2023-02-13T00:07:25.000Z",
      "manageableState": "installed",
      "namespacePrefix": "SBQQ",
      "type": "ApexTrigger"
    }
  ]
}