{
  "status": 0,
  "result": [
    {
      "createdById": "00541000003Aq3qAAC",
      "createdByName": "Jessica Deal",
      "createdDate": "2017-06-01T19:47:50.000Z",
      "fileName": "approvalProcesses/SBQQ__Quote__c.Pricing_Approval.approvalProcess",
      "fullName": "SBQQ__Quote__c.Pricing_Approval",
      "id": "04a410000000gnSAAQ",
      "lastModifiedById": "00541000003Aq3qAAC",
      "lastModifiedByName": "Jessica Deal",
      "lastModifiedDate": "2017-07-10T21:13:12.000Z",
      "type": "ApprovalProcess"
    },
    {
      "createdById": "00541000004SMkpAAG",
      "createdByName": "SFDC Support",
      "createdDate": "2019-01-25T22:06:48.000Z",
      "fileName": "approvalProcesses/SBQQ__Quote__c.Quote_Approval_Process.approvalProcess",
      "fullName": "SBQQ__Quote__c.Quote_Approval_Process",
      "id": "04a2M000000LaASQA0",
      "lastModifiedById": "00541000004SyXBAA0",
      "lastModifiedByName": "Zack Patrick",
      "lastModifiedDate": "2021-03-25T00:35:32.000Z",
      "type": "ApprovalProcess"
    }
  ]
}