{
  "status": 0,
  "result": [
    {
      "createdById": "0053f00000145zgAAA",
      "createdByName": "Nathan Wylder",
      "createdDate": "2020-02-07T15:36:20.000Z",
      "fileName": "aura/pi__EngagementHistory",
      "fullName": "pi__EngagementHistory",
      "id": "0Ab3f0000004CPMCA2",
      "lastModifiedById": "0053f0000014nWOAAY",
      "lastModifiedByName": "Pardot",
      "lastModifiedDate": "2022-07-22T01:00:46.000Z",
      "manageableState": "installed",
      "namespacePrefix": "pi",
      "type": "AuraDefinitionBundle"
    },
    {
      "createdById": "0053f000000U5CCAA0",
      "createdByName": "Pooja Dendukoori",
      "createdDate": "2021-09-27T21:16:45.000Z",
      "fileName": "aura/sansancard__SSCardItem",
      "fullName": "sansancard__SSCardItem",
      "id": "0Ab3f000000GnrECAS",
      "lastModifiedById": "0053f000000U5CCAA0",
      "lastModifiedByName": "Pooja Dendukoori",
      "lastModifiedDate": "2021-09-27T21:17:06.000Z",
      "manageableState": "installed",
      "namespacePrefix": "sansancard",
      "type": "AuraDefinitionBundle"
    },
    {
      "createdById": "00541000002RzpjAAC",
      "createdByName": "Dylan Gerow",
      "createdDate": "2017-05-11T13:55:26.000Z",
      "fileName": "aura/kkltng__ndclick",
      "fullName": "kkltng__ndclick",
      "id": "0Ab41000000EUKiCAO",
      "lastModifiedById": "00541000002RzpjAAC",
      "lastModifiedByName": "Dylan Gerow",
      "lastModifiedDate": "2017-05-11T13:55:27.000Z",
      "manageableState": "installed",
      "namespacePrefix": "kkltng",
      "type": "AuraDefinitionBundle"
    },
    {
      "createdById": "0053f00000145zgAAA",
      "createdByName": "Nathan Wylder",
      "createdDate": "2021-03-04T22:12:40.000Z",
      "fileName": "aura/dsfs__EnvelopeConfigurationSave",
      "fullName": "dsfs__EnvelopeConfigurationSave",
      "id": "0Ab3f0000008OZwCAM",
      "lastModifiedById": "0053f00000145zgAAA",
      "lastModifiedByName": "Nathan Wylder",
      "lastModifiedDate": "2021-03-04T22:14:04.000Z",
      "manageableState": "installed",
      "namespacePrefix": "dsfs",
      "type": "AuraDefinitionBundle"
    },
    {
      "createdById": "0053f0000016G9aAAE",
      "createdByName": "Levi Kurtright",
      "createdDate": "2020-12-11T14:50:21.000Z",
      "fileName": "aura/AxiaAA__AXIA_AdvancedApprovals",
      "fullName": "AxiaAA__AXIA_AdvancedApprovals",
      "id": "0Ab3f0000004Cu2CAE",
      "lastModifiedById": "0053f0000016G9aAAE",
      "lastModifiedByName": "Levi Kurtright",
      "lastModifiedDate": "2020-12-11T14:50:24.000Z",
      "manageableState": "installed",
      "namespacePrefix": "AxiaAA",
      "type": "AuraDefinitionBundle"
    },
    {
      "createdById": "00541000004SMkpAAG",
      "createdByName": "SFDC Support",
      "createdDate": "2020-10-03T00:06:11.000Z",
      "fileName": "aura/NewProject",
      "fullName": "NewProject",
      "id": "0Ab3f0000004Cn0CAE",
      "lastModifiedById": "00541000004SyXBAA0",
      "lastModifiedByName": "Zack Patrick",
      "lastModifiedDate": "2022-06-24T19:14:40.000Z",
      "manageableState": "unmanaged",
      "type": "AuraDefinitionBundle"
    },
    {
      "createdById": "00541000004SMkpAAG",
      "createdByName": "SFDC Support",
      "createdDate": "2020-10-31T00:01:50.000Z",
      "fileName": "aura/EmailRecipentSearcher",
      "fullName": "EmailRecipentSearcher",
      "id": "0Ab3f0000004CqnCAE",
      "lastModifiedById": "00541000004SMkpAAG",
      "lastModifiedByName": "SFDC Support",
      "lastModifiedDate": "2020-10-31T00:01:52.000Z",
      "manageableState": "unmanaged",
      "type": "AuraDefinitionBundle"
    },
    {
      "createdById": "005410000064gGzAAI",
      "createdByName": "Daniel Adler",
      "createdDate": "2018-07-09T21:18:46.000Z",
      "fileName": "aura/DependentPicklist",
      "fullName": "DependentPicklist",
      "id": "0Ab41000000bwPzCAI",
      "lastModifiedById": "0053f000000qKaxAAE",
      "lastModifiedByName": "Rajasekhar Vempati",
      "lastModifiedDate": "2022-11-08T12:22:53.000Z",
      "manageableState": "unmanaged",
      "type": "AuraDefinitionBundle"
    },
    {
      "createdById": "0053f00000145zgAAA",
      "createdByName": "Nathan Wylder",
      "createdDate": "2020-02-07T15:36:20.000Z",
      "fileName": "aura/pi__EngagementHistoryMailRecordSelect",
      "fullName": "pi__EngagementHistoryMailRecordSelect",
      "id": "0Ab3f0000004CPTCA2",
      "lastModifiedById": "0053f0000014nWOAAY",
      "lastModifiedByName": "Pardot",
      "lastModifiedDate": "2022-07-22T01:00:46.000Z",
      "manageableState": "installed",
      "namespacePrefix": "pi",
      "type": "AuraDefinitionBundle"
    },
    {
      "createdById": "0053f00000145zgAAA",
      "createdByName": "Nathan Wylder",
      "createdDate": "2021-11-05T14:07:44.000Z",
      "fileName": "aura/FieldTracker__LoaderScreen",
      "fullName": "FieldTracker__LoaderScreen",
      "id": "0Ab3f000000Go4GCAS",
      "lastModifiedById": "0053f00000145zgAAA",
      "lastModifiedByName": "Nathan Wylder",
      "lastModifiedDate": "2021-11-05T14:07:44.000Z",
      "manageableState": "installed",
      "namespacePrefix": "FieldTracker",
      "type": "AuraDefinitionBundle"
    },
    {
      "createdById": "0053f00000145zgAAA",
      "createdByName": "Nathan Wylder",
      "createdDate": "2021-03-04T22:12:40.000Z",
      "fileName": "aura/dsfs__EnvelopeConfigurationModal",
      "fullName": "dsfs__EnvelopeConfigurationModal",
      "id": "0Ab3f0000008OZvCAM",
      "lastModifiedById": "0053f00000145zgAAA",
      "lastModifiedByName": "Nathan Wylder",
      "lastModifiedDate": "2021-03-04T22:14:03.000Z",
      "manageableState": "installed",
      "namespacePrefix": "dsfs",
      "type": "AuraDefinitionBundle"
    },
    {
      "createdById": "0053f00000145zgAAA",
      "createdByName": "Nathan Wylder",
      "createdDate": "2021-03-04T22:12:40.000Z",
      "fileName": "aura/dsfs__EnvelopeConfigurationRecipient",
      "fullName": "dsfs__EnvelopeConfigurationRecipient",
      "id": "0Ab3f0000008OZuCAM",
      "lastModifiedById": "0053f00000145zgAAA",
      "lastModifiedByName": "Nathan Wylder",
      "lastModifiedDate": "2021-03-04T22:14:03.000Z",
      "manageableState": "installed",
      "namespacePrefix": "dsfs",
      "type": "AuraDefinitionBundle"
    },
    {
      "createdById": "0053f00000145zgAAA",
      "createdByName": "Nathan Wylder",
      "createdDate": "2020-02-07T15:36:20.000Z",
      "fileName": "aura/pi__EngagementHistoryShowPaginator",
      "fullName": "pi__EngagementHistoryShowPaginator",
      "id": "0Ab3f0000004CPXCA2",
      "lastModifiedById": "0053f0000014nWOAAY",
      "lastModifiedByName": "Pardot",
      "lastModifiedDate": "2022-07-22T01:00:46.000Z",
      "manageableState": "installed",
      "namespacePrefix": "pi",
      "type": "AuraDefinitionBundle"
    },
    {
      "createdById": "00541000002RzrVAAS",
      "createdByName": "Salesforce CPQ",
      "createdDate": "2018-11-09T06:56:58.000Z",
      "fileName": "aura/SBQQ__createRecord",
      "fullName": "SBQQ__createRecord",
      "id": "0Ab410000002WCbCAM",
      "lastModifiedById": "00541000002RzrVAAS",
      "lastModifiedByName": "Salesforce CPQ",
      "lastModifiedDate": "2023-02-13T00:02:44.000Z",
      "manageableState": "installed",
      "namespacePrefix": "SBQQ",
      "type": "AuraDefinitionBundle"
    },
    {
      "createdById": "0053f00000145zgAAA",
      "createdByName": "Nathan Wylder",
      "createdDate": "2020-12-03T21:01:21.000Z",
      "fileName": "aura/CMTD__ERL_DeleteRecord",
      "fullName": "CMTD__ERL_DeleteRecord",
      "id": "0Ab3f0000004CttCAE",
      "lastModifiedById": "0053f00000145zgAAA",
      "lastModifiedByName": "Nathan Wylder",
      "lastModifiedDate": "2020-12-03T21:01:28.000Z",
      "manageableState": "installed",
      "namespacePrefix": "CMTD",
      "type": "AuraDefinitionBundle"
    },
    {
      "createdById": "0053f00000145zgAAA",
      "createdByName": "Nathan Wylder",
      "createdDate": "2020-12-03T21:01:21.000Z",
      "fileName": "aura/CMTD__ERL_List",
      "fullName": "CMTD__ERL_List",
      "id": "0Ab3f0000004CtrCAE",
      "lastModifiedById": "0053f00000145zgAAA",
      "lastModifiedByName": "Nathan Wylder",
      "lastModifiedDate": "2020-12-03T21:01:29.000Z",
      "manageableState": "installed",
      "namespacePrefix": "CMTD",
      "type": "AuraDefinitionBundle"
    },
    {
      "createdById": "00541000002RzpjAAC",
      "createdByName": "Dylan Gerow",
      "createdDate": "2017-05-11T13:55:26.000Z",
      "fileName": "aura/kkltng__rootndclick",
      "fullName": "kkltng__rootndclick",
      "id": "0Ab41000000EUKlCAO",
      "lastModifiedById": "00541000002RzpjAAC",
      "lastModifiedByName": "Dylan Gerow",
      "lastModifiedDate": "2017-05-11T13:55:27.000Z",
      "manageableState": "installed",
      "namespacePrefix": "kkltng",
      "type": "AuraDefinitionBundle"
    },
    {
      "createdById": "00541000004SMkpAAG",
      "createdByName": "SFDC Support",
      "createdDate": "2018-02-12T23:15:59.000Z",
      "fileName": "aura/Pricing_Analysis_Line",
      "fullName": "Pricing_Analysis_Line",
      "id": "0Ab4100000027TDCAY",
      "lastModifiedById": "00541000004SMkpAAG",
      "lastModifiedByName": "SFDC Support",
      "lastModifiedDate": "2018-03-09T23:01:22.000Z",
      "manageableState": "unmanaged",
      "type": "AuraDefinitionBundle"
    },
    {
      "createdById": "0053f00000145zgAAA",
      "createdByName": "Nathan Wylder",
      "createdDate": "2021-03-04T22:12:40.000Z",
      "fileName": "aura/dsfs__UIFormField",
      "fullName": "dsfs__UIFormField",
      "id": "0Ab3f0000008OZxCAM",
      "lastModifiedById": "0053f00000145zgAAA",
      "lastModifiedByName": "Nathan Wylder",
      "lastModifiedDate": "2021-03-04T22:14:04.000Z",
      "manageableState": "installed",
      "namespacePrefix": "dsfs",
      "type": "AuraDefinitionBundle"
    },
    {
      "createdById": "0053f00000145zgAAA",
      "createdByName": "Nathan Wylder",
      "createdDate": "2020-12-03T21:01:21.000Z",
      "fileName": "aura/CMTD__ERL_RefreshEvent",
      "fullName": "CMTD__ERL_RefreshEvent",
      "id": "0Ab3f0000004CtuCAE",
      "lastModifiedById": "0053f00000145zgAAA",
      "lastModifiedByName": "Nathan Wylder",
      "lastModifiedDate": "2020-12-03T21:01:29.000Z",
      "manageableState": "installed",
      "namespacePrefix": "CMTD",
      "type": "AuraDefinitionBundle"
    },
    {
      "createdById": "00541000002RzrVAAS",
      "createdByName": "Salesforce CPQ",
      "createdDate": "2018-11-09T06:56:58.000Z",
      "fileName": "aura/SBQQ__createOrder",
      "fullName": "SBQQ__createOrder",
      "id": "0Ab410000002WCaCAM",
      "lastModifiedById": "00541000002RzrVAAS",
      "lastModifiedByName": "Salesforce CPQ",
      "lastModifiedDate": "2023-02-13T00:02:44.000Z",
      "manageableState": "installed",
      "namespacePrefix": "SBQQ",
      "type": "AuraDefinitionBundle"
    },
    {
      "createdById": "005410000064gGzAAI",
      "createdByName": "Daniel Adler",
      "createdDate": "2018-07-09T21:18:46.000Z",
      "fileName": "aura/CloneCase",
      "fullName": "CloneCase",
      "id": "0Ab41000000bwPxCAI",
      "lastModifiedById": "00541000004SMkpAAG",
      "lastModifiedByName": "SFDC Support",
      "lastModifiedDate": "2020-07-25T00:00:25.000Z",
      "manageableState": "unmanaged",
      "type": "AuraDefinitionBundle"
    },
    {
      "createdById": "0053f000000U5CCAA0",
      "createdByName": "Pooja Dendukoori",
      "createdDate": "2021-09-27T21:16:45.000Z",
      "fileName": "aura/sansancard__SSCardFieldSettingsModal",
      "fullName": "sansancard__SSCardFieldSettingsModal",
      "id": "0Ab3f000000GnrHCAS",
      "lastModifiedById": "0053f000000U5CCAA0",
      "lastModifiedByName": "Pooja Dendukoori",
      "lastModifiedDate": "2021-09-27T21:17:05.000Z",
      "manageableState": "installed",
      "namespacePrefix": "sansancard",
      "type": "AuraDefinitionBundle"
    },
    {
      "createdById": "0053f000000U5CCAA0",
      "createdByName": "Pooja Dendukoori",
      "createdDate": "2021-09-27T21:16:45.000Z",
      "fileName": "aura/sansancard__SSCardSettingsMobile",
      "fullName": "sansancard__SSCardSettingsMobile",
      "id": "0Ab3f000000GnrFCAS",
      "lastModifiedById": "0053f000000U5CCAA0",
      "lastModifiedByName": "Pooja Dendukoori",
      "lastModifiedDate": "2021-09-27T21:17:06.000Z",
      "manageableState": "installed",
      "namespacePrefix": "sansancard",
      "type": "AuraDefinitionBundle"
    },
    {
      "createdById": "0053f00000145zgAAA",
      "createdByName": "Nathan Wylder",
      "createdDate": "2021-03-04T22:12:40.000Z",
      "fileName": "aura/dsfs__EnvelopeConfigurationManageLayouts",
      "fullName": "dsfs__EnvelopeConfigurationManageLayouts",
      "id": "0Ab3f0000008OZsCAM",
      "lastModifiedById": "0053f00000145zgAAA",
      "lastModifiedByName": "Nathan Wylder",
      "lastModifiedDate": "2021-03-04T22:14:03.000Z",
      "manageableState": "installed",
      "namespacePrefix": "dsfs",
      "type": "AuraDefinitionBundle"
    },
    {
      "createdById": "0053f000000U5CCAA0",
      "createdByName": "Pooja Dendukoori",
      "createdDate": "2022-09-28T13:23:55.000Z",
      "fileName": "aura/Wrike_Login",
      "fullName": "Wrike_Login",
      "id": "0Ab54000001ow1lCAA",
      "lastModifiedById": "0053f000000qKaxAAE",
      "lastModifiedByName": "Rajasekhar Vempati",
      "lastModifiedDate": "2022-10-17T14:36:26.000Z",
      "manageableState": "unmanaged",
      "type": "AuraDefinitionBundle"
    },
    {
      "createdById": "00541000002RzpjAAC",
      "createdByName": "Dylan Gerow",
      "createdDate": "2017-05-11T13:55:26.000Z",
      "fileName": "aura/kkltng__AccountHierarchy",
      "fullName": "kkltng__AccountHierarchy",
      "id": "0Ab41000000EUKfCAO",
      "lastModifiedById": "00541000002RzpjAAC",
      "lastModifiedByName": "Dylan Gerow",
      "lastModifiedDate": "2017-05-11T13:55:26.000Z",
      "manageableState": "installed",
      "namespacePrefix": "kkltng",
      "type": "AuraDefinitionBundle"
    },
    {
      "createdById": "0053f000000U5CCAA0",
      "createdByName": "Pooja Dendukoori",
      "createdDate": "2021-09-27T21:16:45.000Z",
      "fileName": "aura/sansancard__SSCardSettings",
      "fullName": "sansancard__SSCardSettings",
      "id": "0Ab3f000000Gnr9CAC",
      "lastModifiedById": "0053f000000U5CCAA0",
      "lastModifiedByName": "Pooja Dendukoori",
      "lastModifiedDate": "2021-09-27T21:17:08.000Z",
      "manageableState": "installed",
      "namespacePrefix": "sansancard",
      "type": "AuraDefinitionBundle"
    },
    {
      "createdById": "0053f00000145zgAAA",
      "createdByName": "Nathan Wylder",
      "createdDate": "2021-04-03T00:21:37.000Z",
      "fileName": "aura/ADS_SFDC_Oracle_Snyc_Cmp",
      "fullName": "ADS_SFDC_Oracle_Snyc_Cmp",
      "id": "0Ab3f0000008Om0CAE",
      "lastModifiedById": "0053f00000145zgAAA",
      "lastModifiedByName": "Nathan Wylder",
      "lastModifiedDate": "2021-04-03T00:22:05.000Z",
      "manageableState": "unmanaged",
      "type": "AuraDefinitionBundle"
    },
    {
      "createdById": "00541000004SMkpAAG",
      "createdByName": "SFDC Support",
      "createdDate": "2020-04-04T00:18:07.000Z",
      "fileName": "aura/QualityFeedbackCreate",
      "fullName": "QualityFeedbackCreate",
      "id": "0Ab3f0000004CV4CAM",
      "lastModifiedById": "00541000004SMkpAAG",
      "lastModifiedByName": "SFDC Support",
      "lastModifiedDate": "2020-06-02T21:34:53.000Z",
      "manageableState": "unmanaged",
      "type": "AuraDefinitionBundle"
    },
    {
      "createdById": "0053f00000145zgAAA",
      "createdByName": "Nathan Wylder",
      "createdDate": "2020-02-07T15:36:20.000Z",
      "fileName": "aura/pi__OutlookComposeVF",
      "fullName": "pi__OutlookComposeVF",
      "id": "0Ab3f0000004CPNCA2",
      "lastModifiedById": "0053f0000014nWOAAY",
      "lastModifiedByName": "Pardot",
      "lastModifiedDate": "2022-07-22T01:00:46.000Z",
      "manageableState": "installed",
      "namespacePrefix": "pi",
      "type": "AuraDefinitionBundle"
    },
    {
      "createdById": "0053f00000145zgAAA",
      "createdByName": "Nathan Wylder",
      "createdDate": "2020-02-07T15:36:20.000Z",
      "fileName": "aura/pi__ErrorMessage",
      "fullName": "pi__ErrorMessage",
      "id": "0Ab3f0000004CPgCAM",
      "lastModifiedById": "0053f0000014nWOAAY",
      "lastModifiedByName": "Pardot",
      "lastModifiedDate": "2022-07-22T01:00:46.000Z",
      "manageableState": "installed",
      "namespacePrefix": "pi",
      "type": "AuraDefinitionBundle"
    },
    {
      "createdById": "00541000002RzrVAAS",
      "createdByName": "Salesforce CPQ",
      "createdDate": "2019-02-09T07:31:05.000Z",
      "fileName": "aura/SBQQ__QLEDiagnosticTool",
      "fullName": "SBQQ__QLEDiagnosticTool",
      "id": "0Ab2M000000O9dNSAS",
      "lastModifiedById": "00541000002RzrVAAS",
      "lastModifiedByName": "Salesforce CPQ",
      "lastModifiedDate": "2023-02-13T00:02:44.000Z",
      "manageableState": "installed",
      "namespacePrefix": "SBQQ",
      "type": "AuraDefinitionBundle"
    },
    {
      "createdById": "0053f00000145zgAAA",
      "createdByName": "Nathan Wylder",
      "createdDate": "2020-12-03T21:01:21.000Z",
      "fileName": "aura/CMTD__ERL_RTSelector",
      "fullName": "CMTD__ERL_RTSelector",
      "id": "0Ab3f0000004CtvCAE",
      "lastModifiedById": "0053f00000145zgAAA",
      "lastModifiedByName": "Nathan Wylder",
      "lastModifiedDate": "2020-12-03T21:01:29.000Z",
      "manageableState": "installed",
      "namespacePrefix": "CMTD",
      "type": "AuraDefinitionBundle"
    },
    {
      "createdById": "00541000002RzpjAAC",
      "createdByName": "Dylan Gerow",
      "createdDate": "2017-05-11T13:55:26.000Z",
      "fileName": "aura/kkltng__HierarchyComponentExample",
      "fullName": "kkltng__HierarchyComponentExample",
      "id": "0Ab41000000EUKjCAO",
      "lastModifiedById": "00541000002RzpjAAC",
      "lastModifiedByName": "Dylan Gerow",
      "lastModifiedDate": "2017-05-11T13:55:27.000Z",
      "manageableState": "installed",
      "namespacePrefix": "kkltng",
      "type": "AuraDefinitionBundle"
    },
    {
      "createdById": "0053f000000U5CCAA0",
      "createdByName": "Pooja Dendukoori",
      "createdDate": "2021-09-27T21:16:45.000Z",
      "fileName": "aura/sansancard__SSCardChatterModal",
      "fullName": "sansancard__SSCardChatterModal",
      "id": "0Ab3f000000Gnr7CAC",
      "lastModifiedById": "0053f000000U5CCAA0",
      "lastModifiedByName": "Pooja Dendukoori",
      "lastModifiedDate": "2021-09-27T21:17:08.000Z",
      "manageableState": "installed",
      "namespacePrefix": "sansancard",
      "type": "AuraDefinitionBundle"
    },
    {
      "createdById": "0053f000000U5CCAA0",
      "createdByName": "Pooja Dendukoori",
      "createdDate": "2021-09-27T21:16:45.000Z",
      "fileName": "aura/sansancard__SSCardList",
      "fullName": "sansancard__SSCardList",
      "id": "0Ab3f000000GnrGCAS",
      "lastModifiedById": "0053f000000U5CCAA0",
      "lastModifiedByName": "Pooja Dendukoori",
      "lastModifiedDate": "2021-09-27T21:17:05.000Z",
      "manageableState": "installed",
      "namespacePrefix": "sansancard",
      "type": "AuraDefinitionBundle"
    },
    {
      "createdById": "00541000002RzpjAAC",
      "createdByName": "Dylan Gerow",
      "createdDate": "2017-05-11T13:55:26.000Z",
      "fileName": "aura/kkltng__Hierarchy",
      "fullName": "kkltng__Hierarchy",
      "id": "0Ab41000000EUKgCAO",
      "lastModifiedById": "00541000002RzpjAAC",
      "lastModifiedByName": "Dylan Gerow",
      "lastModifiedDate": "2017-05-11T13:55:26.000Z",
      "manageableState": "installed",
      "namespacePrefix": "kkltng",
      "type": "AuraDefinitionBundle"
    },
    {
      "createdById": "0053f00000145zgAAA",
      "createdByName": "Nathan Wylder",
      "createdDate": "2021-04-06T18:51:51.000Z",
      "fileName": "aura/dlrs__optimizerNotification",
      "fullName": "dlrs__optimizerNotification",
      "id": "0Ab3f0000008Om5CAE",
      "lastModifiedById": "0053f00000145zgAAA",
      "lastModifiedByName": "Nathan Wylder",
      "lastModifiedDate": "2021-04-06T18:52:26.000Z",
      "manageableState": "installed",
      "namespacePrefix": "dlrs",
      "type": "AuraDefinitionBundle"
    },
    {
      "createdById": "0053f00000145zgAAA",
      "createdByName": "Nathan Wylder",
      "createdDate": "2021-11-05T14:07:44.000Z",
      "fileName": "aura/FieldTracker__FieldConfgPage_App",
      "fullName": "FieldTracker__FieldConfgPage_App",
      "id": "0Ab3f000000Go4FCAS",
      "lastModifiedById": "0053f00000145zgAAA",
      "lastModifiedByName": "Nathan Wylder",
      "lastModifiedDate": "2021-11-05T14:07:44.000Z",
      "manageableState": "installed",
      "namespacePrefix": "FieldTracker",
      "type": "AuraDefinitionBundle"
    },
    {
      "createdById": "0053f00000145zgAAA",
      "createdByName": "Nathan Wylder",
      "createdDate": "2020-12-03T21:01:21.000Z",
      "fileName": "aura/CMTD__EnhancedRelatedList",
      "fullName": "CMTD__EnhancedRelatedList",
      "id": "0Ab3f0000004CtsCAE",
      "lastModifiedById": "0053f00000145zgAAA",
      "lastModifiedByName": "Nathan Wylder",
      "lastModifiedDate": "2020-12-03T21:01:29.000Z",
      "manageableState": "installed",
      "namespacePrefix": "CMTD",
      "type": "AuraDefinitionBundle"
    },
    {
      "createdById": "0053f00000145zgAAA",
      "createdByName": "Nathan Wylder",
      "createdDate": "2022-12-20T19:22:05.000Z",
      "fileName": "aura/LWCCaseTimer__serviceConsoleCaseTimerWrapper",
      "fullName": "LWCCaseTimer__serviceConsoleCaseTimerWrapper",
      "id": "0Ab54000001oyQyCAI",
      "lastModifiedById": "0053f00000145zgAAA",
      "lastModifiedByName": "Nathan Wylder",
      "lastModifiedDate": "2022-12-20T19:22:05.000Z",
      "manageableState": "installed",
      "namespacePrefix": "LWCCaseTimer",
      "type": "AuraDefinitionBundle"
    },
    {
      "createdById": "0053f00000145zgAAA",
      "createdByName": "Nathan Wylder",
      "createdDate": "2020-12-03T21:01:21.000Z",
      "fileName": "aura/CMTD__ERL_Tile",
      "fullName": "CMTD__ERL_Tile",
      "id": "0Ab3f0000004CtxCAE",
      "lastModifiedById": "0053f00000145zgAAA",
      "lastModifiedByName": "Nathan Wylder",
      "lastModifiedDate": "2020-12-03T21:01:29.000Z",
      "manageableState": "installed",
      "namespacePrefix": "CMTD",
      "type": "AuraDefinitionBundle"
    },
    {
      "createdById": "0053f000000U5CCAA0",
      "createdByName": "Pooja Dendukoori",
      "createdDate": "2021-09-27T21:16:45.000Z",
      "fileName": "aura/sansancard__SSCardDupModal",
      "fullName": "sansancard__SSCardDupModal",
      "id": "0Ab3f000000GnrBCAS",
      "lastModifiedById": "0053f000000U5CCAA0",
      "lastModifiedByName": "Pooja Dendukoori",
      "lastModifiedDate": "2021-09-27T21:17:06.000Z",
      "manageableState": "installed",
      "namespacePrefix": "sansancard",
      "type": "AuraDefinitionBundle"
    },
    {
      "createdById": "00541000002RzpjAAC",
      "createdByName": "Dylan Gerow",
      "createdDate": "2017-05-11T13:55:26.000Z",
      "fileName": "aura/kkltng__HierarchyComponentExampleApex",
      "fullName": "kkltng__HierarchyComponentExampleApex",
      "id": "0Ab41000000EUKeCAO",
      "lastModifiedById": "00541000002RzpjAAC",
      "lastModifiedByName": "Dylan Gerow",
      "lastModifiedDate": "2017-05-11T13:55:26.000Z",
      "manageableState": "installed",
      "namespacePrefix": "kkltng",
      "type": "AuraDefinitionBundle"
    },
    {
      "createdById": "0053f00000145zgAAA",
      "createdByName": "Nathan Wylder",
      "createdDate": "2021-03-04T22:12:40.000Z",
      "fileName": "aura/dsfs__EnvelopeConfigurationMapping",
      "fullName": "dsfs__EnvelopeConfigurationMapping",
      "id": "0Ab3f0000008OZtCAM",
      "lastModifiedById": "0053f00000145zgAAA",
      "lastModifiedByName": "Nathan Wylder",
      "lastModifiedDate": "2021-03-04T22:14:01.000Z",
      "manageableState": "installed",
      "namespacePrefix": "dsfs",
      "type": "AuraDefinitionBundle"
    },
    {
      "createdById": "0053f000000U5CCAA0",
      "createdByName": "Pooja Dendukoori",
      "createdDate": "2021-09-27T21:16:45.000Z",
      "fileName": "aura/sansancard__SSCardTransferModal",
      "fullName": "sansancard__SSCardTransferModal",
      "id": "0Ab3f000000Gnr8CAC",
      "lastModifiedById": "0053f000000U5CCAA0",
      "lastModifiedByName": "Pooja Dendukoori",
      "lastModifiedDate": "2021-09-27T21:17:08.000Z",
      "manageableState": "installed",
      "namespacePrefix": "sansancard",
      "type": "AuraDefinitionBundle"
    },
    {
      "createdById": "00541000002RzpjAAC",
      "createdByName": "Dylan Gerow",
      "createdDate": "2017-05-11T13:55:26.000Z",
      "fileName": "aura/kkltng__righticonclick",
      "fullName": "kkltng__righticonclick",
      "id": "0Ab41000000EUKmCAO",
      "lastModifiedById": "00541000002RzpjAAC",
      "lastModifiedByName": "Dylan Gerow",
      "lastModifiedDate": "2017-05-11T13:55:27.000Z",
      "manageableState": "installed",
      "namespacePrefix": "kkltng",
      "type": "AuraDefinitionBundle"
    },
    {
      "createdById": "0053f00000145zgAAA",
      "createdByName": "Nathan Wylder",
      "createdDate": "2020-02-07T15:36:20.000Z",
      "fileName": "aura/pi__EngagementHistoryApp",
      "fullName": "pi__EngagementHistoryApp",
      "id": "0Ab3f0000004CPeCAM",
      "lastModifiedById": "0053f0000014nWOAAY",
      "lastModifiedByName": "Pardot",
      "lastModifiedDate": "2022-07-22T01:00:46.000Z",
      "manageableState": "installed",
      "namespacePrefix": "pi",
      "type": "AuraDefinitionBundle"
    },
    {
      "createdById": "0053f00000145zgAAA",
      "createdByName": "Nathan Wylder",
      "createdDate": "2021-11-05T14:07:44.000Z",
      "fileName": "aura/FieldTracker__TrackingObject",
      "fullName": "FieldTracker__TrackingObject",
      "id": "0Ab3f000000Go4JCAS",
      "lastModifiedById": "0053f00000145zgAAA",
      "lastModifiedByName": "Nathan Wylder",
      "lastModifiedDate": "2021-11-05T14:07:44.000Z",
      "manageableState": "installed",
      "namespacePrefix": "FieldTracker",
      "type": "AuraDefinitionBundle"
    },
    {
      "createdById": "0053f00000145zgAAA",
      "createdByName": "Nathan Wylder",
      "createdDate": "2021-03-04T22:12:39.000Z",
      "fileName": "aura/dsfs__EnvelopeConfigurationAdvancedParameters",
      "fullName": "dsfs__EnvelopeConfigurationAdvancedParameters",
      "id": "0Ab3f0000008OZrCAM",
      "lastModifiedById": "0053f00000145zgAAA",
      "lastModifiedByName": "Nathan Wylder",
      "lastModifiedDate": "2021-03-04T22:14:04.000Z",
      "manageableState": "installed",
      "namespacePrefix": "dsfs",
      "type": "AuraDefinitionBundle"
    },
    {
      "createdById": "0053f00000145zgAAA",
      "createdByName": "Nathan Wylder",
      "createdDate": "2020-02-07T15:36:20.000Z",
      "fileName": "aura/pi__EngagementHistoryPageChange",
      "fullName": "pi__EngagementHistoryPageChange",
      "id": "0Ab3f0000004CPRCA2",
      "lastModifiedById": "0053f0000014nWOAAY",
      "lastModifiedByName": "Pardot",
      "lastModifiedDate": "2022-07-22T01:00:46.000Z",
      "manageableState": "installed",
      "namespacePrefix": "pi",
      "type": "AuraDefinitionBundle"
    },
    {
      "createdById": "0053f00000145zgAAA",
      "createdByName": "Nathan Wylder",
      "createdDate": "2021-04-03T00:21:37.000Z",
      "fileName": "aura/ADS_SFDC_Oracle_Snyc_Historical_Cmp",
      "fullName": "ADS_SFDC_Oracle_Snyc_Historical_Cmp",
      "id": "0Ab3f0000008Om1CAE",
      "lastModifiedById": "0053f00000145zgAAA",
      "lastModifiedByName": "Nathan Wylder",
      "lastModifiedDate": "2021-04-03T00:22:04.000Z",
      "manageableState": "unmanaged",
      "type": "AuraDefinitionBundle"
    },
    {
      "createdById": "0053f00000145zgAAA",
      "createdByName": "Nathan Wylder",
      "createdDate": "2020-02-07T15:36:20.000Z",
      "fileName": "aura/pi__EngagementHistoryPersonSelected",
      "fullName": "pi__EngagementHistoryPersonSelected",
      "id": "0Ab3f0000004CPWCA2",
      "lastModifiedById": "0053f0000014nWOAAY",
      "lastModifiedByName": "Pardot",
      "lastModifiedDate": "2022-07-22T01:00:46.000Z",
      "manageableState": "installed",
      "namespacePrefix": "pi",
      "type": "AuraDefinitionBundle"
    },
    {
      "createdById": "0053f00000145zgAAA",
      "createdByName": "Nathan Wylder",
      "createdDate": "2020-02-07T15:36:20.000Z",
      "fileName": "aura/pi__EngagementHistoryMail",
      "fullName": "pi__EngagementHistoryMail",
      "id": "0Ab3f0000004CPfCAM",
      "lastModifiedById": "0053f0000014nWOAAY",
      "lastModifiedByName": "Pardot",
      "lastModifiedDate": "2022-07-22T01:00:46.000Z",
      "manageableState": "installed",
      "namespacePrefix": "pi",
      "type": "AuraDefinitionBundle"
    },
    {
      "createdById": "0053f000000U5CCAA0",
      "createdByName": "Pooja Dendukoori",
      "createdDate": "2021-09-27T21:16:45.000Z",
      "fileName": "aura/sansancard__EditFieldModal",
      "fullName": "sansancard__EditFieldModal",
      "id": "0Ab3f000000GnrJCAS",
      "lastModifiedById": "0053f000000U5CCAA0",
      "lastModifiedByName": "Pooja Dendukoori",
      "lastModifiedDate": "2021-09-27T21:17:05.000Z",
      "manageableState": "installed",
      "namespacePrefix": "sansancard",
      "type": "AuraDefinitionBundle"
    },
    {
      "createdById": "0053f00000145zgAAA",
      "createdByName": "Nathan Wylder",
      "createdDate": "2020-02-07T15:36:20.000Z",
      "fileName": "aura/pi__EngagementHistoryChangeIndex",
      "fullName": "pi__EngagementHistoryChangeIndex",
      "id": "0Ab3f0000004CPbCAM",
      "lastModifiedById": "0053f0000014nWOAAY",
      "lastModifiedByName": "Pardot",
      "lastModifiedDate": "2022-07-22T01:00:46.000Z",
      "manageableState": "installed",
      "namespacePrefix": "pi",
      "type": "AuraDefinitionBundle"
    },
    {
      "createdById": "005410000064gGzAAI",
      "createdByName": "Daniel Adler",
      "createdDate": "2018-07-09T21:18:46.000Z",
      "fileName": "aura/PicklistSelect",
      "fullName": "PicklistSelect",
      "id": "0Ab41000000bwQ0CAI",
      "lastModifiedById": "005410000065SDyAAM",
      "lastModifiedByName": "Cole Baughn",
      "lastModifiedDate": "2018-10-15T02:07:37.000Z",
      "manageableState": "unmanaged",
      "type": "AuraDefinitionBundle"
    },
    {
      "createdById": "0053f00000145zgAAA",
      "createdByName": "Nathan Wylder",
      "createdDate": "2020-12-03T21:01:21.000Z",
      "fileName": "aura/CMTD__ERL_RecordNavigation",
      "fullName": "CMTD__ERL_RecordNavigation",
      "id": "0Ab3f0000004CtwCAE",
      "lastModifiedById": "0053f00000145zgAAA",
      "lastModifiedByName": "Nathan Wylder",
      "lastModifiedDate": "2020-12-03T21:01:29.000Z",
      "manageableState": "installed",
      "namespacePrefix": "CMTD",
      "type": "AuraDefinitionBundle"
    },
    {
      "createdById": "0053f000000U5CCAA0",
      "createdByName": "Pooja Dendukoori",
      "createdDate": "2021-09-27T21:16:45.000Z",
      "fileName": "aura/sansancard__SearchModal",
      "fullName": "sansancard__SearchModal",
      "id": "0Ab3f000000Gnr6CAC",
      "lastModifiedById": "0053f000000U5CCAA0",
      "lastModifiedByName": "Pooja Dendukoori",
      "lastModifiedDate": "2021-09-27T21:17:04.000Z",
      "manageableState": "installed",
      "namespacePrefix": "sansancard",
      "type": "AuraDefinitionBundle"
    },
    {
      "createdById": "0053f00000145zgAAA",
      "createdByName": "Nathan Wylder",
      "createdDate": "2021-11-05T14:07:44.000Z",
      "fileName": "aura/FieldTracker__RefreshEvent",
      "fullName": "FieldTracker__RefreshEvent",
      "id": "0Ab3f000000Go4HCAS",
      "lastModifiedById": "0053f00000145zgAAA",
      "lastModifiedByName": "Nathan Wylder",
      "lastModifiedDate": "2021-11-05T14:07:44.000Z",
      "manageableState": "installed",
      "namespacePrefix": "FieldTracker",
      "type": "AuraDefinitionBundle"
    },
    {
      "createdById": "0053f0000016G9aAAE",
      "createdByName": "Levi Kurtright",
      "createdDate": "2020-12-11T14:50:21.000Z",
      "fileName": "aura/AxiaAA__AXIA_AdvancedApprovalsCell",
      "fullName": "AxiaAA__AXIA_AdvancedApprovalsCell",
      "id": "0Ab3f0000004Cu1CAE",
      "lastModifiedById": "0053f0000016G9aAAE",
      "lastModifiedByName": "Levi Kurtright",
      "lastModifiedDate": "2020-12-11T14:50:24.000Z",
      "manageableState": "installed",
      "namespacePrefix": "AxiaAA",
      "type": "AuraDefinitionBundle"
    },
    {
      "createdById": "0053f00000145zgAAA",
      "createdByName": "Nathan Wylder",
      "createdDate": "2020-02-07T15:36:20.000Z",
      "fileName": "aura/pi__SvgIcon",
      "fullName": "pi__SvgIcon",
      "id": "0Ab3f0000004CPaCAM",
      "lastModifiedById": "0053f0000014nWOAAY",
      "lastModifiedByName": "Pardot",
      "lastModifiedDate": "2022-07-22T01:00:46.000Z",
      "manageableState": "installed",
      "namespacePrefix": "pi",
      "type": "AuraDefinitionBundle"
    },
    {
      "createdById": "0053f000000U5CCAA0",
      "createdByName": "Pooja Dendukoori",
      "createdDate": "2021-09-27T21:16:45.000Z",
      "fileName": "aura/sansancard__SSCardDupModalMobile",
      "fullName": "sansancard__SSCardDupModalMobile",
      "id": "0Ab3f000000GnrCCAS",
      "lastModifiedById": "0053f000000U5CCAA0",
      "lastModifiedByName": "Pooja Dendukoori",
      "lastModifiedDate": "2021-09-27T21:17:06.000Z",
      "manageableState": "installed",
      "namespacePrefix": "sansancard",
      "type": "AuraDefinitionBundle"
    },
    {
      "createdById": "0053f00000145zgAAA",
      "createdByName": "Nathan Wylder",
      "createdDate": "2021-04-06T18:51:51.000Z",
      "fileName": "aura/dlrs__optimizer",
      "fullName": "dlrs__optimizer",
      "id": "0Ab3f0000008Om6CAE",
      "lastModifiedById": "0053f00000145zgAAA",
      "lastModifiedByName": "Nathan Wylder",
      "lastModifiedDate": "2021-04-06T18:52:26.000Z",
      "manageableState": "installed",
      "namespacePrefix": "dlrs",
      "type": "AuraDefinitionBundle"
    },
    {
      "createdById": "0053f00000145zgAAA",
      "createdByName": "Nathan Wylder",
      "createdDate": "2020-02-07T15:36:20.000Z",
      "fileName": "aura/pi__EngageAlertsActivityHistory",
      "fullName": "pi__EngageAlertsActivityHistory",
      "id": "0Ab3f0000004CPLCA2",
      "lastModifiedById": "0053f0000014nWOAAY",
      "lastModifiedByName": "Pardot",
      "lastModifiedDate": "2022-07-22T01:00:46.000Z",
      "manageableState": "installed",
      "namespacePrefix": "pi",
      "type": "AuraDefinitionBundle"
    },
    {
      "createdById": "0053f00000145zgAAA",
      "createdByName": "Nathan Wylder",
      "createdDate": "2020-02-07T15:36:20.000Z",
      "fileName": "aura/pi__EngagementHistoryListItemMetadata",
      "fullName": "pi__EngagementHistoryListItemMetadata",
      "id": "0Ab3f0000004CPSCA2",
      "lastModifiedById": "0053f0000014nWOAAY",
      "lastModifiedByName": "Pardot",
      "lastModifiedDate": "2022-07-22T01:00:46.000Z",
      "manageableState": "installed",
      "namespacePrefix": "pi",
      "type": "AuraDefinitionBundle"
    },
    {
      "createdById": "00541000002RzpjAAC",
      "createdByName": "Dylan Gerow",
      "createdDate": "2017-05-11T13:55:26.000Z",
      "fileName": "aura/kkltng__OrgHierarchy",
      "fullName": "kkltng__OrgHierarchy",
      "id": "0Ab41000000EUKkCAO",
      "lastModifiedById": "00541000002RzpjAAC",
      "lastModifiedByName": "Dylan Gerow",
      "lastModifiedDate": "2017-05-11T13:55:27.000Z",
      "manageableState": "installed",
      "namespacePrefix": "kkltng",
      "type": "AuraDefinitionBundle"
    },
    {
      "createdById": "0053f00000145zgAAA",
      "createdByName": "Nathan Wylder",
      "createdDate": "2020-02-07T15:36:20.000Z",
      "fileName": "aura/pi__OutlookCompose",
      "fullName": "pi__OutlookCompose",
      "id": "0Ab3f0000004CPUCA2",
      "lastModifiedById": "0053f0000014nWOAAY",
      "lastModifiedByName": "Pardot",
      "lastModifiedDate": "2022-07-22T01:00:46.000Z",
      "manageableState": "installed",
      "namespacePrefix": "pi",
      "type": "AuraDefinitionBundle"
    },
    {
      "createdById": "0053f000000U5CCAA0",
      "createdByName": "Pooja Dendukoori",
      "createdDate": "2021-09-27T21:16:45.000Z",
      "fileName": "aura/sansancard__SSCardListMobile",
      "fullName": "sansancard__SSCardListMobile",
      "id": "0Ab3f000000GnrACAS",
      "lastModifiedById": "0053f000000U5CCAA0",
      "lastModifiedByName": "Pooja Dendukoori",
      "lastModifiedDate": "2021-09-27T21:17:06.000Z",
      "manageableState": "installed",
      "namespacePrefix": "sansancard",
      "type": "AuraDefinitionBundle"
    },
    {
      "createdById": "00541000004SMkpAAG",
      "createdByName": "SFDC Support",
      "createdDate": "2018-02-12T23:15:59.000Z",
      "fileName": "aura/Quote_Pricing_Analysis",
      "fullName": "Quote_Pricing_Analysis",
      "id": "0Ab4100000027TCCAY",
      "lastModifiedById": "00541000004SMkpAAG",
      "lastModifiedByName": "SFDC Support",
      "lastModifiedDate": "2018-03-13T22:08:11.000Z",
      "manageableState": "unmanaged",
      "type": "AuraDefinitionBundle"
    },
    {
      "createdById": "00541000002RzpjAAC",
      "createdByName": "Dylan Gerow",
      "createdDate": "2017-03-31T15:12:58.000Z",
      "fileName": "aura/SBQQ__defaultTokens",
      "fullName": "SBQQ__defaultTokens",
      "id": "0Ab41000000IgWzCAK",
      "lastModifiedById": "00541000002RzrVAAS",
      "lastModifiedByName": "Salesforce CPQ",
      "lastModifiedDate": "2023-02-13T00:02:44.000Z",
      "manageableState": "installed",
      "namespacePrefix": "SBQQ",
      "type": "AuraDefinitionBundle"
    },
    {
      "createdById": "0053f00000145zgAAA",
      "createdByName": "Nathan Wylder",
      "createdDate": "2021-03-04T22:12:39.000Z",
      "fileName": "aura/dsfs__EnvelopeConfiguration",
      "fullName": "dsfs__EnvelopeConfiguration",
      "id": "0Ab3f0000008OZqCAM",
      "lastModifiedById": "0053f00000145zgAAA",
      "lastModifiedByName": "Nathan Wylder",
      "lastModifiedDate": "2021-03-04T22:14:04.000Z",
      "manageableState": "installed",
      "namespacePrefix": "dsfs",
      "type": "AuraDefinitionBundle"
    },
    {
      "createdById": "0053f00000145zgAAA",
      "createdByName": "Nathan Wylder",
      "createdDate": "2020-02-07T15:36:20.000Z",
      "fileName": "aura/pi__EngagementHistoryMailRecordSelectOption",
      "fullName": "pi__EngagementHistoryMailRecordSelectOption",
      "id": "0Ab3f0000004CPYCA2",
      "lastModifiedById": "0053f0000014nWOAAY",
      "lastModifiedByName": "Pardot",
      "lastModifiedDate": "2022-07-22T01:00:46.000Z",
      "manageableState": "installed",
      "namespacePrefix": "pi",
      "type": "AuraDefinitionBundle"
    },
    {
      "createdById": "0053f00000145zgAAA",
      "createdByName": "Nathan Wylder",
      "createdDate": "2021-03-04T22:12:40.000Z",
      "fileName": "aura/dsfs__ListViewSelect",
      "fullName": "dsfs__ListViewSelect",
      "id": "0Ab3f0000008OZyCAM",
      "lastModifiedById": "0053f00000145zgAAA",
      "lastModifiedByName": "Nathan Wylder",
      "lastModifiedDate": "2021-03-04T22:14:04.000Z",
      "manageableState": "installed",
      "namespacePrefix": "dsfs",
      "type": "AuraDefinitionBundle"
    },
    {
      "createdById": "0053f00000145zgAAA",
      "createdByName": "Nathan Wylder",
      "createdDate": "2021-11-05T14:07:44.000Z",
      "fileName": "aura/FieldTracker__FieldConfgPage",
      "fullName": "FieldTracker__FieldConfgPage",
      "id": "0Ab3f000000Go4ICAS",
      "lastModifiedById": "0053f00000145zgAAA",
      "lastModifiedByName": "Nathan Wylder",
      "lastModifiedDate": "2021-11-05T14:07:44.000Z",
      "manageableState": "installed",
      "namespacePrefix": "FieldTracker",
      "type": "AuraDefinitionBundle"
    },
    {
      "createdById": "005410000064gGzAAI",
      "createdByName": "Daniel Adler",
      "createdDate": "2018-07-09T21:18:46.000Z",
      "fileName": "aura/EngineeringServiceRequests",
      "fullName": "EngineeringServiceRequests",
      "id": "0Ab41000000bwPyCAI",
      "lastModifiedById": "0053f000000qKaxAAE",
      "lastModifiedByName": "Rajasekhar Vempati",
      "lastModifiedDate": "2022-11-14T13:04:39.000Z",
      "manageableState": "unmanaged",
      "type": "AuraDefinitionBundle"
    },
    {
      "createdById": "0053f000000U5CCAA0",
      "createdByName": "Pooja Dendukoori",
      "createdDate": "2021-09-27T21:16:45.000Z",
      "fileName": "aura/sansancard__SSCardTransferModalMobile",
      "fullName": "sansancard__SSCardTransferModalMobile",
      "id": "0Ab3f000000GnrKCAS",
      "lastModifiedById": "0053f000000U5CCAA0",
      "lastModifiedByName": "Pooja Dendukoori",
      "lastModifiedDate": "2021-09-27T21:17:04.000Z",
      "manageableState": "installed",
      "namespacePrefix": "sansancard",
      "type": "AuraDefinitionBundle"
    },
    {
      "createdById": "00541000004SMkpAAG",
      "createdByName": "SFDC Support",
      "createdDate": "2020-10-31T00:01:50.000Z",
      "fileName": "aura/SendQuoteRutton",
      "fullName": "SendQuoteRutton",
      "id": "0Ab3f0000004CqoCAE",
      "lastModifiedById": "00541000004SyXBAA0",
      "lastModifiedByName": "Zack Patrick",
      "lastModifiedDate": "2022-05-17T17:17:15.000Z",
      "manageableState": "unmanaged",
      "type": "AuraDefinitionBundle"
    },
    {
      "createdById": "0053f00000145zgAAA",
      "createdByName": "Nathan Wylder",
      "createdDate": "2020-02-07T15:36:20.000Z",
      "fileName": "aura/pi__EngagementHistoryReportMetric",
      "fullName": "pi__EngagementHistoryReportMetric",
      "id": "0Ab3f0000004CPPCA2",
      "lastModifiedById": "0053f0000014nWOAAY",
      "lastModifiedByName": "Pardot",
      "lastModifiedDate": "2022-07-22T01:00:46.000Z",
      "manageableState": "installed",
      "namespacePrefix": "pi",
      "type": "AuraDefinitionBundle"
    },
    {
      "createdById": "00541000002RzrVAAS",
      "createdByName": "Salesforce CPQ",
      "createdDate": "2023-02-13T00:02:45.000Z",
      "fileName": "aura/SBQQ__cpqltng",
      "fullName": "SBQQ__cpqltng",
      "id": "0Ab54000001p5BDCAY",
      "lastModifiedById": "00541000002RzrVAAS",
      "lastModifiedByName": "Salesforce CPQ",
      "lastModifiedDate": "2023-02-13T00:02:45.000Z",
      "manageableState": "installed",
      "namespacePrefix": "SBQQ",
      "type": "AuraDefinitionBundle"
    },
    {
      "createdById": "0053f00000145zgAAA",
      "createdByName": "Nathan Wylder",
      "createdDate": "2020-02-07T15:36:20.000Z",
      "fileName": "aura/pi__EngagementHistoryPaginator",
      "fullName": "pi__EngagementHistoryPaginator",
      "id": "0Ab3f0000004CPcCAM",
      "lastModifiedById": "0053f0000014nWOAAY",
      "lastModifiedByName": "Pardot",
      "lastModifiedDate": "2022-07-22T01:00:46.000Z",
      "manageableState": "installed",
      "namespacePrefix": "pi",
      "type": "AuraDefinitionBundle"
    },
    {
      "createdById": "0053f000000U5CCAA0",
      "createdByName": "Pooja Dendukoori",
      "createdDate": "2021-09-27T21:16:45.000Z",
      "fileName": "aura/sansancard__SSCardContainer",
      "fullName": "sansancard__SSCardContainer",
      "id": "0Ab3f000000GnrDCAS",
      "lastModifiedById": "0053f000000U5CCAA0",
      "lastModifiedByName": "Pooja Dendukoori",
      "lastModifiedDate": "2021-09-27T21:17:06.000Z",
      "manageableState": "installed",
      "namespacePrefix": "sansancard",
      "type": "AuraDefinitionBundle"
    },
    {
      "createdById": "00541000002RzpjAAC",
      "createdByName": "Dylan Gerow",
      "createdDate": "2017-03-31T15:12:58.000Z",
      "fileName": "aura/SBQQ__CPQPanel",
      "fullName": "SBQQ__CPQPanel",
      "id": "0Ab41000000IgWyCAK",
      "lastModifiedById": "00541000002RzrVAAS",
      "lastModifiedByName": "Salesforce CPQ",
      "lastModifiedDate": "2023-02-13T00:02:44.000Z",
      "manageableState": "installed",
      "namespacePrefix": "SBQQ",
      "type": "AuraDefinitionBundle"
    },
    {
      "createdById": "0053f00000145zgAAA",
      "createdByName": "Nathan Wylder",
      "createdDate": "2021-11-05T14:07:44.000Z",
      "fileName": "aura/FieldTracker__CustomToast",
      "fullName": "FieldTracker__CustomToast",
      "id": "0Ab3f000000Go4KCAS",
      "lastModifiedById": "0053f00000145zgAAA",
      "lastModifiedByName": "Nathan Wylder",
      "lastModifiedDate": "2021-11-05T14:07:44.000Z",
      "manageableState": "installed",
      "namespacePrefix": "FieldTracker",
      "type": "AuraDefinitionBundle"
    },
    {
      "createdById": "0053f00000145zgAAA",
      "createdByName": "Nathan Wylder",
      "createdDate": "2020-02-07T15:36:20.000Z",
      "fileName": "aura/pi__EngagementHistoryList",
      "fullName": "pi__EngagementHistoryList",
      "id": "0Ab3f0000004CPOCA2",
      "lastModifiedById": "0053f0000014nWOAAY",
      "lastModifiedByName": "Pardot",
      "lastModifiedDate": "2022-07-22T01:00:46.000Z",
      "manageableState": "installed",
      "namespacePrefix": "pi",
      "type": "AuraDefinitionBundle"
    },
    {
      "createdById": "0053f00000145zgAAA",
      "createdByName": "Nathan Wylder",
      "createdDate": "2020-02-07T15:36:20.000Z",
      "fileName": "aura/pi__EngagementHistoryProspectScore",
      "fullName": "pi__EngagementHistoryProspectScore",
      "id": "0Ab3f0000004CPQCA2",
      "lastModifiedById": "0053f0000014nWOAAY",
      "lastModifiedByName": "Pardot",
      "lastModifiedDate": "2022-07-22T01:00:46.000Z",
      "manageableState": "installed",
      "namespacePrefix": "pi",
      "type": "AuraDefinitionBundle"
    },
    {
      "createdById": "00541000002RzpjAAC",
      "createdByName": "Dylan Gerow",
      "createdDate": "2017-05-11T13:55:26.000Z",
      "fileName": "aura/kkltng__lefticonclick",
      "fullName": "kkltng__lefticonclick",
      "id": "0Ab41000000EUKnCAO",
      "lastModifiedById": "00541000002RzpjAAC",
      "lastModifiedByName": "Dylan Gerow",
      "lastModifiedDate": "2017-05-11T13:55:27.000Z",
      "manageableState": "installed",
      "namespacePrefix": "kkltng",
      "type": "AuraDefinitionBundle"
    },
    {
      "createdById": "0053f00000145zgAAA",
      "createdByName": "Nathan Wylder",
      "createdDate": "2021-03-04T22:12:39.000Z",
      "fileName": "aura/dsfs__DocuSignLightningSendingLocked",
      "fullName": "dsfs__DocuSignLightningSendingLocked",
      "id": "0Ab3f0000008OZpCAM",
      "lastModifiedById": "0053f00000145zgAAA",
      "lastModifiedByName": "Nathan Wylder",
      "lastModifiedDate": "2021-03-04T22:14:04.000Z",
      "manageableState": "installed",
      "namespacePrefix": "dsfs",
      "type": "AuraDefinitionBundle"
    },
    {
      "createdById": "0053f00000145zgAAA",
      "createdByName": "Nathan Wylder",
      "createdDate": "2020-02-07T15:36:20.000Z",
      "fileName": "aura/pi__EngagementHistoryPageViewList",
      "fullName": "pi__EngagementHistoryPageViewList",
      "id": "0Ab3f0000004CPdCAM",
      "lastModifiedById": "0053f0000014nWOAAY",
      "lastModifiedByName": "Pardot",
      "lastModifiedDate": "2022-07-22T01:00:46.000Z",
      "manageableState": "installed",
      "namespacePrefix": "pi",
      "type": "AuraDefinitionBundle"
    },
    {
      "createdById": "00541000002RzrVAAS",
      "createdByName": "Salesforce CPQ",
      "createdDate": "2019-02-09T07:31:05.000Z",
      "fileName": "aura/SBQQ__QLEDiagnosticToolApp",
      "fullName": "SBQQ__QLEDiagnosticToolApp",
      "id": "0Ab2M000000O9dOSAS",
      "lastModifiedById": "00541000002RzrVAAS",
      "lastModifiedByName": "Salesforce CPQ",
      "lastModifiedDate": "2023-02-13T00:02:44.000Z",
      "manageableState": "installed",
      "namespacePrefix": "SBQQ",
      "type": "AuraDefinitionBundle"
    },
    {
      "createdById": "005410000064gGzAAI",
      "createdByName": "Daniel Adler",
      "createdDate": "2018-07-09T21:18:46.000Z",
      "fileName": "aura/CaseRow",
      "fullName": "CaseRow",
      "id": "0Ab41000000bwPwCAI",
      "lastModifiedById": "0053f000000qKaxAAE",
      "lastModifiedByName": "Rajasekhar Vempati",
      "lastModifiedDate": "2022-11-08T15:11:50.000Z",
      "manageableState": "unmanaged",
      "type": "AuraDefinitionBundle"
    },
    {
      "createdById": "00541000002RzpjAAC",
      "createdByName": "Dylan Gerow",
      "createdDate": "2017-03-31T15:12:58.000Z",
      "fileName": "aura/SBQQ__SelectContractForQuote",
      "fullName": "SBQQ__SelectContractForQuote",
      "id": "0Ab41000000IgWxCAK",
      "lastModifiedById": "00541000002RzrVAAS",
      "lastModifiedByName": "Salesforce CPQ",
      "lastModifiedDate": "2023-02-13T00:02:44.000Z",
      "manageableState": "installed",
      "namespacePrefix": "SBQQ",
      "type": "AuraDefinitionBundle"
    },
    {
      "createdById": "0053f00000145zgAAA",
      "createdByName": "Nathan Wylder",
      "createdDate": "2020-02-07T15:36:20.000Z",
      "fileName": "aura/pi__EngagementHistoryListItem",
      "fullName": "pi__EngagementHistoryListItem",
      "id": "0Ab3f0000004CPVCA2",
      "lastModifiedById": "0053f0000014nWOAAY",
      "lastModifiedByName": "Pardot",
      "lastModifiedDate": "2022-07-22T01:00:46.000Z",
      "manageableState": "installed",
      "namespacePrefix": "pi",
      "type": "AuraDefinitionBundle"
    },
    {
      "createdById": "00541000004SMkpAAG",
      "createdByName": "SFDC Support",
      "createdDate": "2020-05-29T22:10:16.000Z",
      "fileName": "aura/LookupSearchBuilder",
      "fullName": "LookupSearchBuilder",
      "id": "0Ab3f0000004CYFCA2",
      "lastModifiedById": "00541000004SMkpAAG",
      "lastModifiedByName": "SFDC Support",
      "lastModifiedDate": "2020-05-29T22:10:20.000Z",
      "manageableState": "unmanaged",
      "type": "AuraDefinitionBundle"
    },
    {
      "createdById": "0053f000000U5CCAA0",
      "createdByName": "Pooja Dendukoori",
      "createdDate": "2021-09-27T21:16:45.000Z",
      "fileName": "aura/sansancard__SSCardItemMobile",
      "fullName": "sansancard__SSCardItemMobile",
      "id": "0Ab3f000000GnrICAS",
      "lastModifiedById": "0053f000000U5CCAA0",
      "lastModifiedByName": "Pooja Dendukoori",
      "lastModifiedDate": "2021-09-27T21:17:05.000Z",
      "manageableState": "installed",
      "namespacePrefix": "sansancard",
      "type": "AuraDefinitionBundle"
    },
    {
      "createdById": "00541000002RzpjAAC",
      "createdByName": "Dylan Gerow",
      "createdDate": "2017-05-11T13:55:26.000Z",
      "fileName": "aura/kkltng__rebuildhierarchy",
      "fullName": "kkltng__rebuildhierarchy",
      "id": "0Ab41000000EUKhCAO",
      "lastModifiedById": "00541000002RzpjAAC",
      "lastModifiedByName": "Dylan Gerow",
      "lastModifiedDate": "2017-05-11T13:55:27.000Z",
      "manageableState": "installed",
      "namespacePrefix": "kkltng",
      "type": "AuraDefinitionBundle"
    },
    {
      "createdById": "0053f00000145zgAAA",
      "createdByName": "Nathan Wylder",
      "createdDate": "2020-02-07T15:36:20.000Z",
      "fileName": "aura/pi__PApi",
      "fullName": "pi__PApi",
      "id": "0Ab3f0000004CPZCA2",
      "lastModifiedById": "0053f0000014nWOAAY",
      "lastModifiedByName": "Pardot",
      "lastModifiedDate": "2022-07-22T01:00:46.000Z",
      "manageableState": "installed",
      "namespacePrefix": "pi",
      "type": "AuraDefinitionBundle"
    }
  ]
}