{
  "status": 0,
  "result": [
    {
      "createdById": "00541000001bEDeAAM",
      "createdByName": "Eric Reo",
      "createdDate": "2016-12-22T15:47:21.000Z",
      "fileName": "campaignInfluenceModels/primaryModel.campaignInfluenceModel",
      "fullName": "primaryModel",
      "id": "03V410000008sh5EAA",
      "lastModifiedById": "00541000001bEDeAAM",
      "lastModifiedByName": "Eric Reo",
      "lastModifiedDate": "2017-10-15T00:15:56.000Z",
      "manageableState": "unmanaged",
      "type": "CampaignInfluenceModel"
    }
  ]
}