{
  "status": 0,
  "result": [
    {
      "createdById": "0053f0000017zENAAY",
      "createdByName": "Saviynt Integration",
      "createdDate": "2020-08-26T14:42:09.000Z",
      "fileName": "connectedApps/Saviynt.connectedApp",
      "fullName": "Saviynt",
      "id": "09H3f0000004CBlEAM",
      "lastModifiedById": "0053f0000017zENAAY",
      "lastModifiedByName": "Saviynt Integration",
      "lastModifiedDate": "2020-08-26T14:42:09.000Z",
      "type": "ConnectedApp"
    },
    {
      "createdById": "0053f0000017zENAAY",
      "createdByName": "Saviynt Integration",
      "createdDate": "2020-08-18T14:51:26.000Z",
      "fileName": "connectedApps/Saviynt2.connectedApp",
      "fullName": "Saviynt2",
      "id": "09H3f0000004CBgEAM",
      "lastModifiedById": "0053f00000145zgAAA",
      "lastModifiedByName": "Nathan Wylder",
      "lastModifiedDate": "2022-11-15T16:29:54.000Z",
      "type": "ConnectedApp"
    },
    {
      "createdById": "0053f000000U5CCAA0",
      "createdByName": "Pooja Dendukoori",
      "createdDate": "2022-05-25T19:48:58.000Z",
      "fileName": "connectedApps/Interaction_Studio.connectedApp",
      "fullName": "Interaction_Studio",
      "id": "09H3f000000TNtlEAG",
      "lastModifiedById": "0053f000000U5CCAA0",
      "lastModifiedByName": "Pooja Dendukoori",
      "lastModifiedDate": "2022-05-25T19:48:58.000Z",
      "type": "ConnectedApp"
    }
  ]
}