{
  "status": 0,
  "result": [
    {
      "createdById": "00541000000jJabAAE",
      "createdByName": "Automated Process",
      "createdDate": "2018-04-30T05:10:01.000Z",
      "fileName": "customindex/Opportunity.PO_Number__c.indx",
      "fullName": "Opportunity.PO_Number__c",
      "id": "02m4100000226fMAAQ",
      "lastModifiedById": "0053f000000qKaxAAE",
      "lastModifiedByName": "Rajasekhar Vempati",
      "lastModifiedDate": "1970-01-01T00:00:00.000Z",
      "manageableState": "unmanaged",
      "type": "CustomIndex"
    },
    {
      "createdById": "00541000000jJabAAE",
      "createdByName": "Automated Process",
      "createdDate": "2018-09-29T10:00:51.000Z",
      "fileName": "customindex/Emergency_Quote_Request__c.Status_Completed_Timestamp__c.indx",
      "fullName": "Emergency_Quote_Request__c.Status_Completed_Timestamp__c",
      "id": "02m41000001qeUiAAI",
      "lastModifiedById": "0053f000000qKaxAAE",
      "lastModifiedByName": "Rajasekhar Vempati",
      "lastModifiedDate": "1970-01-01T00:00:00.000Z",
      "manageableState": "unmanaged",
      "type": "CustomIndex"
    },
    {
      "createdById": "00541000000jJabAAE",
      "createdByName": "Automated Process",
      "createdDate": "2018-07-28T10:00:44.000Z",
      "fileName": "customindex/Emergency_Quote_Request__c.Status__c.indx",
      "fullName": "Emergency_Quote_Request__c.Status__c",
      "id": "02m41000001Pq0wAAC",
      "lastModifiedById": "0053f000000qKaxAAE",
      "lastModifiedByName": "Rajasekhar Vempati",
      "lastModifiedDate": "1970-01-01T00:00:00.000Z",
      "manageableState": "unmanaged",
      "type": "CustomIndex"
    }
  ]
}