{
  "status": 0,
  "result": [
    {
      "createdById": "0053f0000016G9aAAE",
      "createdByName": "Levi Kurtright",
      "createdDate": "2020-12-11T14:50:21.000Z",
      "fileName": "tabs/AxiaAA__AXIA_AdvancedApprovals.tab",
      "fullName": "AxiaAA__AXIA_AdvancedApprovals",
      "id": "01r3f000000TQkkAAG",
      "lastModifiedById": "0053f0000016G9aAAE",
      "lastModifiedByName": "Levi Kurtright",
      "lastModifiedDate": "2020-12-11T14:50:21.000Z",
      "manageableState": "installed",
      "namespacePrefix": "AxiaAA",
      "type": "CustomTab"
    },
    {
      "createdById": "0053f0000016G9aAAE",
      "createdByName": "Levi Kurtright",
      "createdDate": "2020-11-19T15:23:30.000Z",
      "fileName": "tabs/sbaa__ApprovalVariable__c.tab",
      "fullName": "sbaa__ApprovalVariable__c",
      "id": "01r3f000000TQj5AAG",
      "lastModifiedById": "0053f0000016G9aAAE",
      "lastModifiedByName": "Levi Kurtright",
      "lastModifiedDate": "2020-11-19T15:23:30.000Z",
      "manageableState": "installed",
      "namespacePrefix": "sbaa",
      "type": "CustomTab"
    },
    {
      "createdById": "00541000002RzpjAAC",
      "createdByName": "Dylan Gerow",
      "createdDate": "2017-03-31T15:14:56.000Z",
      "fileName": "tabs/SBQQ__InstallProcessorLog__c.tab",
      "fullName": "SBQQ__InstallProcessorLog__c",
      "id": "01r41000001DdniAAC",
      "lastModifiedById": "00541000002RzpjAAC",
      "lastModifiedByName": "Dylan Gerow",
      "lastModifiedDate": "2017-03-31T15:14:56.000Z",
      "manageableState": "installed",
      "namespacePrefix": "SBQQ",
      "type": "CustomTab"
    },
    {
      "createdById": "00541000003Aq3qAAC",
      "createdByName": "Jessica Deal",
      "createdDate": "2017-06-07T23:21:25.000Z",
      "fileName": "tabs/Emergency_Quote_Request__c.tab",
      "fullName": "Emergency_Quote_Request__c",
      "id": "01r41000001I8kkAAC",
      "lastModifiedById": "00541000003Aq3qAAC",
      "lastModifiedByName": "Jessica Deal",
      "lastModifiedDate": "2017-06-07T23:21:25.000Z",
      "manageableState": "unmanaged",
      "type": "CustomTab"
    },
    {
      "createdById": "0053f00000145zgAAA",
      "createdByName": "Nathan Wylder",
      "createdDate": "2021-11-05T14:07:58.000Z",
      "fileName": "tabs/FieldTracker__Custom_Summary__c.tab",
      "fullName": "FieldTracker__Custom_Summary__c",
      "id": "01r3f0000008WVeAAM",
      "lastModifiedById": "0053f00000145zgAAA",
      "lastModifiedByName": "Nathan Wylder",
      "lastModifiedDate": "2021-11-05T14:07:58.000Z",
      "manageableState": "installed",
      "namespacePrefix": "FieldTracker",
      "type": "CustomTab"
    },
    {
      "createdById": "00541000000jJabAAE",
      "createdByName": "Automated Process",
      "createdDate": "2021-05-18T15:38:24.000Z",
      "fileName": "tabs/Knowledge__kav.tab",
      "fullName": "Knowledge__kav",
      "id": "01r3f000000CidVAAS",
      "lastModifiedById": "00541000000jJabAAE",
      "lastModifiedByName": "Automated Process",
      "lastModifiedDate": "2021-05-18T15:38:24.000Z",
      "manageableState": "unmanaged",
      "type": "CustomTab"
    },
    {
      "createdById": "00541000003Aq3qAAC",
      "createdByName": "Jessica Deal",
      "createdDate": "2017-06-01T19:46:57.000Z",
      "fileName": "tabs/Support__c.tab",
      "fullName": "Support__c",
      "id": "01r41000001I5POAA0",
      "lastModifiedById": "00541000003Aq3qAAC",
      "lastModifiedByName": "Jessica Deal",
      "lastModifiedDate": "2017-06-01T19:46:57.000Z",
      "manageableState": "unmanaged",
      "type": "CustomTab"
    },
    {
      "createdById": "0053f00000145zgAAA",
      "createdByName": "Nathan Wylder",
      "createdDate": "2020-02-07T15:36:37.000Z",
      "fileName": "tabs/pi__Sales_Edge.tab",
      "fullName": "pi__Sales_Edge",
      "id": "01r3f000000TQL4AAO",
      "lastModifiedById": "0053f00000145zgAAA",
      "lastModifiedByName": "Nathan Wylder",
      "lastModifiedDate": "2020-02-07T15:36:37.000Z",
      "manageableState": "installed",
      "namespacePrefix": "pi",
      "type": "CustomTab"
    },
    {
      "createdById": "00541000003Aq3qAAC",
      "createdByName": "Jessica Deal",
      "createdDate": "2017-06-01T19:46:57.000Z",
      "fileName": "tabs/Plan_Review_Form__c.tab",
      "fullName": "Plan_Review_Form__c",
      "id": "01r41000001I5PKAA0",
      "lastModifiedById": "00541000003Aq3qAAC",
      "lastModifiedByName": "Jessica Deal",
      "lastModifiedDate": "2017-06-01T19:46:57.000Z",
      "manageableState": "unmanaged",
      "type": "CustomTab"
    },
    {
      "createdById": "0053f00000145zgAAA",
      "createdByName": "Nathan Wylder",
      "createdDate": "2022-12-20T19:22:13.000Z",
      "fileName": "tabs/LWCCaseTimer__Session_Time__c.tab",
      "fullName": "LWCCaseTimer__Session_Time__c",
      "id": "01r540000013wSdAAI",
      "lastModifiedById": "0053f00000145zgAAA",
      "lastModifiedByName": "Nathan Wylder",
      "lastModifiedDate": "2022-12-20T19:22:13.000Z",
      "manageableState": "installed",
      "namespacePrefix": "LWCCaseTimer",
      "type": "CustomTab"
    },
    {
      "createdById": "0053f00000145zgAAA",
      "createdByName": "Nathan Wylder",
      "createdDate": "2021-03-04T22:13:12.000Z",
      "fileName": "tabs/dsfs__EnvelopeConfiguration__c.tab",
      "fullName": "dsfs__EnvelopeConfiguration__c",
      "id": "01r3f000000CiPJAA0",
      "lastModifiedById": "0053f00000145zgAAA",
      "lastModifiedByName": "Nathan Wylder",
      "lastModifiedDate": "2021-03-04T22:13:12.000Z",
      "manageableState": "installed",
      "namespacePrefix": "dsfs",
      "type": "CustomTab"
    },
    {
      "createdById": "0053f0000016G9aAAE",
      "createdByName": "Levi Kurtright",
      "createdDate": "2020-12-02T20:43:46.000Z",
      "fileName": "tabs/sbaa__Approval__c.tab",
      "fullName": "sbaa__Approval__c",
      "id": "01r3f000000TQjcAAG",
      "lastModifiedById": "0053f0000016G9aAAE",
      "lastModifiedByName": "Levi Kurtright",
      "lastModifiedDate": "2020-12-02T20:43:46.000Z",
      "manageableState": "unmanaged",
      "type": "CustomTab"
    },
    {
      "createdById": "00541000003Aq3qAAC",
      "createdByName": "Jessica Deal",
      "createdDate": "2019-03-21T14:21:48.000Z",
      "fileName": "tabs/Quality_Complaint__c.tab",
      "fullName": "Quality_Complaint__c",
      "id": "01r2M0000018T4HQAU",
      "lastModifiedById": "00541000003Aq3qAAC",
      "lastModifiedByName": "Jessica Deal",
      "lastModifiedDate": "2019-03-21T14:21:48.000Z",
      "manageableState": "unmanaged",
      "type": "CustomTab"
    },
    {
      "createdById": "0053f0000016G9aAAE",
      "createdByName": "Levi Kurtright",
      "createdDate": "2020-11-19T15:23:30.000Z",
      "fileName": "tabs/sbaa__ApprovalChain__c.tab",
      "fullName": "sbaa__ApprovalChain__c",
      "id": "01r3f000000TQj3AAG",
      "lastModifiedById": "0053f0000016G9aAAE",
      "lastModifiedByName": "Levi Kurtright",
      "lastModifiedDate": "2020-11-19T15:23:30.000Z",
      "manageableState": "installed",
      "namespacePrefix": "sbaa",
      "type": "CustomTab"
    },
    {
      "createdById": "0053f0000016G9aAAE",
      "createdByName": "Levi Kurtright",
      "createdDate": "2020-11-19T15:23:30.000Z",
      "fileName": "tabs/sbaa__EmailTemplate__c.tab",
      "fullName": "sbaa__EmailTemplate__c",
      "id": "01r3f000000TQj7AAG",
      "lastModifiedById": "0053f0000016G9aAAE",
      "lastModifiedByName": "Levi Kurtright",
      "lastModifiedDate": "2020-11-19T15:23:30.000Z",
      "manageableState": "installed",
      "namespacePrefix": "sbaa",
      "type": "CustomTab"
    },
    {
      "createdById": "00541000002RzpjAAC",
      "createdByName": "Dylan Gerow",
      "createdDate": "2017-05-11T13:53:49.000Z",
      "fileName": "tabs/dlrs__LookupRollupSummary__c.tab",
      "fullName": "dlrs__LookupRollupSummary__c",
      "id": "01r41000001Ho1qAAC",
      "lastModifiedById": "00541000002RzpjAAC",
      "lastModifiedByName": "Dylan Gerow",
      "lastModifiedDate": "2017-05-11T13:53:49.000Z",
      "manageableState": "installed",
      "namespacePrefix": "dlrs",
      "type": "CustomTab"
    },
    {
      "createdById": "0053f000000U5CCAA0",
      "createdByName": "Pooja Dendukoori",
      "createdDate": "2022-10-12T14:14:06.000Z",
      "fileName": "tabs/Marketing_Request__c.tab",
      "fullName": "Marketing_Request__c",
      "id": "01r540000013vOfAAI",
      "lastModifiedById": "0053f000000U5CCAA0",
      "lastModifiedByName": "Pooja Dendukoori",
      "lastModifiedDate": "2022-10-12T14:14:06.000Z",
      "manageableState": "unmanaged",
      "type": "CustomTab"
    },
    {
      "createdById": "00541000002RzpjAAC",
      "createdByName": "Dylan Gerow",
      "createdDate": "2017-05-11T13:53:49.000Z",
      "fileName": "tabs/dlrs__Welcome.tab",
      "fullName": "dlrs__Welcome",
      "id": "01r41000001Ho1sAAC",
      "lastModifiedById": "00541000002RzpjAAC",
      "lastModifiedByName": "Dylan Gerow",
      "lastModifiedDate": "2017-05-11T13:53:49.000Z",
      "manageableState": "installed",
      "namespacePrefix": "dlrs",
      "type": "CustomTab"
    },
    {
      "createdById": "00541000002RzpjAAC",
      "createdByName": "Dylan Gerow",
      "createdDate": "2017-03-31T15:14:58.000Z",
      "fileName": "tabs/SBQQ__SummaryVariable__c.tab",
      "fullName": "SBQQ__SummaryVariable__c",
      "id": "01r41000001DdnsAAC",
      "lastModifiedById": "00541000002RzpjAAC",
      "lastModifiedByName": "Dylan Gerow",
      "lastModifiedDate": "2017-03-31T15:14:58.000Z",
      "manageableState": "installed",
      "namespacePrefix": "SBQQ",
      "type": "CustomTab"
    },
    {
      "createdById": "0053f00000145zgAAA",
      "createdByName": "Nathan Wylder",
      "createdDate": "2020-02-07T15:36:37.000Z",
      "fileName": "tabs/pi__ProspectInsight.tab",
      "fullName": "pi__ProspectInsight",
      "id": "01r3f000000TQL2AAO",
      "lastModifiedById": "0053f00000145zgAAA",
      "lastModifiedByName": "Nathan Wylder",
      "lastModifiedDate": "2020-02-07T15:36:37.000Z",
      "manageableState": "installed",
      "namespacePrefix": "pi",
      "type": "CustomTab"
    },
    {
      "createdById": "00541000003Aq3qAAC",
      "createdByName": "Jessica Deal",
      "createdDate": "2019-08-26T18:32:29.000Z",
      "fileName": "tabs/Plan__c.tab",
      "fullName": "Plan__c",
      "id": "01r3f000000TQDFAA4",
      "lastModifiedById": "00541000003Aq3qAAC",
      "lastModifiedByName": "Jessica Deal",
      "lastModifiedDate": "2019-08-26T18:32:29.000Z",
      "manageableState": "unmanaged",
      "type": "CustomTab"
    },
    {
      "createdById": "00541000003Aq3qAAC",
      "createdByName": "Jessica Deal",
      "createdDate": "2019-07-09T14:27:06.000Z",
      "fileName": "tabs/Template__c.tab",
      "fullName": "Template__c",
      "id": "01r2M000001C6mdQAC",
      "lastModifiedById": "00541000003Aq3qAAC",
      "lastModifiedByName": "Jessica Deal",
      "lastModifiedDate": "2019-07-09T14:27:06.000Z",
      "manageableState": "unmanaged",
      "type": "CustomTab"
    },
    {
      "createdById": "00541000004SyXBAA0",
      "createdByName": "Zack Patrick",
      "createdDate": "2023-02-02T18:41:25.000Z",
      "fileName": "tabs/Competitive_Pricing__c.tab",
      "fullName": "Competitive_Pricing__c",
      "id": "01r540000013xx3AAA",
      "lastModifiedById": "00541000004SyXBAA0",
      "lastModifiedByName": "Zack Patrick",
      "lastModifiedDate": "2023-02-02T18:41:25.000Z",
      "manageableState": "unmanaged",
      "type": "CustomTab"
    },
    {
      "createdById": "00541000004SyXBAA0",
      "createdByName": "Zack Patrick",
      "createdDate": "2021-04-16T13:30:33.000Z",
      "fileName": "tabs/ADS_Integration_Log__c.tab",
      "fullName": "ADS_Integration_Log__c",
      "id": "01r3f000000CiYVAA0",
      "lastModifiedById": "00541000004SyXBAA0",
      "lastModifiedByName": "Zack Patrick",
      "lastModifiedDate": "2021-04-16T13:30:33.000Z",
      "manageableState": "unmanaged",
      "type": "CustomTab"
    },
    {
      "createdById": "0053f00000145zgAAA",
      "createdByName": "Nathan Wylder",
      "createdDate": "2021-03-04T22:13:12.000Z",
      "fileName": "tabs/dsfs__DocuSign_Admin.tab",
      "fullName": "dsfs__DocuSign_Admin",
      "id": "01r3f000000CiPEAA0",
      "lastModifiedById": "0053f00000145zgAAA",
      "lastModifiedByName": "Nathan Wylder",
      "lastModifiedDate": "2021-03-04T22:13:12.000Z",
      "manageableState": "installed",
      "namespacePrefix": "dsfs",
      "type": "CustomTab"
    },
    {
      "createdById": "0053f00000145zgAAA",
      "createdByName": "Nathan Wylder",
      "createdDate": "2021-11-05T14:07:58.000Z",
      "fileName": "tabs/FieldTracker__Standard_Summary__c.tab",
      "fullName": "FieldTracker__Standard_Summary__c",
      "id": "01r3f0000008WVgAAM",
      "lastModifiedById": "0053f00000145zgAAA",
      "lastModifiedByName": "Nathan Wylder",
      "lastModifiedDate": "2021-11-05T14:07:58.000Z",
      "manageableState": "installed",
      "namespacePrefix": "FieldTracker",
      "type": "CustomTab"
    },
    {
      "createdById": "00541000002RzpjAAC",
      "createdByName": "Dylan Gerow",
      "createdDate": "2017-05-11T13:53:49.000Z",
      "fileName": "tabs/dlrs__ManageLookupRollupSummaries.tab",
      "fullName": "dlrs__ManageLookupRollupSummaries",
      "id": "01r41000001Ho1rAAC",
      "lastModifiedById": "00541000002RzpjAAC",
      "lastModifiedByName": "Dylan Gerow",
      "lastModifiedDate": "2017-05-11T13:53:49.000Z",
      "manageableState": "installed",
      "namespacePrefix": "dlrs",
      "type": "CustomTab"
    },
    {
      "createdById": "00541000002RzpjAAC",
      "createdByName": "Dylan Gerow",
      "createdDate": "2017-03-31T15:14:58.000Z",
      "fileName": "tabs/SBQQ__TemplateContent__c.tab",
      "fullName": "SBQQ__TemplateContent__c",
      "id": "01r41000001DdntAAC",
      "lastModifiedById": "00541000002RzpjAAC",
      "lastModifiedByName": "Dylan Gerow",
      "lastModifiedDate": "2017-03-31T15:14:58.000Z",
      "manageableState": "installed",
      "namespacePrefix": "SBQQ",
      "type": "CustomTab"
    },
    {
      "createdById": "0053f00000145zgAAA",
      "createdByName": "Nathan Wylder",
      "createdDate": "2020-02-07T15:36:37.000Z",
      "fileName": "tabs/pi__Pardot_LeadDeck.tab",
      "fullName": "pi__Pardot_LeadDeck",
      "id": "01r3f000000TQL1AAO",
      "lastModifiedById": "0053f00000145zgAAA",
      "lastModifiedByName": "Nathan Wylder",
      "lastModifiedDate": "2020-02-07T15:36:37.000Z",
      "manageableState": "installed",
      "namespacePrefix": "pi",
      "type": "CustomTab"
    },
    {
      "createdById": "0053f0000016G9aAAE",
      "createdByName": "Levi Kurtright",
      "createdDate": "2020-12-12T17:55:32.000Z",
      "fileName": "tabs/Approvals1.tab",
      "fullName": "Approvals1",
      "id": "01r3f000000TQldAAG",
      "lastModifiedById": "0053f0000016G9aAAE",
      "lastModifiedByName": "Levi Kurtright",
      "lastModifiedDate": "2020-12-12T17:55:32.000Z",
      "manageableState": "unmanaged",
      "type": "CustomTab"
    },
    {
      "createdById": "00541000003Aq3qAAC",
      "createdByName": "Jessica Deal",
      "createdDate": "2017-06-01T19:46:57.000Z",
      "fileName": "tabs/Scoring_Rule__c.tab",
      "fullName": "Scoring_Rule__c",
      "id": "01r41000001I5PNAA0",
      "lastModifiedById": "00541000003Aq3qAAC",
      "lastModifiedByName": "Jessica Deal",
      "lastModifiedDate": "2017-06-01T19:46:57.000Z",
      "manageableState": "unmanaged",
      "type": "CustomTab"
    },
    {
      "createdById": "0053f0000016G9aAAE",
      "createdByName": "Levi Kurtright",
      "createdDate": "2020-12-11T14:56:56.000Z",
      "fileName": "tabs/Approvals.tab",
      "fullName": "Approvals",
      "id": "01r3f000000TQkpAAG",
      "lastModifiedById": "0053f0000016G9aAAE",
      "lastModifiedByName": "Levi Kurtright",
      "lastModifiedDate": "2020-12-11T14:57:21.000Z",
      "manageableState": "unmanaged",
      "type": "CustomTab"
    },
    {
      "createdById": "00541000002RzpjAAC",
      "createdByName": "Dylan Gerow",
      "createdDate": "2017-03-31T15:14:58.000Z",
      "fileName": "tabs/SBQQ__QuoteProcess__c.tab",
      "fullName": "SBQQ__QuoteProcess__c",
      "id": "01r41000001DdnmAAC",
      "lastModifiedById": "00541000002RzpjAAC",
      "lastModifiedByName": "Dylan Gerow",
      "lastModifiedDate": "2017-03-31T15:14:58.000Z",
      "manageableState": "installed",
      "namespacePrefix": "SBQQ",
      "type": "CustomTab"
    },
    {
      "createdById": "0053f00000145zgAAA",
      "createdByName": "Nathan Wylder",
      "createdDate": "2021-04-06T18:52:07.000Z",
      "fileName": "tabs/dlrs__LookupRollupSummariesHome.tab",
      "fullName": "dlrs__LookupRollupSummariesHome",
      "id": "01r3f000000CiXNAA0",
      "lastModifiedById": "0053f00000145zgAAA",
      "lastModifiedByName": "Nathan Wylder",
      "lastModifiedDate": "2021-04-06T18:52:07.000Z",
      "manageableState": "installed",
      "namespacePrefix": "dlrs",
      "type": "CustomTab"
    },
    {
      "createdById": "0053f000000U5CCAA0",
      "createdByName": "Pooja Dendukoori",
      "createdDate": "2021-09-27T21:16:53.000Z",
      "fileName": "tabs/sansancard__ScanToSalesforce.tab",
      "fullName": "sansancard__ScanToSalesforce",
      "id": "01r3f0000008WQIAA2",
      "lastModifiedById": "0053f000000U5CCAA0",
      "lastModifiedByName": "Pooja Dendukoori",
      "lastModifiedDate": "2021-09-27T21:16:53.000Z",
      "manageableState": "installed",
      "namespacePrefix": "sansancard",
      "type": "CustomTab"
    },
    {
      "createdById": "00541000002RzpjAAC",
      "createdByName": "Dylan Gerow",
      "createdDate": "2017-03-31T15:14:54.000Z",
      "fileName": "tabs/SBQQ__DiscountSchedule__c.tab",
      "fullName": "SBQQ__DiscountSchedule__c",
      "id": "01r41000001DdnfAAC",
      "lastModifiedById": "00541000002RzpjAAC",
      "lastModifiedByName": "Dylan Gerow",
      "lastModifiedDate": "2017-03-31T15:14:54.000Z",
      "manageableState": "installed",
      "namespacePrefix": "SBQQ",
      "type": "CustomTab"
    },
    {
      "createdById": "00541000004SMkpAAG",
      "createdByName": "SFDC Support",
      "createdDate": "2018-04-24T21:25:40.000Z",
      "fileName": "tabs/rh2__PS_All_Rollups.tab",
      "fullName": "rh2__PS_All_Rollups",
      "id": "01r41000001YgD2AAK",
      "lastModifiedById": "00541000004SMkpAAG",
      "lastModifiedByName": "SFDC Support",
      "lastModifiedDate": "2018-04-24T21:25:40.000Z",
      "manageableState": "installed",
      "namespacePrefix": "rh2",
      "type": "CustomTab"
    },
    {
      "createdById": "00541000002RzpjAAC",
      "createdByName": "Dylan Gerow",
      "createdDate": "2017-05-11T13:53:49.000Z",
      "fileName": "tabs/dlrs__LookupRollupCalculateJob__c.tab",
      "fullName": "dlrs__LookupRollupCalculateJob__c",
      "id": "01r41000001Ho1nAAC",
      "lastModifiedById": "00541000002RzpjAAC",
      "lastModifiedByName": "Dylan Gerow",
      "lastModifiedDate": "2017-05-11T13:53:49.000Z",
      "manageableState": "installed",
      "namespacePrefix": "dlrs",
      "type": "CustomTab"
    },
    {
      "createdById": "00541000004SMkpAAG",
      "createdByName": "SFDC Support",
      "createdDate": "2020-06-05T22:20:30.000Z",
      "fileName": "tabs/Product_Quote_Item__c.tab",
      "fullName": "Product_Quote_Item__c",
      "id": "01r3f000000TQTPAA4",
      "lastModifiedById": "00541000004SMkpAAG",
      "lastModifiedByName": "SFDC Support",
      "lastModifiedDate": "2020-06-05T22:20:30.000Z",
      "manageableState": "unmanaged",
      "type": "CustomTab"
    },
    {
      "createdById": "00541000004SMkpAAG",
      "createdByName": "SFDC Support",
      "createdDate": "2018-04-24T21:25:41.000Z",
      "fileName": "tabs/rh2__PS_Rollup_Helper.tab",
      "fullName": "rh2__PS_Rollup_Helper",
      "id": "01r41000001YgD6AAK",
      "lastModifiedById": "00541000004SMkpAAG",
      "lastModifiedByName": "SFDC Support",
      "lastModifiedDate": "2018-04-24T21:25:41.000Z",
      "manageableState": "installed",
      "namespacePrefix": "rh2",
      "type": "CustomTab"
    },
    {
      "createdById": "00541000004SMkpAAG",
      "createdByName": "SFDC Support",
      "createdDate": "2018-04-24T21:25:41.000Z",
      "fileName": "tabs/rh2__Rollup_Helper_Help.tab",
      "fullName": "rh2__Rollup_Helper_Help",
      "id": "01r41000001YgD8AAK",
      "lastModifiedById": "00541000004SMkpAAG",
      "lastModifiedByName": "SFDC Support",
      "lastModifiedDate": "2018-04-24T21:25:41.000Z",
      "manageableState": "installed",
      "namespacePrefix": "rh2",
      "type": "CustomTab"
    },
    {
      "createdById": "0053f0000016G9aAAE",
      "createdByName": "Levi Kurtright",
      "createdDate": "2020-12-12T17:35:17.000Z",
      "fileName": "tabs/AXIA_AdvancedApprovals2.tab",
      "fullName": "AXIA_AdvancedApprovals2",
      "id": "01r3f000000TQlYAAW",
      "lastModifiedById": "0053f0000016G9aAAE",
      "lastModifiedByName": "Levi Kurtright",
      "lastModifiedDate": "2020-12-12T17:35:17.000Z",
      "manageableState": "unmanaged",
      "type": "CustomTab"
    },
    {
      "createdById": "0053f0000016G9aAAE",
      "createdByName": "Levi Kurtright",
      "createdDate": "2020-12-11T15:02:20.000Z",
      "fileName": "tabs/AXIA_AdvancedApprovals1.tab",
      "fullName": "AXIA_AdvancedApprovals1",
      "id": "01r3f000000TQkuAAG",
      "lastModifiedById": "0053f0000016G9aAAE",
      "lastModifiedByName": "Levi Kurtright",
      "lastModifiedDate": "2020-12-11T15:02:20.000Z",
      "manageableState": "unmanaged",
      "type": "CustomTab"
    },
    {
      "createdById": "0053f0000016G9aAAE",
      "createdByName": "Levi Kurtright",
      "createdDate": "2020-12-11T20:23:00.000Z",
      "fileName": "tabs/State_Min_Multipliers__c.tab",
      "fullName": "State_Min_Multipliers__c",
      "id": "01r3f000000TQlEAAW",
      "lastModifiedById": "0053f0000016G9aAAE",
      "lastModifiedByName": "Levi Kurtright",
      "lastModifiedDate": "2020-12-11T20:23:00.000Z",
      "manageableState": "unmanaged",
      "type": "CustomTab"
    },
    {
      "createdById": "00541000003Aq3qAAC",
      "createdByName": "Jessica Deal",
      "createdDate": "2017-06-01T19:46:57.000Z",
      "fileName": "tabs/Territory__c.tab",
      "fullName": "Territory__c",
      "id": "01r41000001I5PPAA0",
      "lastModifiedById": "00541000003Aq3qAAC",
      "lastModifiedByName": "Jessica Deal",
      "lastModifiedDate": "2017-06-01T19:46:57.000Z",
      "manageableState": "unmanaged",
      "type": "CustomTab"
    },
    {
      "createdById": "00541000002RzpjAAC",
      "createdByName": "Dylan Gerow",
      "createdDate": "2017-03-31T15:14:57.000Z",
      "fileName": "tabs/SBQQ__PriceRule__c.tab",
      "fullName": "SBQQ__PriceRule__c",
      "id": "01r41000001DdnkAAC",
      "lastModifiedById": "00541000002RzpjAAC",
      "lastModifiedByName": "Dylan Gerow",
      "lastModifiedDate": "2017-03-31T15:14:57.000Z",
      "manageableState": "installed",
      "namespacePrefix": "SBQQ",
      "type": "CustomTab"
    },
    {
      "createdById": "0053f00000145zgAAA",
      "createdByName": "Nathan Wylder",
      "createdDate": "2021-10-01T14:02:20.000Z",
      "fileName": "tabs/BUSINESS_CLASSIFICATIONS__c.tab",
      "fullName": "BUSINESS_CLASSIFICATIONS__c",
      "id": "01r3f0000008WQSAA2",
      "lastModifiedById": "0053f00000145zgAAA",
      "lastModifiedByName": "Nathan Wylder",
      "lastModifiedDate": "2021-10-01T14:02:20.000Z",
      "manageableState": "unmanaged",
      "type": "CustomTab"
    },
    {
      "createdById": "0053f00000145zgAAA",
      "createdByName": "Nathan Wylder",
      "createdDate": "2021-03-04T22:13:12.000Z",
      "fileName": "tabs/dsfs__DocuSign_Envelope__c.tab",
      "fullName": "dsfs__DocuSign_Envelope__c",
      "id": "01r3f000000CiPHAA0",
      "lastModifiedById": "0053f00000145zgAAA",
      "lastModifiedByName": "Nathan Wylder",
      "lastModifiedDate": "2021-03-04T22:13:12.000Z",
      "manageableState": "installed",
      "namespacePrefix": "dsfs",
      "type": "CustomTab"
    },
    {
      "createdById": "0053f00000145zgAAA",
      "createdByName": "Nathan Wylder",
      "createdDate": "2021-03-04T22:13:12.000Z",
      "fileName": "tabs/dsfs__DocuSign_Envelope_Recipient__c.tab",
      "fullName": "dsfs__DocuSign_Envelope_Recipient__c",
      "id": "01r3f000000CiPGAA0",
      "lastModifiedById": "0053f00000145zgAAA",
      "lastModifiedByName": "Nathan Wylder",
      "lastModifiedDate": "2021-03-04T22:13:12.000Z",
      "manageableState": "installed",
      "namespacePrefix": "dsfs",
      "type": "CustomTab"
    },
    {
      "createdById": "00541000003Aq3qAAC",
      "createdByName": "Jessica Deal",
      "createdDate": "2017-12-06T18:00:09.000Z",
      "fileName": "tabs/Vendor_Note__c.tab",
      "fullName": "Vendor_Note__c",
      "id": "01r410000017qaeAAA",
      "lastModifiedById": "00541000003Aq3qAAC",
      "lastModifiedByName": "Jessica Deal",
      "lastModifiedDate": "2017-12-06T18:00:09.000Z",
      "manageableState": "unmanaged",
      "type": "CustomTab"
    },
    {
      "createdById": "00541000004SMkpAAG",
      "createdByName": "SFDC Support",
      "createdDate": "2018-04-24T21:25:41.000Z",
      "fileName": "tabs/rh2__PS_Enable_Real_Time.tab",
      "fullName": "rh2__PS_Enable_Real_Time",
      "id": "01r41000001YgD3AAK",
      "lastModifiedById": "00541000004SMkpAAG",
      "lastModifiedByName": "SFDC Support",
      "lastModifiedDate": "2018-04-24T21:25:41.000Z",
      "manageableState": "installed",
      "namespacePrefix": "rh2",
      "type": "CustomTab"
    },
    {
      "createdById": "00541000003Aq3qAAC",
      "createdByName": "Jessica Deal",
      "createdDate": "2017-06-01T19:46:57.000Z",
      "fileName": "tabs/Project_Review_Form__c.tab",
      "fullName": "Project_Review_Form__c",
      "id": "01r41000001I5PLAA0",
      "lastModifiedById": "00541000003Aq3qAAC",
      "lastModifiedByName": "Jessica Deal",
      "lastModifiedDate": "2017-06-01T19:46:57.000Z",
      "manageableState": "unmanaged",
      "type": "CustomTab"
    },
    {
      "createdById": "00541000002RzpjAAC",
      "createdByName": "Dylan Gerow",
      "createdDate": "2017-03-31T15:14:54.000Z",
      "fileName": "tabs/SBQQ__Favorite__c.tab",
      "fullName": "SBQQ__Favorite__c",
      "id": "01r41000001DdngAAC",
      "lastModifiedById": "00541000002RzpjAAC",
      "lastModifiedByName": "Dylan Gerow",
      "lastModifiedDate": "2017-03-31T15:14:54.000Z",
      "manageableState": "installed",
      "namespacePrefix": "SBQQ",
      "type": "CustomTab"
    },
    {
      "createdById": "00541000003Aq3qAAC",
      "createdByName": "Jessica Deal",
      "createdDate": "2019-01-30T23:06:59.000Z",
      "fileName": "tabs/GM_Yield_Analysis__c.tab",
      "fullName": "GM_Yield_Analysis__c",
      "id": "01r2M000001gxFdQAI",
      "lastModifiedById": "00541000003Aq3qAAC",
      "lastModifiedByName": "Jessica Deal",
      "lastModifiedDate": "2019-01-30T23:06:59.000Z",
      "manageableState": "unmanaged",
      "type": "CustomTab"
    },
    {
      "createdById": "0053f0000016G9aAAE",
      "createdByName": "Levi Kurtright",
      "createdDate": "2020-11-19T15:23:30.000Z",
      "fileName": "tabs/sbaa__Approver__c.tab",
      "fullName": "sbaa__Approver__c",
      "id": "01r3f000000TQj6AAG",
      "lastModifiedById": "0053f0000016G9aAAE",
      "lastModifiedByName": "Levi Kurtright",
      "lastModifiedDate": "2020-11-19T15:23:30.000Z",
      "manageableState": "installed",
      "namespacePrefix": "sbaa",
      "type": "CustomTab"
    },
    {
      "createdById": "00541000004SMkpAAG",
      "createdByName": "SFDC Support",
      "createdDate": "2018-04-24T21:25:41.000Z",
      "fileName": "tabs/rh2__PS_Getting_Started.tab",
      "fullName": "rh2__PS_Getting_Started",
      "id": "01r41000001YgD4AAK",
      "lastModifiedById": "005410000064QVeAAM",
      "lastModifiedByName": "Rollup Helper",
      "lastModifiedDate": "2020-10-31T02:00:43.000Z",
      "manageableState": "installed",
      "namespacePrefix": "rh2",
      "type": "CustomTab"
    },
    {
      "createdById": "0053f000001F7USAA0",
      "createdByName": "Nathan Cox",
      "createdDate": "2023-01-31T18:04:40.000Z",
      "fileName": "tabs/PowerBIApp__PowerBIDashboard__c.tab",
      "fullName": "PowerBIApp__PowerBIDashboard__c",
      "id": "01r540000013xl3AAA",
      "lastModifiedById": "0053f000001F7USAA0",
      "lastModifiedByName": "Nathan Cox",
      "lastModifiedDate": "2023-01-31T18:04:40.000Z",
      "manageableState": "installed",
      "namespacePrefix": "PowerBIApp",
      "type": "CustomTab"
    },
    {
      "createdById": "00541000003Aq3qAAC",
      "createdByName": "Jessica Deal",
      "createdDate": "2017-06-01T19:46:57.000Z",
      "fileName": "tabs/UserTerritoryAssignment__c.tab",
      "fullName": "UserTerritoryAssignment__c",
      "id": "01r41000001I5PQAA0",
      "lastModifiedById": "00541000003Aq3qAAC",
      "lastModifiedByName": "Jessica Deal",
      "lastModifiedDate": "2017-06-01T19:46:57.000Z",
      "manageableState": "unmanaged",
      "type": "CustomTab"
    },
    {
      "createdById": "00541000004SyXBAA0",
      "createdByName": "Zack Patrick",
      "createdDate": "2022-09-21T18:01:20.000Z",
      "fileName": "tabs/Form_Submission__c.tab",
      "fullName": "Form_Submission__c",
      "id": "01r540000013uZhAAI",
      "lastModifiedById": "00541000004SyXBAA0",
      "lastModifiedByName": "Zack Patrick",
      "lastModifiedDate": "2022-09-21T18:01:20.000Z",
      "manageableState": "unmanaged",
      "type": "CustomTab"
    },
    {
      "createdById": "00541000002RzrVAAS",
      "createdByName": "Salesforce CPQ",
      "createdDate": "2019-06-15T06:37:41.000Z",
      "fileName": "tabs/SBQQ__PricingGuidance__c.tab",
      "fullName": "SBQQ__PricingGuidance__c",
      "id": "01r2M0000018Tt2QAE",
      "lastModifiedById": "00541000002RzrVAAS",
      "lastModifiedByName": "Salesforce CPQ",
      "lastModifiedDate": "2019-06-15T06:37:41.000Z",
      "manageableState": "installed",
      "namespacePrefix": "SBQQ",
      "type": "CustomTab"
    },
    {
      "createdById": "00541000004SyXBAA0",
      "createdByName": "Zack Patrick",
      "createdDate": "2022-05-05T20:23:33.000Z",
      "fileName": "tabs/New_Item_Request__c.tab",
      "fullName": "New_Item_Request__c",
      "id": "01r3f000000XdDzAAK",
      "lastModifiedById": "00541000004SyXBAA0",
      "lastModifiedByName": "Zack Patrick",
      "lastModifiedDate": "2022-05-05T20:23:33.000Z",
      "manageableState": "unmanaged",
      "type": "CustomTab"
    },
    {
      "createdById": "00541000004SyXBAA0",
      "createdByName": "Zack Patrick",
      "createdDate": "2021-04-23T18:44:10.000Z",
      "fileName": "tabs/ISE_Queue_MIT__c.tab",
      "fullName": "ISE_Queue_MIT__c",
      "id": "01r3f000000CiZ4AAK",
      "lastModifiedById": "00541000004SyXBAA0",
      "lastModifiedByName": "Zack Patrick",
      "lastModifiedDate": "2021-04-23T18:44:10.000Z",
      "manageableState": "unmanaged",
      "type": "CustomTab"
    },
    {
      "createdById": "00541000003Aq3qAAC",
      "createdByName": "Jessica Deal",
      "createdDate": "2019-03-18T19:57:03.000Z",
      "fileName": "tabs/Polyflex_Target__c.tab",
      "fullName": "Polyflex_Target__c",
      "id": "01r2M0000018T2LQAU",
      "lastModifiedById": "00541000003Aq3qAAC",
      "lastModifiedByName": "Jessica Deal",
      "lastModifiedDate": "2019-03-18T19:57:03.000Z",
      "manageableState": "unmanaged",
      "type": "CustomTab"
    },
    {
      "createdById": "00541000002RzpjAAC",
      "createdByName": "Dylan Gerow",
      "createdDate": "2017-03-31T15:14:55.000Z",
      "fileName": "tabs/SBQQ__ImportFormat__c.tab",
      "fullName": "SBQQ__ImportFormat__c",
      "id": "01r41000001DdnhAAC",
      "lastModifiedById": "00541000002RzpjAAC",
      "lastModifiedByName": "Dylan Gerow",
      "lastModifiedDate": "2017-03-31T15:14:55.000Z",
      "manageableState": "installed",
      "namespacePrefix": "SBQQ",
      "type": "CustomTab"
    },
    {
      "createdById": "00541000002RzrVAAS",
      "createdByName": "Salesforce CPQ",
      "createdDate": "2020-02-15T07:37:34.000Z",
      "fileName": "tabs/SBQQ__ColumnMetadata__c.tab",
      "fullName": "SBQQ__ColumnMetadata__c",
      "id": "01r3f000000TQLdAAO",
      "lastModifiedById": "00541000002RzrVAAS",
      "lastModifiedByName": "Salesforce CPQ",
      "lastModifiedDate": "2020-02-15T07:37:34.000Z",
      "manageableState": "installed",
      "namespacePrefix": "SBQQ",
      "type": "CustomTab"
    },
    {
      "createdById": "0053f0000016G9aAAE",
      "createdByName": "Levi Kurtright",
      "createdDate": "2020-11-19T15:23:30.000Z",
      "fileName": "tabs/sbaa__ApprovalRule__c.tab",
      "fullName": "sbaa__ApprovalRule__c",
      "id": "01r3f000000TQj4AAG",
      "lastModifiedById": "0053f0000016G9aAAE",
      "lastModifiedByName": "Levi Kurtright",
      "lastModifiedDate": "2020-11-19T15:23:30.000Z",
      "manageableState": "installed",
      "namespacePrefix": "sbaa",
      "type": "CustomTab"
    },
    {
      "createdById": "00541000002RzpjAAC",
      "createdByName": "Dylan Gerow",
      "createdDate": "2017-05-11T13:53:49.000Z",
      "fileName": "tabs/dlrs__LookupRollupSummaryLog__c.tab",
      "fullName": "dlrs__LookupRollupSummaryLog__c",
      "id": "01r41000001Ho1oAAC",
      "lastModifiedById": "00541000002RzpjAAC",
      "lastModifiedByName": "Dylan Gerow",
      "lastModifiedDate": "2017-05-11T13:53:49.000Z",
      "manageableState": "installed",
      "namespacePrefix": "dlrs",
      "type": "CustomTab"
    },
    {
      "createdById": "0053f0000016G9aAAE",
      "createdByName": "Levi Kurtright",
      "createdDate": "2020-12-11T19:47:07.000Z",
      "fileName": "tabs/Approval__c.tab",
      "fullName": "Approval__c",
      "id": "01r3f000000TQl4AAG",
      "lastModifiedById": "0053f0000016G9aAAE",
      "lastModifiedByName": "Levi Kurtright",
      "lastModifiedDate": "2020-12-11T19:47:07.000Z",
      "manageableState": "unmanaged",
      "type": "CustomTab"
    },
    {
      "createdById": "0053f000001F7USAA0",
      "createdByName": "Nathan Cox",
      "createdDate": "2023-01-31T18:04:40.000Z",
      "fileName": "tabs/PowerBIApp__PowerBIDashboard.tab",
      "fullName": "PowerBIApp__PowerBIDashboard",
      "id": "01r540000013xl2AAA",
      "lastModifiedById": "0053f000001F7USAA0",
      "lastModifiedByName": "Nathan Cox",
      "lastModifiedDate": "2023-01-31T18:04:40.000Z",
      "manageableState": "installed",
      "namespacePrefix": "PowerBIApp",
      "type": "CustomTab"
    },
    {
      "createdById": "00541000004SMkpAAG",
      "createdByName": "SFDC Support",
      "createdDate": "2018-04-24T21:25:41.000Z",
      "fileName": "tabs/rh2__Rollup_Helper_Exceptions.tab",
      "fullName": "rh2__Rollup_Helper_Exceptions",
      "id": "01r41000001YgD7AAK",
      "lastModifiedById": "00541000004SMkpAAG",
      "lastModifiedByName": "SFDC Support",
      "lastModifiedDate": "2018-04-24T21:25:41.000Z",
      "manageableState": "installed",
      "namespacePrefix": "rh2",
      "type": "CustomTab"
    },
    {
      "createdById": "00541000004SMkpAAG",
      "createdByName": "SFDC Support",
      "createdDate": "2018-04-30T23:30:52.000Z",
      "fileName": "tabs/SBQQ__AttributeSet__c.tab",
      "fullName": "SBQQ__AttributeSet__c",
      "id": "01r41000001YgOoAAK",
      "lastModifiedById": "00541000004SMkpAAG",
      "lastModifiedByName": "SFDC Support",
      "lastModifiedDate": "2018-04-30T23:30:52.000Z",
      "manageableState": "installed",
      "namespacePrefix": "SBQQ",
      "type": "CustomTab"
    },
    {
      "createdById": "0053f00000145zgAAA",
      "createdByName": "Nathan Wylder",
      "createdDate": "2020-02-07T15:36:37.000Z",
      "fileName": "tabs/pi__Lead_Deck.tab",
      "fullName": "pi__Lead_Deck",
      "id": "01r3f000000TQL0AAO",
      "lastModifiedById": "0053f00000145zgAAA",
      "lastModifiedByName": "Nathan Wylder",
      "lastModifiedDate": "2020-02-07T15:36:37.000Z",
      "manageableState": "installed",
      "namespacePrefix": "pi",
      "type": "CustomTab"
    },
    {
      "createdById": "00541000002RzpjAAC",
      "createdByName": "Dylan Gerow",
      "createdDate": "2017-03-31T15:14:57.000Z",
      "fileName": "tabs/SBQQ__Localization__c.tab",
      "fullName": "SBQQ__Localization__c",
      "id": "01r41000001DdnjAAC",
      "lastModifiedById": "00541000002RzpjAAC",
      "lastModifiedByName": "Dylan Gerow",
      "lastModifiedDate": "2017-03-31T15:14:57.000Z",
      "manageableState": "installed",
      "namespacePrefix": "SBQQ",
      "type": "CustomTab"
    },
    {
      "createdById": "00541000002RzpjAAC",
      "createdByName": "Dylan Gerow",
      "createdDate": "2017-03-31T15:14:52.000Z",
      "fileName": "tabs/SBQQ__CustomAction__c.tab",
      "fullName": "SBQQ__CustomAction__c",
      "id": "01r41000001DdncAAC",
      "lastModifiedById": "00541000002RzpjAAC",
      "lastModifiedByName": "Dylan Gerow",
      "lastModifiedDate": "2017-03-31T15:14:52.000Z",
      "manageableState": "installed",
      "namespacePrefix": "SBQQ",
      "type": "CustomTab"
    },
    {
      "createdById": "00541000003Aq3qAAC",
      "createdByName": "Jessica Deal",
      "createdDate": "2017-07-10T21:12:43.000Z",
      "fileName": "tabs/Metro_Market_Lookup_Data__c.tab",
      "fullName": "Metro_Market_Lookup_Data__c",
      "id": "01r41000001ITNdAAO",
      "lastModifiedById": "00541000003Aq3qAAC",
      "lastModifiedByName": "Jessica Deal",
      "lastModifiedDate": "2017-07-10T21:12:43.000Z",
      "manageableState": "unmanaged",
      "type": "CustomTab"
    },
    {
      "createdById": "00541000002RzpjAAC",
      "createdByName": "Dylan Gerow",
      "createdDate": "2017-03-31T15:14:58.000Z",
      "fileName": "tabs/SBQQ__SearchFilter__c.tab",
      "fullName": "SBQQ__SearchFilter__c",
      "id": "01r41000001DdnqAAC",
      "lastModifiedById": "00541000002RzpjAAC",
      "lastModifiedByName": "Dylan Gerow",
      "lastModifiedDate": "2017-03-31T15:14:58.000Z",
      "manageableState": "installed",
      "namespacePrefix": "SBQQ",
      "type": "CustomTab"
    },
    {
      "createdById": "00541000004SMkpAAG",
      "createdByName": "SFDC Support",
      "createdDate": "2018-04-24T21:25:41.000Z",
      "fileName": "tabs/rh2__Rollup_Helper_Home.tab",
      "fullName": "rh2__Rollup_Helper_Home",
      "id": "01r41000001YgD9AAK",
      "lastModifiedById": "00541000004SMkpAAG",
      "lastModifiedByName": "SFDC Support",
      "lastModifiedDate": "2018-04-24T21:25:41.000Z",
      "manageableState": "installed",
      "namespacePrefix": "rh2",
      "type": "CustomTab"
    },
    {
      "createdById": "00541000002RzpjAAC",
      "createdByName": "Dylan Gerow",
      "createdDate": "2017-05-11T13:53:49.000Z",
      "fileName": "tabs/dlrs__LookupRollupSummaryScheduleItems__c.tab",
      "fullName": "dlrs__LookupRollupSummaryScheduleItems__c",
      "id": "01r41000001Ho1pAAC",
      "lastModifiedById": "00541000002RzpjAAC",
      "lastModifiedByName": "Dylan Gerow",
      "lastModifiedDate": "2017-05-11T13:53:49.000Z",
      "manageableState": "installed",
      "namespacePrefix": "dlrs",
      "type": "CustomTab"
    },
    {
      "createdById": "00541000002RzpjAAC",
      "createdByName": "Dylan Gerow",
      "createdDate": "2017-03-31T15:14:58.000Z",
      "fileName": "tabs/SBQQ__SolutionGroup__c.tab",
      "fullName": "SBQQ__SolutionGroup__c",
      "id": "01r41000001DdnrAAC",
      "lastModifiedById": "00541000002RzpjAAC",
      "lastModifiedByName": "Dylan Gerow",
      "lastModifiedDate": "2017-03-31T15:14:58.000Z",
      "manageableState": "installed",
      "namespacePrefix": "SBQQ",
      "type": "CustomTab"
    },
    {
      "createdById": "00541000002RzpjAAC",
      "createdByName": "Dylan Gerow",
      "createdDate": "2017-03-31T15:14:57.000Z",
      "fileName": "tabs/SBQQ__ProductRule__c.tab",
      "fullName": "SBQQ__ProductRule__c",
      "id": "01r41000001DdnlAAC",
      "lastModifiedById": "00541000002RzpjAAC",
      "lastModifiedByName": "Dylan Gerow",
      "lastModifiedDate": "2017-03-31T15:14:57.000Z",
      "manageableState": "installed",
      "namespacePrefix": "SBQQ",
      "type": "CustomTab"
    },
    {
      "createdById": "00541000002RzpjAAC",
      "createdByName": "Dylan Gerow",
      "createdDate": "2017-03-31T15:14:53.000Z",
      "fileName": "tabs/SBQQ__DiscountCategory__c.tab",
      "fullName": "SBQQ__DiscountCategory__c",
      "id": "01r41000001DdneAAC",
      "lastModifiedById": "00541000002RzpjAAC",
      "lastModifiedByName": "Dylan Gerow",
      "lastModifiedDate": "2017-03-31T15:14:53.000Z",
      "manageableState": "installed",
      "namespacePrefix": "SBQQ",
      "type": "CustomTab"
    },
    {
      "createdById": "0053f00000145zgAAA",
      "createdByName": "Nathan Wylder",
      "createdDate": "2021-11-05T14:07:58.000Z",
      "fileName": "tabs/FieldTracker__Exception__c.tab",
      "fullName": "FieldTracker__Exception__c",
      "id": "01r3f0000008WVfAAM",
      "lastModifiedById": "0053f00000145zgAAA",
      "lastModifiedByName": "Nathan Wylder",
      "lastModifiedDate": "2021-11-05T14:07:58.000Z",
      "manageableState": "installed",
      "namespacePrefix": "FieldTracker",
      "type": "CustomTab"
    },
    {
      "createdById": "00541000004SyXBAA0",
      "createdByName": "Zack Patrick",
      "createdDate": "2020-08-24T18:23:22.000Z",
      "fileName": "tabs/Approval_Executive_Summary__c.tab",
      "fullName": "Approval_Executive_Summary__c",
      "id": "01r3f000000TQYAAA4",
      "lastModifiedById": "00541000004SyXBAA0",
      "lastModifiedByName": "Zack Patrick",
      "lastModifiedDate": "2020-08-24T18:23:22.000Z",
      "manageableState": "unmanaged",
      "type": "CustomTab"
    },
    {
      "createdById": "00541000004SMkpAAG",
      "createdByName": "SFDC Support",
      "createdDate": "2018-04-24T21:25:41.000Z",
      "fileName": "tabs/rh2__PS_Import_Export.tab",
      "fullName": "rh2__PS_Import_Export",
      "id": "01r41000001YgD5AAK",
      "lastModifiedById": "00541000004SMkpAAG",
      "lastModifiedByName": "SFDC Support",
      "lastModifiedDate": "2018-04-24T21:25:41.000Z",
      "manageableState": "installed",
      "namespacePrefix": "rh2",
      "type": "CustomTab"
    },
    {
      "createdById": "00541000002RzpjAAC",
      "createdByName": "Dylan Gerow",
      "createdDate": "2017-03-31T15:14:58.000Z",
      "fileName": "tabs/SBQQ__QuoteTerm__c.tab",
      "fullName": "SBQQ__QuoteTerm__c",
      "id": "01r41000001DdnoAAC",
      "lastModifiedById": "00541000002RzpjAAC",
      "lastModifiedByName": "Dylan Gerow",
      "lastModifiedDate": "2017-03-31T15:14:58.000Z",
      "manageableState": "installed",
      "namespacePrefix": "SBQQ",
      "type": "CustomTab"
    },
    {
      "createdById": "00541000002RzpjAAC",
      "createdByName": "Dylan Gerow",
      "createdDate": "2017-03-31T15:14:58.000Z",
      "fileName": "tabs/SBQQ__Quote__c.tab",
      "fullName": "SBQQ__Quote__c",
      "id": "01r41000001DdnpAAC",
      "lastModifiedById": "00541000002RzpjAAC",
      "lastModifiedByName": "Dylan Gerow",
      "lastModifiedDate": "2017-03-31T15:14:58.000Z",
      "manageableState": "installed",
      "namespacePrefix": "SBQQ",
      "type": "CustomTab"
    },
    {
      "createdById": "00541000002RzpjAAC",
      "createdByName": "Dylan Gerow",
      "createdDate": "2017-03-31T15:14:52.000Z",
      "fileName": "tabs/SBQQ__CustomScript__c.tab",
      "fullName": "SBQQ__CustomScript__c",
      "id": "01r41000001DdndAAC",
      "lastModifiedById": "00541000002RzpjAAC",
      "lastModifiedByName": "Dylan Gerow",
      "lastModifiedDate": "2017-03-31T15:14:52.000Z",
      "manageableState": "installed",
      "namespacePrefix": "SBQQ",
      "type": "CustomTab"
    },
    {
      "createdById": "005410000064QVeAAM",
      "createdByName": "Rollup Helper",
      "createdDate": "2018-09-08T04:26:32.000Z",
      "fileName": "tabs/rh2__PS_Rollup_Queue.tab",
      "fullName": "rh2__PS_Rollup_Queue",
      "id": "01r410000018NXzAAM",
      "lastModifiedById": "005410000064QVeAAM",
      "lastModifiedByName": "Rollup Helper",
      "lastModifiedDate": "2018-09-08T04:26:32.000Z",
      "manageableState": "installed",
      "namespacePrefix": "rh2",
      "type": "CustomTab"
    },
    {
      "createdById": "00541000002RzrVAAS",
      "createdByName": "Salesforce CPQ",
      "createdDate": "2020-02-15T07:37:34.000Z",
      "fileName": "tabs/SBQQ__FieldSetMetadata__c.tab",
      "fullName": "SBQQ__FieldSetMetadata__c",
      "id": "01r3f000000TQLeAAO",
      "lastModifiedById": "00541000002RzrVAAS",
      "lastModifiedByName": "Salesforce CPQ",
      "lastModifiedDate": "2020-02-15T07:37:34.000Z",
      "manageableState": "installed",
      "namespacePrefix": "SBQQ",
      "type": "CustomTab"
    },
    {
      "createdById": "00541000002RzpjAAC",
      "createdByName": "Dylan Gerow",
      "createdDate": "2017-03-31T15:14:58.000Z",
      "fileName": "tabs/SBQQ__QuoteTemplate__c.tab",
      "fullName": "SBQQ__QuoteTemplate__c",
      "id": "01r41000001DdnnAAC",
      "lastModifiedById": "00541000002RzpjAAC",
      "lastModifiedByName": "Dylan Gerow",
      "lastModifiedDate": "2017-03-31T15:14:58.000Z",
      "manageableState": "installed",
      "namespacePrefix": "SBQQ",
      "type": "CustomTab"
    },
    {
      "createdById": "005410000064QVeAAM",
      "createdByName": "Rollup Helper",
      "createdDate": "2020-10-31T02:00:43.000Z",
      "fileName": "tabs/rh2__PS_ScheduleManagement.tab",
      "fullName": "rh2__PS_ScheduleManagement",
      "id": "01r3f000000TQfCAAW",
      "lastModifiedById": "005410000064QVeAAM",
      "lastModifiedByName": "Rollup Helper",
      "lastModifiedDate": "2020-10-31T02:00:43.000Z",
      "manageableState": "installed",
      "namespacePrefix": "rh2",
      "type": "CustomTab"
    },
    {
      "createdById": "00541000004SyXBAA0",
      "createdByName": "Zack Patrick",
      "createdDate": "2020-06-16T15:39:17.000Z",
      "fileName": "tabs/Market_Share__c.tab",
      "fullName": "Market_Share__c",
      "id": "01r3f000000TQTtAAO",
      "lastModifiedById": "00541000004SyXBAA0",
      "lastModifiedByName": "Zack Patrick",
      "lastModifiedDate": "2020-06-16T15:39:17.000Z",
      "manageableState": "unmanaged",
      "type": "CustomTab"
    },
    {
      "createdById": "0053f00000145zgAAA",
      "createdByName": "Nathan Wylder",
      "createdDate": "2021-03-04T22:13:12.000Z",
      "fileName": "tabs/dsfs__DocuSign_Envelope_Document__c.tab",
      "fullName": "dsfs__DocuSign_Envelope_Document__c",
      "id": "01r3f000000CiPFAA0",
      "lastModifiedById": "0053f00000145zgAAA",
      "lastModifiedByName": "Nathan Wylder",
      "lastModifiedDate": "2021-03-04T22:13:12.000Z",
      "manageableState": "installed",
      "namespacePrefix": "dsfs",
      "type": "CustomTab"
    },
    {
      "createdById": "00541000003Aq3qAAC",
      "createdByName": "Jessica Deal",
      "createdDate": "2017-06-01T19:46:57.000Z",
      "fileName": "tabs/Quote_Document__c.tab",
      "fullName": "Quote_Document__c",
      "id": "01r41000001I5PMAA0",
      "lastModifiedById": "00541000003Aq3qAAC",
      "lastModifiedByName": "Jessica Deal",
      "lastModifiedDate": "2017-06-01T19:46:57.000Z",
      "manageableState": "unmanaged",
      "type": "CustomTab"
    },
    {
      "createdById": "0053f00000145zgAAA",
      "createdByName": "Nathan Wylder",
      "createdDate": "2021-10-01T14:02:20.000Z",
      "fileName": "tabs/Business_Classification_Assignment__c.tab",
      "fullName": "Business_Classification_Assignment__c",
      "id": "01r3f0000008WQTAA2",
      "lastModifiedById": "0053f00000145zgAAA",
      "lastModifiedByName": "Nathan Wylder",
      "lastModifiedDate": "2021-10-01T14:02:20.000Z",
      "manageableState": "unmanaged",
      "type": "CustomTab"
    },
    {
      "createdById": "00541000002RzpjAAC",
      "createdByName": "Dylan Gerow",
      "createdDate": "2017-03-31T15:15:00.000Z",
      "fileName": "tabs/SBQQ__WebQuote__c.tab",
      "fullName": "SBQQ__WebQuote__c",
      "id": "01r41000001DdnvAAC",
      "lastModifiedById": "00541000002RzpjAAC",
      "lastModifiedByName": "Dylan Gerow",
      "lastModifiedDate": "2017-03-31T15:15:00.000Z",
      "manageableState": "installed",
      "namespacePrefix": "SBQQ",
      "type": "CustomTab"
    },
    {
      "createdById": "005410000064QVeAAM",
      "createdByName": "Rollup Helper",
      "createdDate": "2020-10-31T02:00:43.000Z",
      "fileName": "tabs/rh2__PS_Read_Only_Rollups.tab",
      "fullName": "rh2__PS_Read_Only_Rollups",
      "id": "01r3f000000TQfBAAW",
      "lastModifiedById": "005410000064QVeAAM",
      "lastModifiedByName": "Rollup Helper",
      "lastModifiedDate": "2020-10-31T02:00:43.000Z",
      "manageableState": "installed",
      "namespacePrefix": "rh2",
      "type": "CustomTab"
    },
    {
      "createdById": "00541000004SyXBAA0",
      "createdByName": "Zack Patrick",
      "createdDate": "2021-06-09T15:23:08.000Z",
      "fileName": "tabs/SBQQ__PriceAction__c.tab",
      "fullName": "SBQQ__PriceAction__c",
      "id": "01r3f000000CieTAAS",
      "lastModifiedById": "00541000004SyXBAA0",
      "lastModifiedByName": "Zack Patrick",
      "lastModifiedDate": "2021-06-09T15:23:08.000Z",
      "manageableState": "unmanaged",
      "type": "CustomTab"
    },
    {
      "createdById": "0053f00000145zgAAA",
      "createdByName": "Nathan Wylder",
      "createdDate": "2021-11-05T14:07:58.000Z",
      "fileName": "tabs/FieldTracker__Configuration_Setup.tab",
      "fullName": "FieldTracker__Configuration_Setup",
      "id": "01r3f0000008WVcAAM",
      "lastModifiedById": "0053f00000145zgAAA",
      "lastModifiedByName": "Nathan Wylder",
      "lastModifiedDate": "2021-11-05T14:07:58.000Z",
      "manageableState": "installed",
      "namespacePrefix": "FieldTracker",
      "type": "CustomTab"
    },
    {
      "createdById": "0053f00000145zgAAA",
      "createdByName": "Nathan Wylder",
      "createdDate": "2020-02-07T15:36:37.000Z",
      "fileName": "tabs/pi__Sales_Edge_Reports.tab",
      "fullName": "pi__Sales_Edge_Reports",
      "id": "01r3f000000TQL5AAO",
      "lastModifiedById": "0053f00000145zgAAA",
      "lastModifiedByName": "Nathan Wylder",
      "lastModifiedDate": "2020-02-07T15:36:37.000Z",
      "manageableState": "installed",
      "namespacePrefix": "pi",
      "type": "CustomTab"
    },
    {
      "createdById": "0053f00000145zgAAA",
      "createdByName": "Nathan Wylder",
      "createdDate": "2021-03-04T22:13:12.000Z",
      "fileName": "tabs/dsfs__DocuSign_Status__c.tab",
      "fullName": "dsfs__DocuSign_Status__c",
      "id": "01r3f000000CiPIAA0",
      "lastModifiedById": "0053f00000145zgAAA",
      "lastModifiedByName": "Nathan Wylder",
      "lastModifiedDate": "2021-03-04T22:13:12.000Z",
      "manageableState": "installed",
      "namespacePrefix": "dsfs",
      "type": "CustomTab"
    },
    {
      "createdById": "0053f00000145zgAAA",
      "createdByName": "Nathan Wylder",
      "createdDate": "2020-02-07T15:36:37.000Z",
      "fileName": "tabs/pi__EngageSalesTools.tab",
      "fullName": "pi__EngageSalesTools",
      "id": "01r3f000000TQKzAAO",
      "lastModifiedById": "0053f00000145zgAAA",
      "lastModifiedByName": "Nathan Wylder",
      "lastModifiedDate": "2020-02-07T15:36:37.000Z",
      "manageableState": "installed",
      "namespacePrefix": "pi",
      "type": "CustomTab"
    },
    {
      "createdById": "0053f00000145zgAAA",
      "createdByName": "Nathan Wylder",
      "createdDate": "2020-02-07T15:36:37.000Z",
      "fileName": "tabs/pi__Sales_Cloud_Engage_License_Assignment.tab",
      "fullName": "pi__Sales_Cloud_Engage_License_Assignment",
      "id": "01r3f000000TQL3AAO",
      "lastModifiedById": "0053f00000145zgAAA",
      "lastModifiedByName": "Nathan Wylder",
      "lastModifiedDate": "2020-02-07T15:36:37.000Z",
      "manageableState": "installed",
      "namespacePrefix": "pi",
      "type": "CustomTab"
    },
    {
      "createdById": "00541000002RzpjAAC",
      "createdByName": "Dylan Gerow",
      "createdDate": "2017-03-31T15:14:59.000Z",
      "fileName": "tabs/SBQQ__Theme__c.tab",
      "fullName": "SBQQ__Theme__c",
      "id": "01r41000001DdnuAAC",
      "lastModifiedById": "00541000002RzpjAAC",
      "lastModifiedByName": "Dylan Gerow",
      "lastModifiedDate": "2017-03-31T15:14:59.000Z",
      "manageableState": "installed",
      "namespacePrefix": "SBQQ",
      "type": "CustomTab"
    },
    {
      "createdById": "00541000003Aq3qAAC",
      "createdByName": "Jessica Deal",
      "createdDate": "2017-07-10T21:12:43.000Z",
      "fileName": "tabs/SBQQ__LookupData__c.tab",
      "fullName": "SBQQ__LookupData__c",
      "id": "01r41000001ITNeAAO",
      "lastModifiedById": "00541000003Aq3qAAC",
      "lastModifiedByName": "Jessica Deal",
      "lastModifiedDate": "2017-07-10T21:12:43.000Z",
      "manageableState": "unmanaged",
      "type": "CustomTab"
    },
    {
      "createdById": "0053f00000145zgAAA",
      "createdByName": "Nathan Wylder",
      "createdDate": "2021-11-05T14:07:58.000Z",
      "fileName": "tabs/FieldTracker__Configuration__c.tab",
      "fullName": "FieldTracker__Configuration__c",
      "id": "01r3f0000008WVdAAM",
      "lastModifiedById": "0053f00000145zgAAA",
      "lastModifiedByName": "Nathan Wylder",
      "lastModifiedDate": "2021-11-05T14:07:58.000Z",
      "manageableState": "installed",
      "namespacePrefix": "FieldTracker",
      "type": "CustomTab"
    },
    {
      "createdById": "00541000002RzpjAAC",
      "createdByName": "Dylan Gerow",
      "createdDate": "2017-05-02T15:27:10.000Z",
      "fileName": "tabs/SBQQ__ConfigurationAttribute__c.tab",
      "fullName": "SBQQ__ConfigurationAttribute__c",
      "id": "01r41000000bjiUAAQ",
      "lastModifiedById": "00541000002RzpjAAC",
      "lastModifiedByName": "Dylan Gerow",
      "lastModifiedDate": "2017-05-02T15:27:10.000Z",
      "manageableState": "installed",
      "namespacePrefix": "SBQQ",
      "type": "CustomTab"
    },
    {
      "createdById": "0053f00000145zgAAA",
      "createdByName": "Nathan Wylder",
      "createdDate": "2021-04-03T00:21:57.000Z",
      "fileName": "tabs/ADS_Historical_Quote_to_Process.tab",
      "fullName": "ADS_Historical_Quote_to_Process",
      "id": "01r3f000000CiXIAA0",
      "lastModifiedById": "0053f00000145zgAAA",
      "lastModifiedByName": "Nathan Wylder",
      "lastModifiedDate": "2021-04-03T00:21:57.000Z",
      "manageableState": "unmanaged",
      "type": "CustomTab"
    }
  ]
}