{
  "status": 0,
  "result": [
    {
      "createdById": "00541000003Aq3qAAC",
      "createdByName": "Jessica Deal",
      "createdDate": "2017-06-01T19:40:30.000Z",
      "fileName": "customPermissions/Customer_Account_Edit_Access.customPermission",
      "fullName": "Customer_Account_Edit_Access",
      "id": "0CP41000000DRJ5GAO",
      "lastModifiedById": "00541000003Aq3qAAC",
      "lastModifiedByName": "Jessica Deal",
      "lastModifiedDate": "2017-06-01T19:40:30.000Z",
      "manageableState": "unmanaged",
      "type": "CustomPermission"
    },
    {
      "createdById": "00541000003Aq3qAAC",
      "createdByName": "Jessica Deal",
      "createdDate": "2017-06-01T19:40:30.000Z",
      "fileName": "customPermissions/Market_Analyst_View.customPermission",
      "fullName": "Market_Analyst_View",
      "id": "0CP41000000DRJ7GAO",
      "lastModifiedById": "00541000003Aq3qAAC",
      "lastModifiedByName": "Jessica Deal",
      "lastModifiedDate": "2017-06-01T19:40:30.000Z",
      "manageableState": "unmanaged",
      "type": "CustomPermission"
    },
    {
      "createdById": "00541000002RzpjAAC",
      "createdByName": "Dylan Gerow",
      "createdDate": "2017-03-31T15:13:12.000Z",
      "fileName": "customPermissions/SBQQ__HideGlobalHeader.customPermission",
      "fullName": "SBQQ__HideGlobalHeader",
      "id": "0CP410000009LeHGAU",
      "lastModifiedById": "00541000002RzpjAAC",
      "lastModifiedByName": "Dylan Gerow",
      "lastModifiedDate": "2017-03-31T15:13:12.000Z",
      "manageableState": "installed",
      "namespacePrefix": "SBQQ",
      "type": "CustomPermission"
    },
    {
      "createdById": "00541000003Aq3qAAC",
      "createdByName": "Jessica Deal",
      "createdDate": "2017-06-01T19:40:28.000Z",
      "fileName": "customPermissions/Bypass_Account_City_and_State.customPermission",
      "fullName": "Bypass_Account_City_and_State",
      "id": "0CP41000000DRJ4GAO",
      "lastModifiedById": "00541000003Aq3qAAC",
      "lastModifiedByName": "Jessica Deal",
      "lastModifiedDate": "2017-06-01T19:40:28.000Z",
      "manageableState": "unmanaged",
      "type": "CustomPermission"
    },
    {
      "createdById": "0053f00000145zgAAA",
      "createdByName": "Nathan Wylder",
      "createdDate": "2020-02-07T15:36:27.000Z",
      "fileName": "customPermissions/pi__Sobo_Team.customPermission",
      "fullName": "pi__Sobo_Team",
      "id": "0CP3f0000004CBWGA2",
      "lastModifiedById": "0053f00000145zgAAA",
      "lastModifiedByName": "Nathan Wylder",
      "lastModifiedDate": "2020-02-07T15:36:27.000Z",
      "manageableState": "installed",
      "namespacePrefix": "pi",
      "type": "CustomPermission"
    },
    {
      "createdById": "0053f00000145zgAAA",
      "createdByName": "Nathan Wylder",
      "createdDate": "2020-02-07T15:36:27.000Z",
      "fileName": "customPermissions/pi__Sobo.customPermission",
      "fullName": "pi__Sobo",
      "id": "0CP3f0000004CBVGA2",
      "lastModifiedById": "0053f00000145zgAAA",
      "lastModifiedByName": "Nathan Wylder",
      "lastModifiedDate": "2020-02-07T15:36:27.000Z",
      "manageableState": "installed",
      "namespacePrefix": "pi",
      "type": "CustomPermission"
    },
    {
      "createdById": "0053f00000145zgAAA",
      "createdByName": "Nathan Wylder",
      "createdDate": "2020-02-07T15:36:27.000Z",
      "fileName": "customPermissions/pi__Sales_Edge_Custom_Permission.customPermission",
      "fullName": "pi__Sales_Edge_Custom_Permission",
      "id": "0CP3f0000004CBUGA2",
      "lastModifiedById": "0053f00000145zgAAA",
      "lastModifiedByName": "Nathan Wylder",
      "lastModifiedDate": "2020-02-07T15:36:27.000Z",
      "manageableState": "installed",
      "namespacePrefix": "pi",
      "type": "CustomPermission"
    },
    {
      "createdById": "00541000004SMkpAAG",
      "createdByName": "SFDC Support",
      "createdDate": "2018-04-30T23:30:15.000Z",
      "fileName": "customPermissions/SBQQ__CPQStandardPerm.customPermission",
      "fullName": "SBQQ__CPQStandardPerm",
      "id": "0CP41000000XZtJGAW",
      "lastModifiedById": "00541000004SMkpAAG",
      "lastModifiedByName": "SFDC Support",
      "lastModifiedDate": "2018-04-30T23:30:15.000Z",
      "manageableState": "installed",
      "namespacePrefix": "SBQQ",
      "type": "CustomPermission"
    },
    {
      "createdById": "0053f00000145zgAAA",
      "createdByName": "Nathan Wylder",
      "createdDate": "2020-02-07T15:36:27.000Z",
      "fileName": "customPermissions/pi__Sales_Cloud_Engage_Perm.customPermission",
      "fullName": "pi__Sales_Cloud_Engage_Perm",
      "id": "0CP3f0000004CBTGA2",
      "lastModifiedById": "0053f00000145zgAAA",
      "lastModifiedByName": "Nathan Wylder",
      "lastModifiedDate": "2020-02-07T15:36:27.000Z",
      "manageableState": "installed",
      "namespacePrefix": "pi",
      "type": "CustomPermission"
    },
    {
      "createdById": "00541000003Aq3qAAC",
      "createdByName": "Jessica Deal",
      "createdDate": "2017-06-01T19:40:30.000Z",
      "fileName": "customPermissions/Edit_Headquarters_Account.customPermission",
      "fullName": "Edit_Headquarters_Account",
      "id": "0CP41000000DRJ6GAO",
      "lastModifiedById": "00541000003Aq3qAAC",
      "lastModifiedByName": "Jessica Deal",
      "lastModifiedDate": "2017-06-01T19:40:30.000Z",
      "manageableState": "unmanaged",
      "type": "CustomPermission"
    },
    {
      "createdById": "00541000003Aq3qAAC",
      "createdByName": "Jessica Deal",
      "createdDate": "2017-06-05T20:08:15.000Z",
      "fileName": "customPermissions/PO_Value_and_PO_Recon_Override.customPermission",
      "fullName": "PO_Value_and_PO_Recon_Override",
      "id": "0CP41000000DRL5GAO",
      "lastModifiedById": "00541000003Aq3qAAC",
      "lastModifiedByName": "Jessica Deal",
      "lastModifiedDate": "2017-06-05T20:08:15.000Z",
      "manageableState": "unmanaged",
      "type": "CustomPermission"
    }
  ]
}