{
  "status": 0,
  "result": [
    {
      "createdById": "00541000001bEDeAAM",
      "createdByName": "Eric Reo",
      "createdDate": "2021-10-12T12:57:39.000Z",
      "fileName": "applications/standard__Insights.app",
      "fullName": "standard__Insights",
      "id": "02u3f0000008XFAAA2",
      "lastModifiedById": "00541000001bEDeAAM",
      "lastModifiedByName": "Eric Reo",
      "lastModifiedDate": "2021-10-12T12:57:39.000Z",
      "manageableState": "unmanaged",
      "namespacePrefix": "standard",
      "type": "CustomApplication"
    },
    {
      "createdById": "00541000001bEDeAAM",
      "createdByName": "Eric Reo",
      "createdDate": "2016-12-22T15:47:21.000Z",
      "fileName": "applications/standard__Community.app",
      "fullName": "standard__Community",
      "id": "02u41000000Vnz7AAC",
      "lastModifiedById": "00541000003Aq3qAAC",
      "lastModifiedByName": "Jessica Deal",
      "lastModifiedDate": "2017-06-01T19:46:59.000Z",
      "manageableState": "unmanaged",
      "namespacePrefix": "standard",
      "type": "CustomApplication"
    },
    {
      "createdById": "00541000001bEDeAAM",
      "createdByName": "Eric Reo",
      "createdDate": "2021-08-23T18:11:58.000Z",
      "fileName": "applications/standard__Optimizer.app",
      "fullName": "standard__Optimizer",
      "id": "02u3f0000008XCBAA2",
      "lastModifiedById": "00541000001bEDeAAM",
      "lastModifiedByName": "Eric Reo",
      "lastModifiedDate": "2021-08-23T18:11:58.000Z",
      "manageableState": "unmanaged",
      "namespacePrefix": "standard",
      "type": "CustomApplication"
    },
    {
      "createdById": "00541000001bEDeAAM",
      "createdByName": "Eric Reo",
      "createdDate": "2016-12-22T15:47:21.000Z",
      "fileName": "applications/Sales.app",
      "fullName": "Sales",
      "id": "02u41000000VnzAAAS",
      "lastModifiedById": "00541000003Aq3qAAC",
      "lastModifiedByName": "Jessica Deal",
      "lastModifiedDate": "2017-06-01T19:46:59.000Z",
      "manageableState": "unmanaged",
      "type": "CustomApplication"
    },
    {
      "createdById": "00541000001bEDeAAM",
      "createdByName": "Eric Reo",
      "createdDate": "2016-12-22T15:47:21.000Z",
      "fileName": "applications/standard__Service.app",
      "fullName": "standard__Service",
      "id": "02u41000000Vnz4AAC",
      "lastModifiedById": "00541000003Aq3qAAC",
      "lastModifiedByName": "Jessica Deal",
      "lastModifiedDate": "2017-06-01T19:47:00.000Z",
      "manageableState": "unmanaged",
      "namespacePrefix": "standard",
      "type": "CustomApplication"
    },
    {
      "createdById": "00541000004SMkpAAG",
      "createdByName": "SFDC Support",
      "createdDate": "2018-04-24T21:25:41.000Z",
      "fileName": "applications/rh2__PS_Rollup_Helper.app",
      "fullName": "rh2__PS_Rollup_Helper",
      "id": "02u41000001UklCAAS",
      "lastModifiedById": "005410000064QVeAAM",
      "lastModifiedByName": "Rollup Helper",
      "lastModifiedDate": "2021-07-24T02:05:44.000Z",
      "manageableState": "installed",
      "namespacePrefix": "rh2",
      "type": "CustomApplication"
    },
    {
      "createdById": "00541000001bEDeAAM",
      "createdByName": "Eric Reo",
      "createdDate": "2016-12-22T15:47:21.000Z",
      "fileName": "applications/standard__Platform.app",
      "fullName": "standard__Platform",
      "id": "02u41000000Vnz3AAC",
      "lastModifiedById": "00541000003Aq3qAAC",
      "lastModifiedByName": "Jessica Deal",
      "lastModifiedDate": "2017-06-01T19:47:00.000Z",
      "manageableState": "unmanaged",
      "namespacePrefix": "standard",
      "type": "CustomApplication"
    },
    {
      "createdById": "0053f00000145zgAAA",
      "createdByName": "Nathan Wylder",
      "createdDate": "2020-02-07T15:36:37.000Z",
      "fileName": "applications/pi__Sales_Reach.app",
      "fullName": "pi__Sales_Reach",
      "id": "02u3f000000HC9uAAG",
      "lastModifiedById": "0053f0000014nWOAAY",
      "lastModifiedByName": "Pardot",
      "lastModifiedDate": "2022-07-22T01:01:02.000Z",
      "manageableState": "installed",
      "namespacePrefix": "pi",
      "type": "CustomApplication"
    },
    {
      "createdById": "0053f0000019P7FAAU",
      "createdByName": "Simplus Admin",
      "createdDate": "2021-07-31T00:01:21.000Z",
      "fileName": "applications/ADS_Mexicana.app",
      "fullName": "ADS_Mexicana",
      "id": "02u3f000000Cjv3AAC",
      "lastModifiedById": "00541000004SyXBAA0",
      "lastModifiedByName": "Zack Patrick",
      "lastModifiedDate": "2021-08-03T12:39:59.000Z",
      "manageableState": "unmanaged",
      "type": "CustomApplication"
    },
    {
      "createdById": "00541000003Aq3qAAC",
      "createdByName": "Jessica Deal",
      "createdDate": "2017-06-01T19:46:59.000Z",
      "fileName": "applications/ADS_Sales_Console.app",
      "fullName": "ADS_Sales_Console",
      "id": "02u41000001AacNAAS",
      "lastModifiedById": "0053f00000145zgAAA",
      "lastModifiedByName": "Nathan Wylder",
      "lastModifiedDate": "2020-11-17T21:38:14.000Z",
      "manageableState": "unmanaged",
      "type": "CustomApplication"
    },
    {
      "createdById": "00541000001bEDeAAM",
      "createdByName": "Eric Reo",
      "createdDate": "2021-02-15T06:10:37.000Z",
      "fileName": "applications/standard__Commerce.app",
      "fullName": "standard__Commerce",
      "id": "02u3f000000HCOFAA4",
      "lastModifiedById": "00541000001bEDeAAM",
      "lastModifiedByName": "Eric Reo",
      "lastModifiedDate": "2021-02-15T06:10:37.000Z",
      "manageableState": "unmanaged",
      "namespacePrefix": "standard",
      "type": "CustomApplication"
    },
    {
      "createdById": "0053f00000145zgAAA",
      "createdByName": "Nathan Wylder",
      "createdDate": "2021-04-06T18:52:07.000Z",
      "fileName": "applications/dlrs__DeclarativeLookupRollupSummaries2.app",
      "fullName": "dlrs__DeclarativeLookupRollupSummaries2",
      "id": "02u3f000000CjsOAAS",
      "lastModifiedById": "0053f00000145zgAAA",
      "lastModifiedByName": "Nathan Wylder",
      "lastModifiedDate": "2021-04-06T18:52:07.000Z",
      "manageableState": "installed",
      "namespacePrefix": "dlrs",
      "type": "CustomApplication"
    },
    {
      "createdById": "0053f00000145zgAAA",
      "createdByName": "Nathan Wylder",
      "createdDate": "2020-02-07T15:36:37.000Z",
      "fileName": "applications/pi__ProspectInsight.app",
      "fullName": "pi__ProspectInsight",
      "id": "02u3f000000HC9tAAG",
      "lastModifiedById": "0053f0000014nWOAAY",
      "lastModifiedByName": "Pardot",
      "lastModifiedDate": "2022-07-22T01:01:02.000Z",
      "manageableState": "installed",
      "namespacePrefix": "pi",
      "type": "CustomApplication"
    },
    {
      "createdById": "00541000001bEDeAAM",
      "createdByName": "Eric Reo",
      "createdDate": "2016-12-22T15:47:21.000Z",
      "fileName": "applications/standard__ServiceConsole.app",
      "fullName": "standard__ServiceConsole",
      "id": "02u41000000Vnz8AAC",
      "lastModifiedById": "00541000003Aq3qAAC",
      "lastModifiedByName": "Jessica Deal",
      "lastModifiedDate": "2017-06-01T19:47:00.000Z",
      "manageableState": "unmanaged",
      "namespacePrefix": "standard",
      "type": "CustomApplication"
    },
    {
      "createdById": "00541000001bEDeAAM",
      "createdByName": "Eric Reo",
      "createdDate": "2016-12-22T15:47:21.000Z",
      "fileName": "applications/standard__Sales.app",
      "fullName": "standard__Sales",
      "id": "02u41000000VnyxAAC",
      "lastModifiedById": "00541000003Aq3qAAC",
      "lastModifiedByName": "Jessica Deal",
      "lastModifiedDate": "2017-06-01T19:47:00.000Z",
      "manageableState": "unmanaged",
      "namespacePrefix": "standard",
      "type": "CustomApplication"
    },
    {
      "createdById": "0053f0000016G9aAAE",
      "createdByName": "Levi Kurtright",
      "createdDate": "2020-12-10T14:10:50.000Z",
      "fileName": "applications/ADS_Mobile.app",
      "fullName": "ADS_Mobile",
      "id": "02u3f000000HCN7AAO",
      "lastModifiedById": "0053f00000145zgAAA",
      "lastModifiedByName": "Nathan Wylder",
      "lastModifiedDate": "2021-11-23T21:47:39.000Z",
      "manageableState": "unmanaged",
      "type": "CustomApplication"
    },
    {
      "createdById": "00541000001bEDeAAM",
      "createdByName": "Eric Reo",
      "createdDate": "2021-05-18T15:38:19.000Z",
      "fileName": "applications/standard__PreconfiguredLightningServiceConsole.app",
      "fullName": "standard__PreconfiguredLightningServiceConsole",
      "id": "02u3f000000CjssAAC",
      "lastModifiedById": "00541000000jJabAAE",
      "lastModifiedByName": "Automated Process",
      "lastModifiedDate": "2021-05-18T15:38:20.000Z",
      "manageableState": "unmanaged",
      "namespacePrefix": "standard",
      "type": "CustomApplication"
    },
    {
      "createdById": "00541000001bEDeAAM",
      "createdByName": "Eric Reo",
      "createdDate": "2017-02-11T20:18:05.000Z",
      "fileName": "applications/standard__LightningSalesConsole.app",
      "fullName": "standard__LightningSalesConsole",
      "id": "02u41000000C6hAAAS",
      "lastModifiedById": "00541000003Aq3qAAC",
      "lastModifiedByName": "Jessica Deal",
      "lastModifiedDate": "2017-07-11T03:23:57.000Z",
      "manageableState": "unmanaged",
      "namespacePrefix": "standard",
      "type": "CustomApplication"
    },
    {
      "createdById": "005410000064QVeAAM",
      "createdByName": "Rollup Helper",
      "createdDate": "2018-09-08T04:26:32.000Z",
      "fileName": "applications/rh2__Rollup_Helper_Lightning.app",
      "fullName": "rh2__Rollup_Helper_Lightning",
      "id": "02u41000001lchtAAA",
      "lastModifiedById": "005410000064QVeAAM",
      "lastModifiedByName": "Rollup Helper",
      "lastModifiedDate": "2021-07-24T02:05:44.000Z",
      "manageableState": "installed",
      "namespacePrefix": "rh2",
      "type": "CustomApplication"
    },
    {
      "createdById": "00541000002RzpjAAC",
      "createdByName": "Dylan Gerow",
      "createdDate": "2017-03-31T15:15:00.000Z",
      "fileName": "applications/SBQQ__QuoteQuickly.app",
      "fullName": "SBQQ__QuoteQuickly",
      "id": "02u41000000CSamAAG",
      "lastModifiedById": "00541000002RzrVAAS",
      "lastModifiedByName": "Salesforce CPQ",
      "lastModifiedDate": "2023-02-13T00:05:29.000Z",
      "manageableState": "installed",
      "namespacePrefix": "SBQQ",
      "type": "CustomApplication"
    },
    {
      "createdById": "00541000001bEDeAAM",
      "createdByName": "Eric Reo",
      "createdDate": "2016-12-22T15:47:21.000Z",
      "fileName": "applications/standard__Chatter.app",
      "fullName": "standard__Chatter",
      "id": "02u41000000Vnz5AAC",
      "lastModifiedById": "00541000003Aq3qAAC",
      "lastModifiedByName": "Jessica Deal",
      "lastModifiedDate": "2017-06-01T19:46:59.000Z",
      "manageableState": "unmanaged",
      "namespacePrefix": "standard",
      "type": "CustomApplication"
    },
    {
      "createdById": "00541000001bEDeAAM",
      "createdByName": "Eric Reo",
      "createdDate": "2020-02-15T06:02:22.000Z",
      "fileName": "applications/standard__AllTabSet.app",
      "fullName": "standard__AllTabSet",
      "id": "02u3f000000HCA8AAO",
      "lastModifiedById": "00541000001bEDeAAM",
      "lastModifiedByName": "Eric Reo",
      "lastModifiedDate": "2020-02-15T06:02:22.000Z",
      "manageableState": "unmanaged",
      "namespacePrefix": "standard",
      "type": "CustomApplication"
    },
    {
      "createdById": "0053f00000145zgAAA",
      "createdByName": "Nathan Wylder",
      "createdDate": "2021-03-04T22:13:12.000Z",
      "fileName": "applications/dsfs__DocuSign_For_Salesforce.app",
      "fullName": "dsfs__DocuSign_For_Salesforce",
      "id": "02u3f000000CjsEAAS",
      "lastModifiedById": "0053f00000145zgAAA",
      "lastModifiedByName": "Nathan Wylder",
      "lastModifiedDate": "2022-09-28T13:27:41.000Z",
      "manageableState": "installed",
      "namespacePrefix": "dsfs",
      "type": "CustomApplication"
    },
    {
      "createdById": "0053f0000016G9aAAE",
      "createdByName": "Levi Kurtright",
      "createdDate": "2020-11-19T15:23:30.000Z",
      "fileName": "applications/sbaa__AdvancedApprovals.app",
      "fullName": "sbaa__AdvancedApprovals",
      "id": "02u3f000000HCMiAAO",
      "lastModifiedById": "0053f0000019650AAA",
      "lastModifiedByName": "Advanced Approvals",
      "lastModifiedDate": "2023-02-13T04:31:17.000Z",
      "manageableState": "installed",
      "namespacePrefix": "sbaa",
      "type": "CustomApplication"
    },
    {
      "createdById": "0053f00000145zgAAA",
      "createdByName": "Nathan Wylder",
      "createdDate": "2022-09-22T19:59:14.000Z",
      "fileName": "applications/ADS_Manufacturing.app",
      "fullName": "ADS_Manufacturing",
      "id": "02u54000000zvFuAAI",
      "lastModifiedById": "0053f00000145zgAAA",
      "lastModifiedByName": "Nathan Wylder",
      "lastModifiedDate": "2022-09-23T12:52:58.000Z",
      "manageableState": "unmanaged",
      "type": "CustomApplication"
    },
    {
      "createdById": "00541000003Aq3qAAC",
      "createdByName": "Jessica Deal",
      "createdDate": "2017-06-01T19:46:58.000Z",
      "fileName": "applications/ADS_Sales.app",
      "fullName": "ADS_Sales",
      "id": "02u41000001AacMAAS",
      "lastModifiedById": "0053f00000145zgAAA",
      "lastModifiedByName": "Nathan Wylder",
      "lastModifiedDate": "2021-11-23T21:46:35.000Z",
      "manageableState": "unmanaged",
      "type": "CustomApplication"
    },
    {
      "createdById": "00541000001bEDeAAM",
      "createdByName": "Eric Reo",
      "createdDate": "2020-10-17T05:01:09.000Z",
      "fileName": "applications/standard__OnlineSales.app",
      "fullName": "standard__OnlineSales",
      "id": "02u3f000000HCJtAAO",
      "lastModifiedById": "00541000001bEDeAAM",
      "lastModifiedByName": "Eric Reo",
      "lastModifiedDate": "2020-10-17T05:01:09.000Z",
      "manageableState": "unmanaged",
      "namespacePrefix": "standard",
      "type": "CustomApplication"
    },
    {
      "createdById": "0053f000001F7USAA0",
      "createdByName": "Nathan Cox",
      "createdDate": "2023-01-31T18:04:41.000Z",
      "fileName": "applications/PowerBIApp__PowerBIDashboard.app",
      "fullName": "PowerBIApp__PowerBIDashboard",
      "id": "02u54000000zwwuAAA",
      "lastModifiedById": "0053f000001F7USAA0",
      "lastModifiedByName": "Nathan Cox",
      "lastModifiedDate": "2023-01-31T18:04:51.000Z",
      "manageableState": "installed",
      "namespacePrefix": "PowerBIApp",
      "type": "CustomApplication"
    },
    {
      "createdById": "00541000001bEDeAAM",
      "createdByName": "Eric Reo",
      "createdDate": "2022-06-11T05:25:40.000Z",
      "fileName": "applications/standard__DataManager.app",
      "fullName": "standard__DataManager",
      "id": "02u3f000000cBX2AAM",
      "lastModifiedById": "00541000001bEDeAAM",
      "lastModifiedByName": "Eric Reo",
      "lastModifiedDate": "2022-06-11T05:25:40.000Z",
      "manageableState": "unmanaged",
      "namespacePrefix": "standard",
      "type": "CustomApplication"
    },
    {
      "createdById": "0053f00000145zgAAA",
      "createdByName": "Nathan Wylder",
      "createdDate": "2021-11-05T14:07:58.000Z",
      "fileName": "applications/FieldTracker__FieldTracker.app",
      "fullName": "FieldTracker__FieldTracker",
      "id": "02u3f0000008XG8AAM",
      "lastModifiedById": "0053f00000145zgAAA",
      "lastModifiedByName": "Nathan Wylder",
      "lastModifiedDate": "2021-11-05T14:07:58.000Z",
      "manageableState": "installed",
      "namespacePrefix": "FieldTracker",
      "type": "CustomApplication"
    },
    {
      "createdById": "00541000001bEDeAAM",
      "createdByName": "Eric Reo",
      "createdDate": "2019-06-15T07:09:06.000Z",
      "fileName": "applications/standard__SalesforceCMS.app",
      "fullName": "standard__SalesforceCMS",
      "id": "02u2M000001lhCIQAY",
      "lastModifiedById": "00541000001bEDeAAM",
      "lastModifiedByName": "Eric Reo",
      "lastModifiedDate": "2019-06-15T07:09:06.000Z",
      "manageableState": "unmanaged",
      "namespacePrefix": "standard",
      "type": "CustomApplication"
    },
    {
      "createdById": "00541000002RzpjAAC",
      "createdByName": "Dylan Gerow",
      "createdDate": "2017-05-11T13:53:49.000Z",
      "fileName": "applications/dlrs__DeclarativeLookupRollupSummaries.app",
      "fullName": "dlrs__DeclarativeLookupRollupSummaries",
      "id": "02u41000001AYVpAAO",
      "lastModifiedById": "0053f00000145zgAAA",
      "lastModifiedByName": "Nathan Wylder",
      "lastModifiedDate": "2021-04-06T18:52:07.000Z",
      "manageableState": "installed",
      "namespacePrefix": "dlrs",
      "type": "CustomApplication"
    },
    {
      "createdById": "00541000001bEDeAAM",
      "createdByName": "Eric Reo",
      "createdDate": "2017-02-11T20:18:10.000Z",
      "fileName": "applications/standard__LightningService.app",
      "fullName": "standard__LightningService",
      "id": "02u41000000C6iMAAS",
      "lastModifiedById": "0053f00000145zgAAA",
      "lastModifiedByName": "Nathan Wylder",
      "lastModifiedDate": "2020-11-17T21:42:18.000Z",
      "manageableState": "unmanaged",
      "namespacePrefix": "standard",
      "type": "CustomApplication"
    },
    {
      "createdById": "00541000003Aq3qAAC",
      "createdByName": "Jessica Deal",
      "createdDate": "2017-06-01T19:46:59.000Z",
      "fileName": "applications/ADS_Service_Console.app",
      "fullName": "ADS_Service_Console",
      "id": "02u41000001AacOAAS",
      "lastModifiedById": "0053f00000145zgAAA",
      "lastModifiedByName": "Nathan Wylder",
      "lastModifiedDate": "2020-11-17T21:36:55.000Z",
      "manageableState": "unmanaged",
      "type": "CustomApplication"
    },
    {
      "createdById": "00541000001bEDeAAM",
      "createdByName": "Eric Reo",
      "createdDate": "2016-12-22T15:47:21.000Z",
      "fileName": "applications/standard__LightningSales.app",
      "fullName": "standard__LightningSales",
      "id": "02u41000000VnzBAAS",
      "lastModifiedById": "00541000000jJabAAE",
      "lastModifiedByName": "Automated Process",
      "lastModifiedDate": "2023-02-11T19:12:52.000Z",
      "manageableState": "unmanaged",
      "namespacePrefix": "standard",
      "type": "CustomApplication"
    },
    {
      "createdById": "00541000001bEDeAAM",
      "createdByName": "Eric Reo",
      "createdDate": "2020-02-17T20:58:36.000Z",
      "fileName": "applications/standard__PardotAppV1.app",
      "fullName": "standard__PardotAppV1",
      "id": "02u3f000000HCADAA4",
      "lastModifiedById": "0053f0000019P7FAAU",
      "lastModifiedByName": "Simplus Admin",
      "lastModifiedDate": "2021-12-17T01:15:05.000Z",
      "manageableState": "unmanaged",
      "namespacePrefix": "standard",
      "type": "CustomApplication"
    },
    {
      "createdById": "0053f00000145zgAAA",
      "createdByName": "Nathan Wylder",
      "createdDate": "2022-12-12T17:27:36.000Z",
      "fileName": "applications/Cultec.app",
      "fullName": "Cultec",
      "id": "02u54000000zwWIAAY",
      "lastModifiedById": "0053f00000145zgAAA",
      "lastModifiedByName": "Nathan Wylder",
      "lastModifiedDate": "2023-01-17T12:33:09.000Z",
      "manageableState": "unmanaged",
      "type": "CustomApplication"
    },
    {
      "createdById": "00541000001bEDeAAM",
      "createdByName": "Eric Reo",
      "createdDate": "2016-12-22T15:47:21.000Z",
      "fileName": "applications/standard__Marketing.app",
      "fullName": "standard__Marketing",
      "id": "02u41000000Vnz2AAC",
      "lastModifiedById": "00541000003Aq3qAAC",
      "lastModifiedByName": "Jessica Deal",
      "lastModifiedDate": "2017-06-01T19:47:00.000Z",
      "manageableState": "unmanaged",
      "namespacePrefix": "standard",
      "type": "CustomApplication"
    },
    {
      "createdById": "00541000001bEDeAAM",
      "createdByName": "Eric Reo",
      "createdDate": "2020-09-12T04:08:31.000Z",
      "fileName": "applications/standard__AppLauncher.app",
      "fullName": "standard__AppLauncher",
      "id": "02u3f000000HCHsAAO",
      "lastModifiedById": "00541000001bEDeAAM",
      "lastModifiedByName": "Eric Reo",
      "lastModifiedDate": "2020-09-12T04:08:31.000Z",
      "manageableState": "unmanaged",
      "namespacePrefix": "standard",
      "type": "CustomApplication"
    },
    {
      "createdById": "0053f00000145zgAAA",
      "createdByName": "Nathan Wylder",
      "createdDate": "2022-10-18T21:13:41.000Z",
      "fileName": "applications/ADS_Marketing.app",
      "fullName": "ADS_Marketing",
      "id": "02u54000000zvunAAA",
      "lastModifiedById": "0053f00000145zgAAA",
      "lastModifiedByName": "Nathan Wylder",
      "lastModifiedDate": "2022-10-28T20:20:57.000Z",
      "manageableState": "unmanaged",
      "type": "CustomApplication"
    }
  ]
}