{
  "status": 0,
  "result": [
    {
      "createdById": "0053f0000016G9aAAE",
      "createdByName": "Levi Kurtright",
      "createdDate": "2020-12-12T02:21:23.000Z",
      "fileName": "notificationtypes/Mobile_Notification.notiftype",
      "fullName": "Mobile_Notification",
      "id": "0ML3f0000000030GAA",
      "lastModifiedById": "0053f0000016G9aAAE",
      "lastModifiedByName": "Levi Kurtright",
      "lastModifiedDate": "2020-12-12T19:15:26.000Z",
      "manageableState": "unmanaged",
      "type": "CustomNotificationType"
    },
    {
      "createdById": "0053f000000U5CCAA0",
      "createdByName": "Pooja Dendukoori",
      "createdDate": "2021-09-27T21:17:03.000Z",
      "fileName": "notificationtypes/sansancard__SSCardNotificationtype.notiftype",
      "fullName": "sansancard__SSCardNotificationtype",
      "id": "0ML3f000000KyjfGAC",
      "lastModifiedById": "0053f000000U5CCAA0",
      "lastModifiedByName": "Pooja Dendukoori",
      "lastModifiedDate": "2021-09-27T21:17:03.000Z",
      "manageableState": "installed",
      "namespacePrefix": "sansancard",
      "type": "CustomNotificationType"
    },
    {
      "createdById": "0053f000000Ze23AAC",
      "createdByName": "Will Burke",
      "createdDate": "2019-09-13T23:39:03.000Z",
      "fileName": "notificationtypes/Task_Completed_Notification.notiftype",
      "fullName": "Task_Completed_Notification",
      "id": "0ML3f000000000vGAA",
      "lastModifiedById": "0053f000000Ze23AAC",
      "lastModifiedByName": "Will Burke",
      "lastModifiedDate": "2019-09-13T23:39:03.000Z",
      "manageableState": "unmanaged",
      "type": "CustomNotificationType"
    },
    {
      "createdById": "0053f000000Ze23AAC",
      "createdByName": "Will Burke",
      "createdDate": "2019-09-13T23:39:03.000Z",
      "fileName": "notificationtypes/New_Case_Assignment_Notification.notiftype",
      "fullName": "New_Case_Assignment_Notification",
      "id": "0ML3f000000000uGAA",
      "lastModifiedById": "0053f000000Ze23AAC",
      "lastModifiedByName": "Will Burke",
      "lastModifiedDate": "2019-09-13T23:39:03.000Z",
      "manageableState": "unmanaged",
      "type": "CustomNotificationType"
    },
    {
      "createdById": "0053f0000016G9aAAE",
      "createdByName": "Levi Kurtright",
      "createdDate": "2020-12-12T18:50:50.000Z",
      "fileName": "notificationtypes/AA_Mobile_Notification.notiftype",
      "fullName": "AA_Mobile_Notification",
      "id": "0ML3f0000000035GAA",
      "lastModifiedById": "0053f0000016G9aAAE",
      "lastModifiedByName": "Levi Kurtright",
      "lastModifiedDate": "2020-12-12T19:15:20.000Z",
      "manageableState": "unmanaged",
      "type": "CustomNotificationType"
    },
    {
      "createdById": "0053f0000019P7FAAU",
      "createdByName": "Simplus Admin",
      "createdDate": "2021-01-29T22:00:26.000Z",
      "fileName": "notificationtypes/Advance_Approval_Notification.notiftype",
      "fullName": "Advance_Approval_Notification",
      "id": "0ML3f000000003FGAQ",
      "lastModifiedById": "0053f0000019P7FAAU",
      "lastModifiedByName": "Simplus Admin",
      "lastModifiedDate": "2021-01-29T22:00:26.000Z",
      "manageableState": "unmanaged",
      "type": "CustomNotificationType"
    }
  ]
}