{
  "status": 0,
  "result": [
    {
      "createdById": "0053f000000qKaxAAE",
      "createdByName": "Rajasekhar Vempati",
      "createdDate": "1970-01-01T00:00:00.000Z",
      "fileName": "customMetadata/ESR_Weights_Design_Suite.WQ_BayFilter.md",
      "fullName": "ESR_Weights_Design_Suite.WQ_BayFilter",
      "id": "m0C3f0000004CArEAM",
      "lastModifiedById": "0053f000000qKaxAAE",
      "lastModifiedByName": "Rajasekhar Vempati",
      "lastModifiedDate": "1970-01-01T00:00:00.000Z",
      "manageableState": "unmanaged",
      "type": "CustomMetadata"
    },
    {
      "createdById": "0053f000000qKaxAAE",
      "createdByName": "Rajasekhar Vempati",
      "createdDate": "1970-01-01T00:00:00.000Z",
      "fileName": "customMetadata/Trigger_Setting.Account.md",
      "fullName": "Trigger_Setting.Account",
      "id": "m01410000005VnAAAU",
      "lastModifiedById": "0053f000000qKaxAAE",
      "lastModifiedByName": "Rajasekhar Vempati",
      "lastModifiedDate": "1970-01-01T00:00:00.000Z",
      "manageableState": "unmanaged",
      "type": "CustomMetadata"
    },
    {
      "createdById": "0053f000000qKaxAAE",
      "createdByName": "Rajasekhar Vempati",
      "createdDate": "1970-01-01T00:00:00.000Z",
      "fileName": "customMetadata/CMTD__EnhancedRelatedList.EngineeringRequests_Requested_Completion.md",
      "fullName": "CMTD__EnhancedRelatedList.EngineeringRequests_Requested_Completion",
      "id": "m053f000000PAtpAAG",
      "lastModifiedById": "0053f000000qKaxAAE",
      "lastModifiedByName": "Rajasekhar Vempati",
      "lastModifiedDate": "1970-01-01T00:00:00.000Z",
      "manageableState": "unmanaged",
      "type": "CustomMetadata"
    },
    {
      "createdById": "0053f000000qKaxAAE",
      "createdByName": "Rajasekhar Vempati",
      "createdDate": "1970-01-01T00:00:00.000Z",
      "fileName": "customMetadata/Business_Hours_and_Region_Map.Wyoming.md",
      "fullName": "Business_Hours_and_Region_Map.Wyoming",
      "id": "m033f0000004CKhAAM",
      "lastModifiedById": "0053f000000qKaxAAE",
      "lastModifiedByName": "Rajasekhar Vempati",
      "lastModifiedDate": "1970-01-01T00:00:00.000Z",
      "manageableState": "unmanaged",
      "type": "CustomMetadata"
    },
    {
      "createdById": "0053f000000qKaxAAE",
      "createdByName": "Rajasekhar Vempati",
      "createdDate": "1970-01-01T00:00:00.000Z",
      "fileName": "customMetadata/Business_Hours_and_Region_Map.New_Jersey.md",
      "fullName": "Business_Hours_and_Region_Map.New_Jersey",
      "id": "m033f0000004CKIAA2",
      "lastModifiedById": "0053f000000qKaxAAE",
      "lastModifiedByName": "Rajasekhar Vempati",
      "lastModifiedDate": "1970-01-01T00:00:00.000Z",
      "manageableState": "unmanaged",
      "type": "CustomMetadata"
    },
    {
      "createdById": "0053f000000qKaxAAE",
      "createdByName": "Rajasekhar Vempati",
      "createdDate": "1970-01-01T00:00:00.000Z",
      "fileName": "customMetadata/ESR_Weights_Product_Type.Pipe_SaniTite_HP.md",
      "fullName": "ESR_Weights_Product_Type.Pipe_SaniTite_HP",
      "id": "m0E3f000000PB6wEAG",
      "lastModifiedById": "0053f000000qKaxAAE",
      "lastModifiedByName": "Rajasekhar Vempati",
      "lastModifiedDate": "1970-01-01T00:00:00.000Z",
      "manageableState": "unmanaged",
      "type": "CustomMetadata"
    },
    {
      "createdById": "0053f000000qKaxAAE",
      "createdByName": "Rajasekhar Vempati",
      "createdDate": "1970-01-01T00:00:00.000Z",
      "fileName": "customMetadata/Business_Hours_and_Region_Map.Ontario.md",
      "fullName": "Business_Hours_and_Region_Map.Ontario",
      "id": "m033f0000004CKQAA2",
      "lastModifiedById": "0053f000000qKaxAAE",
      "lastModifiedByName": "Rajasekhar Vempati",
      "lastModifiedDate": "1970-01-01T00:00:00.000Z",
      "manageableState": "unmanaged",
      "type": "CustomMetadata"
    },
    {
      "createdById": "0053f000000qKaxAAE",
      "createdByName": "Rajasekhar Vempati",
      "createdDate": "1970-01-01T00:00:00.000Z",
      "fileName": "customMetadata/ESR_Weights_Revision.Revision_Internal_Error.md",
      "fullName": "ESR_Weights_Revision.Revision_Internal_Error",
      "id": "m0G3f000000TN1mEAG",
      "lastModifiedById": "0053f000000qKaxAAE",
      "lastModifiedByName": "Rajasekhar Vempati",
      "lastModifiedDate": "1970-01-01T00:00:00.000Z",
      "manageableState": "unmanaged",
      "type": "CustomMetadata"
    },
    {
      "createdById": "0053f000000qKaxAAE",
      "createdByName": "Rajasekhar Vempati",
      "createdDate": "1970-01-01T00:00:00.000Z",
      "fileName": "customMetadata/ESR_Weights_ESR_Type.Hydraulic.md",
      "fullName": "ESR_Weights_ESR_Type.Hydraulic",
      "id": "m0D3f000000blJzEAI",
      "lastModifiedById": "0053f000000qKaxAAE",
      "lastModifiedByName": "Rajasekhar Vempati",
      "lastModifiedDate": "1970-01-01T00:00:00.000Z",
      "manageableState": "unmanaged",
      "type": "CustomMetadata"
    },
    {
      "createdById": "0053f000000qKaxAAE",
      "createdByName": "Rajasekhar Vempati",
      "createdDate": "1970-01-01T00:00:00.000Z",
      "fileName": "customMetadata/ESR_Weights_Design_Simplified_Detailed.StormTech.md",
      "fullName": "ESR_Weights_Design_Simplified_Detailed.StormTech",
      "id": "m0B3f000000XZCCEA4",
      "lastModifiedById": "0053f000000qKaxAAE",
      "lastModifiedByName": "Rajasekhar Vempati",
      "lastModifiedDate": "1970-01-01T00:00:00.000Z",
      "manageableState": "unmanaged",
      "type": "CustomMetadata"
    },
    {
      "createdById": "0053f000000qKaxAAE",
      "createdByName": "Rajasekhar Vempati",
      "createdDate": "1970-01-01T00:00:00.000Z",
      "fileName": "customMetadata/dlrs__LookupRollupSummary2.All_Closed_Won_Project_Count.md",
      "fullName": "dlrs__LookupRollupSummary2.All_Closed_Won_Project_Count",
      "id": "m00410000006I83AAE",
      "lastModifiedById": "0053f000000qKaxAAE",
      "lastModifiedByName": "Rajasekhar Vempati",
      "lastModifiedDate": "1970-01-01T00:00:00.000Z",
      "manageableState": "unmanaged",
      "type": "CustomMetadata"
    },
    {
      "createdById": "0053f000000qKaxAAE",
      "createdByName": "Rajasekhar Vempati",
      "createdDate": "1970-01-01T00:00:00.000Z",
      "fileName": "customMetadata/dlrs__LookupRollupSummary2.Closed_Lost_Project_Value_c.md",
      "fullName": "dlrs__LookupRollupSummary2.Closed_Lost_Project_Value_c",
      "id": "m00410000006I85AAE",
      "lastModifiedById": "0053f000000qKaxAAE",
      "lastModifiedByName": "Rajasekhar Vempati",
      "lastModifiedDate": "1970-01-01T00:00:00.000Z",
      "manageableState": "unmanaged",
      "type": "CustomMetadata"
    },
    {
      "createdById": "0053f000000qKaxAAE",
      "createdByName": "Rajasekhar Vempati",
      "createdDate": "1970-01-01T00:00:00.000Z",
      "fileName": "customMetadata/ESR_Weights_Revision.No_Revision.md",
      "fullName": "ESR_Weights_Revision.No_Revision",
      "id": "m0G3f000000TN1jEAG",
      "lastModifiedById": "0053f000000qKaxAAE",
      "lastModifiedByName": "Rajasekhar Vempati",
      "lastModifiedDate": "1970-01-01T00:00:00.000Z",
      "manageableState": "unmanaged",
      "type": "CustomMetadata"
    },
    {
      "createdById": "0053f000000qKaxAAE",
      "createdByName": "Rajasekhar Vempati",
      "createdDate": "1970-01-01T00:00:00.000Z",
      "fileName": "customMetadata/CMTD__EnhancedRelatedList.ProjectEntryRequests_Case.md",
      "fullName": "CMTD__EnhancedRelatedList.ProjectEntryRequests_Case",
      "id": "m053f000000PAtQAAW",
      "lastModifiedById": "0053f000000qKaxAAE",
      "lastModifiedByName": "Rajasekhar Vempati",
      "lastModifiedDate": "1970-01-01T00:00:00.000Z",
      "manageableState": "unmanaged",
      "type": "CustomMetadata"
    },
    {
      "createdById": "0053f000000qKaxAAE",
      "createdByName": "Rajasekhar Vempati",
      "createdDate": "1970-01-01T00:00:00.000Z",
      "fileName": "customMetadata/ESR_Weights_Design_Simplified_Detailed.WQ_ADS_WQU.md",
      "fullName": "ESR_Weights_Design_Simplified_Detailed.WQ_ADS_WQU",
      "id": "m0B3f000000XZCDEA4",
      "lastModifiedById": "0053f000000qKaxAAE",
      "lastModifiedByName": "Rajasekhar Vempati",
      "lastModifiedDate": "1970-01-01T00:00:00.000Z",
      "manageableState": "unmanaged",
      "type": "CustomMetadata"
    },
    {
      "createdById": "0053f000000qKaxAAE",
      "createdByName": "Rajasekhar Vempati",
      "createdDate": "1970-01-01T00:00:00.000Z",
      "fileName": "customMetadata/Business_Hours_and_Region_Map.British_Columbia.md",
      "fullName": "Business_Hours_and_Region_Map.British_Columbia",
      "id": "m033f0000004CJrAAM",
      "lastModifiedById": "0053f000000qKaxAAE",
      "lastModifiedByName": "Rajasekhar Vempati",
      "lastModifiedDate": "1970-01-01T00:00:00.000Z",
      "manageableState": "unmanaged",
      "type": "CustomMetadata"
    },
    {
      "createdById": "0053f000000qKaxAAE",
      "createdByName": "Rajasekhar Vempati",
      "createdDate": "1970-01-01T00:00:00.000Z",
      "fileName": "customMetadata/CMTD__EnhancedRelatedList.EngineeringRequests_Owner_Name.md",
      "fullName": "CMTD__EnhancedRelatedList.EngineeringRequests_Owner_Name",
      "id": "m053f000000PAt1AAG",
      "lastModifiedById": "0053f000000qKaxAAE",
      "lastModifiedByName": "Rajasekhar Vempati",
      "lastModifiedDate": "1970-01-01T00:00:00.000Z",
      "manageableState": "unmanaged",
      "type": "CustomMetadata"
    },
    {
      "createdById": "0053f000000qKaxAAE",
      "createdByName": "Rajasekhar Vempati",
      "createdDate": "1970-01-01T00:00:00.000Z",
      "fileName": "customMetadata/ESR_Weights_Redraw.True.md",
      "fullName": "ESR_Weights_Redraw.True",
      "id": "m0F3f0000008OLjEAM",
      "lastModifiedById": "0053f000000qKaxAAE",
      "lastModifiedByName": "Rajasekhar Vempati",
      "lastModifiedDate": "1970-01-01T00:00:00.000Z",
      "manageableState": "unmanaged",
      "type": "CustomMetadata"
    },
    {
      "createdById": "0053f000000qKaxAAE",
      "createdByName": "Rajasekhar Vempati",
      "createdDate": "1970-01-01T00:00:00.000Z",
      "fileName": "customMetadata/ESR_Weights_Product_Type.Pipe_N12_ST.md",
      "fullName": "ESR_Weights_Product_Type.Pipe_N12_ST",
      "id": "m0E3f000000PB6uEAG",
      "lastModifiedById": "0053f000000qKaxAAE",
      "lastModifiedByName": "Rajasekhar Vempati",
      "lastModifiedDate": "1970-01-01T00:00:00.000Z",
      "manageableState": "unmanaged",
      "type": "CustomMetadata"
    },
    {
      "createdById": "0053f000000qKaxAAE",
      "createdByName": "Rajasekhar Vempati",
      "createdDate": "1970-01-01T00:00:00.000Z",
      "fileName": "customMetadata/ESR_Weights_Redraw.False.md",
      "fullName": "ESR_Weights_Redraw.False",
      "id": "m0F3f0000008OLiEAM",
      "lastModifiedById": "0053f000000qKaxAAE",
      "lastModifiedByName": "Rajasekhar Vempati",
      "lastModifiedDate": "1970-01-01T00:00:00.000Z",
      "manageableState": "unmanaged",
      "type": "CustomMetadata"
    },
    {
      "createdById": "0053f000000qKaxAAE",
      "createdByName": "Rajasekhar Vempati",
      "createdDate": "1970-01-01T00:00:00.000Z",
      "fileName": "customMetadata/ESR_Weights_Design_Simplified_Detailed.WQ_HIL_FD.md",
      "fullName": "ESR_Weights_Design_Simplified_Detailed.WQ_HIL_FD",
      "id": "m0B3f000000XZCHEA4",
      "lastModifiedById": "0053f000000qKaxAAE",
      "lastModifiedByName": "Rajasekhar Vempati",
      "lastModifiedDate": "1970-01-01T00:00:00.000Z",
      "manageableState": "unmanaged",
      "type": "CustomMetadata"
    },
    {
      "createdById": "0053f000000qKaxAAE",
      "createdByName": "Rajasekhar Vempati",
      "createdDate": "1970-01-01T00:00:00.000Z",
      "fileName": "customMetadata/ESR_Weights_Complexity.Standard.md",
      "fullName": "ESR_Weights_Complexity.Standard",
      "id": "m0A3f0000008OLgEAM",
      "lastModifiedById": "0053f000000qKaxAAE",
      "lastModifiedByName": "Rajasekhar Vempati",
      "lastModifiedDate": "1970-01-01T00:00:00.000Z",
      "manageableState": "unmanaged",
      "type": "CustomMetadata"
    },
    {
      "createdById": "0053f000000qKaxAAE",
      "createdByName": "Rajasekhar Vempati",
      "createdDate": "1970-01-01T00:00:00.000Z",
      "fileName": "customMetadata/Business_Hours_and_Region_Map.Pennsylvania.md",
      "fullName": "Business_Hours_and_Region_Map.Pennsylvania",
      "id": "m033f0000004CKSAA2",
      "lastModifiedById": "0053f000000qKaxAAE",
      "lastModifiedByName": "Rajasekhar Vempati",
      "lastModifiedDate": "1970-01-01T00:00:00.000Z",
      "manageableState": "unmanaged",
      "type": "CustomMetadata"
    },
    {
      "createdById": "0053f000000qKaxAAE",
      "createdByName": "Rajasekhar Vempati",
      "createdDate": "1970-01-01T00:00:00.000Z",
      "fileName": "customMetadata/Business_Hours_and_Region_Map.Alabama.md",
      "fullName": "Business_Hours_and_Region_Map.Alabama",
      "id": "m033f0000004CJmAAM",
      "lastModifiedById": "0053f000000qKaxAAE",
      "lastModifiedByName": "Rajasekhar Vempati",
      "lastModifiedDate": "1970-01-01T00:00:00.000Z",
      "manageableState": "unmanaged",
      "type": "CustomMetadata"
    },
    {
      "createdById": "0053f000000qKaxAAE",
      "createdByName": "Rajasekhar Vempati",
      "createdDate": "1970-01-01T00:00:00.000Z",
      "fileName": "customMetadata/Business_Hours_and_Region_Map.New_York.md",
      "fullName": "Business_Hours_and_Region_Map.New_York",
      "id": "m033f0000004CKKAA2",
      "lastModifiedById": "0053f000000qKaxAAE",
      "lastModifiedByName": "Rajasekhar Vempati",
      "lastModifiedDate": "1970-01-01T00:00:00.000Z",
      "manageableState": "unmanaged",
      "type": "CustomMetadata"
    },
    {
      "createdById": "0053f000000qKaxAAE",
      "createdByName": "Rajasekhar Vempati",
      "createdDate": "1970-01-01T00:00:00.000Z",
      "fileName": "customMetadata/Business_Hours_and_Region_Map.Michigan.md",
      "fullName": "Business_Hours_and_Region_Map.Michigan",
      "id": "m033f0000004CKAAA2",
      "lastModifiedById": "0053f000000qKaxAAE",
      "lastModifiedByName": "Rajasekhar Vempati",
      "lastModifiedDate": "1970-01-01T00:00:00.000Z",
      "manageableState": "unmanaged",
      "type": "CustomMetadata"
    },
    {
      "createdById": "0053f000000qKaxAAE",
      "createdByName": "Rajasekhar Vempati",
      "createdDate": "1970-01-01T00:00:00.000Z",
      "fileName": "customMetadata/CMTD__EnhancedRelatedList.EngineeringRequests_Expected_Completion.md",
      "fullName": "CMTD__EnhancedRelatedList.EngineeringRequests_Expected_Completion",
      "id": "m053f000000PAswAAG",
      "lastModifiedById": "0053f000000qKaxAAE",
      "lastModifiedByName": "Rajasekhar Vempati",
      "lastModifiedDate": "1970-01-01T00:00:00.000Z",
      "manageableState": "unmanaged",
      "type": "CustomMetadata"
    },
    {
      "createdById": "0053f000000qKaxAAE",
      "createdByName": "Rajasekhar Vempati",
      "createdDate": "1970-01-01T00:00:00.000Z",
      "fileName": "customMetadata/Business_Hours_and_Region_Map.Minnesota.md",
      "fullName": "Business_Hours_and_Region_Map.Minnesota",
      "id": "m033f0000004CKBAA2",
      "lastModifiedById": "0053f000000qKaxAAE",
      "lastModifiedByName": "Rajasekhar Vempati",
      "lastModifiedDate": "1970-01-01T00:00:00.000Z",
      "manageableState": "unmanaged",
      "type": "CustomMetadata"
    },
    {
      "createdById": "0053f000000qKaxAAE",
      "createdByName": "Rajasekhar Vempati",
      "createdDate": "1970-01-01T00:00:00.000Z",
      "fileName": "customMetadata/ESR_Weights_Revision.Redraw.md",
      "fullName": "ESR_Weights_Revision.Redraw",
      "id": "m0G3f000000TN1kEAG",
      "lastModifiedById": "0053f000000qKaxAAE",
      "lastModifiedByName": "Rajasekhar Vempati",
      "lastModifiedDate": "1970-01-01T00:00:00.000Z",
      "manageableState": "unmanaged",
      "type": "CustomMetadata"
    },
    {
      "createdById": "0053f000000qKaxAAE",
      "createdByName": "Rajasekhar Vempati",
      "createdDate": "1970-01-01T00:00:00.000Z",
      "fileName": "customMetadata/dlrs__LookupRollupSummary2.Order_Sum.md",
      "fullName": "dlrs__LookupRollupSummary2.Order_Sum",
      "id": "m003f000000TN1eAAG",
      "lastModifiedById": "0053f000000qKaxAAE",
      "lastModifiedByName": "Rajasekhar Vempati",
      "lastModifiedDate": "1970-01-01T00:00:00.000Z",
      "manageableState": "unmanaged",
      "type": "CustomMetadata"
    },
    {
      "createdById": "0053f000000qKaxAAE",
      "createdByName": "Rajasekhar Vempati",
      "createdDate": "1970-01-01T00:00:00.000Z",
      "fileName": "customMetadata/dlrs__LookupRollupSummary2.Number_of_Lost_Projects_e.md",
      "fullName": "dlrs__LookupRollupSummary2.Number_of_Lost_Projects_e",
      "id": "m00410000006I8JAAU",
      "lastModifiedById": "0053f000000qKaxAAE",
      "lastModifiedByName": "Rajasekhar Vempati",
      "lastModifiedDate": "1970-01-01T00:00:00.000Z",
      "manageableState": "unmanaged",
      "type": "CustomMetadata"
    },
    {
      "createdById": "0053f000000qKaxAAE",
      "createdByName": "Rajasekhar Vempati",
      "createdDate": "1970-01-01T00:00:00.000Z",
      "fileName": "customMetadata/ESR_Weights_Design_Suite.WQ_ADS_WQU.md",
      "fullName": "ESR_Weights_Design_Suite.WQ_ADS_WQU",
      "id": "m0C3f0000004CApEAM",
      "lastModifiedById": "0053f000000qKaxAAE",
      "lastModifiedByName": "Rajasekhar Vempati",
      "lastModifiedDate": "1970-01-01T00:00:00.000Z",
      "manageableState": "unmanaged",
      "type": "CustomMetadata"
    },
    {
      "createdById": "0053f000000qKaxAAE",
      "createdByName": "Rajasekhar Vempati",
      "createdDate": "1970-01-01T00:00:00.000Z",
      "fileName": "customMetadata/Business_Hours_and_Region_Map.Virginia.md",
      "fullName": "Business_Hours_and_Region_Map.Virginia",
      "id": "m033f0000004CKcAAM",
      "lastModifiedById": "0053f000000qKaxAAE",
      "lastModifiedByName": "Rajasekhar Vempati",
      "lastModifiedDate": "1970-01-01T00:00:00.000Z",
      "manageableState": "unmanaged",
      "type": "CustomMetadata"
    },
    {
      "createdById": "0053f000000qKaxAAE",
      "createdByName": "Rajasekhar Vempati",
      "createdDate": "1970-01-01T00:00:00.000Z",
      "fileName": "customMetadata/CMTD__EnhancedRelatedList.EngineeringRequests_Custom_Fab_Pricing.md",
      "fullName": "CMTD__EnhancedRelatedList.EngineeringRequests_Custom_Fab_Pricing",
      "id": "m053f000000PAsmAAG",
      "lastModifiedById": "0053f000000qKaxAAE",
      "lastModifiedByName": "Rajasekhar Vempati",
      "lastModifiedDate": "1970-01-01T00:00:00.000Z",
      "manageableState": "unmanaged",
      "type": "CustomMetadata"
    },
    {
      "createdById": "0053f000000qKaxAAE",
      "createdByName": "Rajasekhar Vempati",
      "createdDate": "1970-01-01T00:00:00.000Z",
      "fileName": "customMetadata/ESR_Weights_Design_Suite.WQ_HIL_DD.md",
      "fullName": "ESR_Weights_Design_Suite.WQ_HIL_DD",
      "id": "m0C3f0000004CAsEAM",
      "lastModifiedById": "0053f000000qKaxAAE",
      "lastModifiedByName": "Rajasekhar Vempati",
      "lastModifiedDate": "1970-01-01T00:00:00.000Z",
      "manageableState": "unmanaged",
      "type": "CustomMetadata"
    },
    {
      "createdById": "0053f000000qKaxAAE",
      "createdByName": "Rajasekhar Vempati",
      "createdDate": "1970-01-01T00:00:00.000Z",
      "fileName": "customMetadata/Business_Hours_and_Region_Map.Idaho.md",
      "fullName": "Business_Hours_and_Region_Map.Idaho",
      "id": "m033f0000004CJzAAM",
      "lastModifiedById": "0053f000000qKaxAAE",
      "lastModifiedByName": "Rajasekhar Vempati",
      "lastModifiedDate": "1970-01-01T00:00:00.000Z",
      "manageableState": "unmanaged",
      "type": "CustomMetadata"
    },
    {
      "createdById": "0053f000000qKaxAAE",
      "createdByName": "Rajasekhar Vempati",
      "createdDate": "1970-01-01T00:00:00.000Z",
      "fileName": "customMetadata/Business_Hours_and_Region_Map.Nevada.md",
      "fullName": "Business_Hours_and_Region_Map.Nevada",
      "id": "m033f0000004CKGAA2",
      "lastModifiedById": "0053f000000qKaxAAE",
      "lastModifiedByName": "Rajasekhar Vempati",
      "lastModifiedDate": "1970-01-01T00:00:00.000Z",
      "manageableState": "unmanaged",
      "type": "CustomMetadata"
    },
    {
      "createdById": "0053f000000qKaxAAE",
      "createdByName": "Rajasekhar Vempati",
      "createdDate": "1970-01-01T00:00:00.000Z",
      "fileName": "customMetadata/ESR_Weights_Design_Simplified_Detailed.Pipe_N12_WT.md",
      "fullName": "ESR_Weights_Design_Simplified_Detailed.Pipe_N12_WT",
      "id": "m0B3f000000XZCAEA4",
      "lastModifiedById": "0053f000000qKaxAAE",
      "lastModifiedByName": "Rajasekhar Vempati",
      "lastModifiedDate": "1970-01-01T00:00:00.000Z",
      "manageableState": "unmanaged",
      "type": "CustomMetadata"
    },
    {
      "createdById": "0053f000000qKaxAAE",
      "createdByName": "Rajasekhar Vempati",
      "createdDate": "1970-01-01T00:00:00.000Z",
      "fileName": "customMetadata/Business_Hours_and_Region_Map.Ohio.md",
      "fullName": "Business_Hours_and_Region_Map.Ohio",
      "id": "m033f0000004CKOAA2",
      "lastModifiedById": "0053f000000qKaxAAE",
      "lastModifiedByName": "Rajasekhar Vempati",
      "lastModifiedDate": "1970-01-01T00:00:00.000Z",
      "manageableState": "unmanaged",
      "type": "CustomMetadata"
    },
    {
      "createdById": "0053f000000qKaxAAE",
      "createdByName": "Rajasekhar Vempati",
      "createdDate": "1970-01-01T00:00:00.000Z",
      "fileName": "customMetadata/dlrs__LookupRollupSummary2.Open_Project_Value_D.md",
      "fullName": "dlrs__LookupRollupSummary2.Open_Project_Value_D",
      "id": "m00410000006I8QAAU",
      "lastModifiedById": "0053f000000qKaxAAE",
      "lastModifiedByName": "Rajasekhar Vempati",
      "lastModifiedDate": "1970-01-01T00:00:00.000Z",
      "manageableState": "unmanaged",
      "type": "CustomMetadata"
    },
    {
      "createdById": "0053f000000qKaxAAE",
      "createdByName": "Rajasekhar Vempati",
      "createdDate": "1970-01-01T00:00:00.000Z",
      "fileName": "customMetadata/Business_Hours_and_Region_Map.Oklahoma.md",
      "fullName": "Business_Hours_and_Region_Map.Oklahoma",
      "id": "m033f0000004CKPAA2",
      "lastModifiedById": "0053f000000qKaxAAE",
      "lastModifiedByName": "Rajasekhar Vempati",
      "lastModifiedDate": "1970-01-01T00:00:00.000Z",
      "manageableState": "unmanaged",
      "type": "CustomMetadata"
    },
    {
      "createdById": "0053f000000qKaxAAE",
      "createdByName": "Rajasekhar Vempati",
      "createdDate": "1970-01-01T00:00:00.000Z",
      "fileName": "customMetadata/Business_Hours_and_Region_Map.Colorado.md",
      "fullName": "Business_Hours_and_Region_Map.Colorado",
      "id": "m033f0000004CJtAAM",
      "lastModifiedById": "0053f000000qKaxAAE",
      "lastModifiedByName": "Rajasekhar Vempati",
      "lastModifiedDate": "1970-01-01T00:00:00.000Z",
      "manageableState": "unmanaged",
      "type": "CustomMetadata"
    },
    {
      "createdById": "0053f000000qKaxAAE",
      "createdByName": "Rajasekhar Vempati",
      "createdDate": "1970-01-01T00:00:00.000Z",
      "fileName": "customMetadata/ESR_Weights_Design_Suite.Pipe_HP_Storm.md",
      "fullName": "ESR_Weights_Design_Suite.Pipe_HP_Storm",
      "id": "m0C3f0000004CAkEAM",
      "lastModifiedById": "0053f000000qKaxAAE",
      "lastModifiedByName": "Rajasekhar Vempati",
      "lastModifiedDate": "1970-01-01T00:00:00.000Z",
      "manageableState": "unmanaged",
      "type": "CustomMetadata"
    },
    {
      "createdById": "0053f000000qKaxAAE",
      "createdByName": "Rajasekhar Vempati",
      "createdDate": "1970-01-01T00:00:00.000Z",
      "fileName": "customMetadata/Business_Hours_and_Region_Map.Arizona.md",
      "fullName": "Business_Hours_and_Region_Map.Arizona",
      "id": "m033f0000004CJpAAM",
      "lastModifiedById": "0053f000000qKaxAAE",
      "lastModifiedByName": "Rajasekhar Vempati",
      "lastModifiedDate": "1970-01-01T00:00:00.000Z",
      "manageableState": "unmanaged",
      "type": "CustomMetadata"
    },
    {
      "createdById": "0053f000000qKaxAAE",
      "createdByName": "Rajasekhar Vempati",
      "createdDate": "1970-01-01T00:00:00.000Z",
      "fileName": "customMetadata/ESR_Weights_Design_Simplified_Detailed.EcoPure.md",
      "fullName": "ESR_Weights_Design_Simplified_Detailed.EcoPure",
      "id": "m0B54000000gijQEAQ",
      "lastModifiedById": "0053f000000qKaxAAE",
      "lastModifiedByName": "Rajasekhar Vempati",
      "lastModifiedDate": "1970-01-01T00:00:00.000Z",
      "manageableState": "unmanaged",
      "type": "CustomMetadata"
    },
    {
      "createdById": "0053f000000qKaxAAE",
      "createdByName": "Rajasekhar Vempati",
      "createdDate": "1970-01-01T00:00:00.000Z",
      "fileName": "customMetadata/ESR_Weights_Design_Suite.WQ_Barracuda.md",
      "fullName": "ESR_Weights_Design_Suite.WQ_Barracuda",
      "id": "m0C3f0000004CAqEAM",
      "lastModifiedById": "0053f000000qKaxAAE",
      "lastModifiedByName": "Rajasekhar Vempati",
      "lastModifiedDate": "1970-01-01T00:00:00.000Z",
      "manageableState": "unmanaged",
      "type": "CustomMetadata"
    },
    {
      "createdById": "0053f000000qKaxAAE",
      "createdByName": "Rajasekhar Vempati",
      "createdDate": "1970-01-01T00:00:00.000Z",
      "fileName": "customMetadata/Zone_Admin.Arizona.md",
      "fullName": "Zone_Admin.Arizona",
      "id": "m0I54000000kLkeEAE",
      "lastModifiedById": "0053f000000qKaxAAE",
      "lastModifiedByName": "Rajasekhar Vempati",
      "lastModifiedDate": "1970-01-01T00:00:00.000Z",
      "manageableState": "unmanaged",
      "type": "CustomMetadata"
    },
    {
      "createdById": "0053f000000qKaxAAE",
      "createdByName": "Rajasekhar Vempati",
      "createdDate": "1970-01-01T00:00:00.000Z",
      "fileName": "customMetadata/dlrs__LookupRollupSummary2.Number_of_Closed_Won_Projects_c.md",
      "fullName": "dlrs__LookupRollupSummary2.Number_of_Closed_Won_Projects_c",
      "id": "m00410000006I8EAAU",
      "lastModifiedById": "0053f000000qKaxAAE",
      "lastModifiedByName": "Rajasekhar Vempati",
      "lastModifiedDate": "1970-01-01T00:00:00.000Z",
      "manageableState": "unmanaged",
      "type": "CustomMetadata"
    },
    {
      "createdById": "0053f000000qKaxAAE",
      "createdByName": "Rajasekhar Vempati",
      "createdDate": "1970-01-01T00:00:00.000Z",
      "fileName": "customMetadata/dlrs__LookupRollupSummary2.All_Won_Projects_Value.md",
      "fullName": "dlrs__LookupRollupSummary2.All_Won_Projects_Value",
      "id": "m00410000006I84AAE",
      "lastModifiedById": "0053f000000qKaxAAE",
      "lastModifiedByName": "Rajasekhar Vempati",
      "lastModifiedDate": "1970-01-01T00:00:00.000Z",
      "manageableState": "unmanaged",
      "type": "CustomMetadata"
    },
    {
      "createdById": "0053f000000qKaxAAE",
      "createdByName": "Rajasekhar Vempati",
      "createdDate": "1970-01-01T00:00:00.000Z",
      "fileName": "customMetadata/CMTD__EnhancedRelatedList.EngineeringRequests_Specification.md",
      "fullName": "CMTD__EnhancedRelatedList.EngineeringRequests_Specification",
      "id": "m05540000019BchAAE",
      "lastModifiedById": "0053f000000qKaxAAE",
      "lastModifiedByName": "Rajasekhar Vempati",
      "lastModifiedDate": "1970-01-01T00:00:00.000Z",
      "manageableState": "unmanaged",
      "type": "CustomMetadata"
    },
    {
      "createdById": "0053f000000qKaxAAE",
      "createdByName": "Rajasekhar Vempati",
      "createdDate": "1970-01-01T00:00:00.000Z",
      "fileName": "customMetadata/ESR_Weights_ESR_Type.Shop_Drawing.md",
      "fullName": "ESR_Weights_ESR_Type.Shop_Drawing",
      "id": "m0D3f000000blK3EAI",
      "lastModifiedById": "0053f000000qKaxAAE",
      "lastModifiedByName": "Rajasekhar Vempati",
      "lastModifiedDate": "1970-01-01T00:00:00.000Z",
      "manageableState": "unmanaged",
      "type": "CustomMetadata"
    },
    {
      "createdById": "0053f000000qKaxAAE",
      "createdByName": "Rajasekhar Vempati",
      "createdDate": "1970-01-01T00:00:00.000Z",
      "fileName": "customMetadata/ADS_Mule_Api_Setting.Single_Api.md",
      "fullName": "ADS_Mule_Api_Setting.Single_Api",
      "id": "m093f000000TNCNAA4",
      "lastModifiedById": "0053f000000qKaxAAE",
      "lastModifiedByName": "Rajasekhar Vempati",
      "lastModifiedDate": "1970-01-01T00:00:00.000Z",
      "manageableState": "unmanaged",
      "type": "CustomMetadata"
    },
    {
      "createdById": "0053f000000qKaxAAE",
      "createdByName": "Rajasekhar Vempati",
      "createdDate": "1970-01-01T00:00:00.000Z",
      "fileName": "customMetadata/Business_Hours_and_Region_Map.Washington.md",
      "fullName": "Business_Hours_and_Region_Map.Washington",
      "id": "m033f0000004CKdAAM",
      "lastModifiedById": "0053f000000qKaxAAE",
      "lastModifiedByName": "Rajasekhar Vempati",
      "lastModifiedDate": "1970-01-01T00:00:00.000Z",
      "manageableState": "unmanaged",
      "type": "CustomMetadata"
    },
    {
      "createdById": "0053f000000qKaxAAE",
      "createdByName": "Rajasekhar Vempati",
      "createdDate": "1970-01-01T00:00:00.000Z",
      "fileName": "customMetadata/dlrs__LookupRollupSummary2.Number_of_Lost_Projects_d.md",
      "fullName": "dlrs__LookupRollupSummary2.Number_of_Lost_Projects_d",
      "id": "m00410000006I8IAAU",
      "lastModifiedById": "0053f000000qKaxAAE",
      "lastModifiedByName": "Rajasekhar Vempati",
      "lastModifiedDate": "1970-01-01T00:00:00.000Z",
      "manageableState": "unmanaged",
      "type": "CustomMetadata"
    },
    {
      "createdById": "0053f000000qKaxAAE",
      "createdByName": "Rajasekhar Vempati",
      "createdDate": "1970-01-01T00:00:00.000Z",
      "fileName": "customMetadata/CMTD__EnhancedRelatedList.EngineeringRequests_Status.md",
      "fullName": "CMTD__EnhancedRelatedList.EngineeringRequests_Status",
      "id": "m053f000000PAtLAAW",
      "lastModifiedById": "0053f000000qKaxAAE",
      "lastModifiedByName": "Rajasekhar Vempati",
      "lastModifiedDate": "1970-01-01T00:00:00.000Z",
      "manageableState": "unmanaged",
      "type": "CustomMetadata"
    },
    {
      "createdById": "0053f000000qKaxAAE",
      "createdByName": "Rajasekhar Vempati",
      "createdDate": "1970-01-01T00:00:00.000Z",
      "fileName": "customMetadata/Business_Hours_and_Region_Map.Tennessee.md",
      "fullName": "Business_Hours_and_Region_Map.Tennessee",
      "id": "m033f0000004CKYAA2",
      "lastModifiedById": "0053f000000qKaxAAE",
      "lastModifiedByName": "Rajasekhar Vempati",
      "lastModifiedDate": "1970-01-01T00:00:00.000Z",
      "manageableState": "unmanaged",
      "type": "CustomMetadata"
    },
    {
      "createdById": "0053f000000qKaxAAE",
      "createdByName": "Rajasekhar Vempati",
      "createdDate": "1970-01-01T00:00:00.000Z",
      "fileName": "customMetadata/CMTD__EnhancedRelatedList.EngineeringRequests_Date_Time_Opened.md",
      "fullName": "CMTD__EnhancedRelatedList.EngineeringRequests_Date_Time_Opened",
      "id": "m053f000000PAsrAAG",
      "lastModifiedById": "0053f000000qKaxAAE",
      "lastModifiedByName": "Rajasekhar Vempati",
      "lastModifiedDate": "1970-01-01T00:00:00.000Z",
      "manageableState": "unmanaged",
      "type": "CustomMetadata"
    },
    {
      "createdById": "0053f000000qKaxAAE",
      "createdByName": "Rajasekhar Vempati",
      "createdDate": "1970-01-01T00:00:00.000Z",
      "fileName": "customMetadata/dlrs__LookupRollupSummary2.Open_Project_Value_C.md",
      "fullName": "dlrs__LookupRollupSummary2.Open_Project_Value_C",
      "id": "m00410000006I8PAAU",
      "lastModifiedById": "0053f000000qKaxAAE",
      "lastModifiedByName": "Rajasekhar Vempati",
      "lastModifiedDate": "1970-01-01T00:00:00.000Z",
      "manageableState": "unmanaged",
      "type": "CustomMetadata"
    },
    {
      "createdById": "0053f000000qKaxAAE",
      "createdByName": "Rajasekhar Vempati",
      "createdDate": "1970-01-01T00:00:00.000Z",
      "fileName": "customMetadata/ESR_Weights_ESR_Type.Pipeline_Layout.md",
      "fullName": "ESR_Weights_ESR_Type.Pipeline_Layout",
      "id": "m0D3f000000blK0EAI",
      "lastModifiedById": "0053f000000qKaxAAE",
      "lastModifiedByName": "Rajasekhar Vempati",
      "lastModifiedDate": "1970-01-01T00:00:00.000Z",
      "manageableState": "unmanaged",
      "type": "CustomMetadata"
    },
    {
      "createdById": "0053f000000qKaxAAE",
      "createdByName": "Rajasekhar Vempati",
      "createdDate": "1970-01-01T00:00:00.000Z",
      "fileName": "customMetadata/dlrs__LookupRollupSummary2.Closed_Lost_Project_Value_o.md",
      "fullName": "dlrs__LookupRollupSummary2.Closed_Lost_Project_Value_o",
      "id": "m00410000006I88AAE",
      "lastModifiedById": "0053f000000qKaxAAE",
      "lastModifiedByName": "Rajasekhar Vempati",
      "lastModifiedDate": "1970-01-01T00:00:00.000Z",
      "manageableState": "unmanaged",
      "type": "CustomMetadata"
    },
    {
      "createdById": "0053f000000qKaxAAE",
      "createdByName": "Rajasekhar Vempati",
      "createdDate": "1970-01-01T00:00:00.000Z",
      "fileName": "customMetadata/ESR_Weights_of_beds.F_multi_bed_factor.md",
      "fullName": "ESR_Weights_of_beds.F_multi_bed_factor",
      "id": "m0H3f000000XZAgEAO",
      "lastModifiedById": "0053f000000qKaxAAE",
      "lastModifiedByName": "Rajasekhar Vempati",
      "lastModifiedDate": "1970-01-01T00:00:00.000Z",
      "manageableState": "unmanaged",
      "type": "CustomMetadata"
    },
    {
      "createdById": "0053f000000qKaxAAE",
      "createdByName": "Rajasekhar Vempati",
      "createdDate": "1970-01-01T00:00:00.000Z",
      "fileName": "customMetadata/Business_Hours_and_Region_Map.Wisconsin.md",
      "fullName": "Business_Hours_and_Region_Map.Wisconsin",
      "id": "m033f0000004CKgAAM",
      "lastModifiedById": "0053f000000qKaxAAE",
      "lastModifiedByName": "Rajasekhar Vempati",
      "lastModifiedDate": "1970-01-01T00:00:00.000Z",
      "manageableState": "unmanaged",
      "type": "CustomMetadata"
    },
    {
      "createdById": "0053f000000qKaxAAE",
      "createdByName": "Rajasekhar Vempati",
      "createdDate": "1970-01-01T00:00:00.000Z",
      "fileName": "customMetadata/ADS_Mule_Api_Setting.Bulk_Api.md",
      "fullName": "ADS_Mule_Api_Setting.Bulk_Api",
      "id": "m093f000000TNCDAA4",
      "lastModifiedById": "0053f000000qKaxAAE",
      "lastModifiedByName": "Rajasekhar Vempati",
      "lastModifiedDate": "1970-01-01T00:00:00.000Z",
      "manageableState": "unmanaged",
      "type": "CustomMetadata"
    },
    {
      "createdById": "0053f000000qKaxAAE",
      "createdByName": "Rajasekhar Vempati",
      "createdDate": "1970-01-01T00:00:00.000Z",
      "fileName": "customMetadata/ESR_Weights_Design_Suite.Pipe_SaniTite_HP.md",
      "fullName": "ESR_Weights_Design_Suite.Pipe_SaniTite_HP",
      "id": "m0C3f0000004CAnEAM",
      "lastModifiedById": "0053f000000qKaxAAE",
      "lastModifiedByName": "Rajasekhar Vempati",
      "lastModifiedDate": "1970-01-01T00:00:00.000Z",
      "manageableState": "unmanaged",
      "type": "CustomMetadata"
    },
    {
      "createdById": "0053f000000qKaxAAE",
      "createdByName": "Rajasekhar Vempati",
      "createdDate": "1970-01-01T00:00:00.000Z",
      "fileName": "customMetadata/dlrs__LookupRollupSummary2.Open_Project_Count_C.md",
      "fullName": "dlrs__LookupRollupSummary2.Open_Project_Count_C",
      "id": "m00410000006I8LAAU",
      "lastModifiedById": "0053f000000qKaxAAE",
      "lastModifiedByName": "Rajasekhar Vempati",
      "lastModifiedDate": "1970-01-01T00:00:00.000Z",
      "manageableState": "unmanaged",
      "type": "CustomMetadata"
    },
    {
      "createdById": "0053f000000qKaxAAE",
      "createdByName": "Rajasekhar Vempati",
      "createdDate": "1970-01-01T00:00:00.000Z",
      "fileName": "customMetadata/ESR_Weights_Complexity.Simple.md",
      "fullName": "ESR_Weights_Complexity.Simple",
      "id": "m0A3f0000008OLfEAM",
      "lastModifiedById": "0053f000000qKaxAAE",
      "lastModifiedByName": "Rajasekhar Vempati",
      "lastModifiedDate": "1970-01-01T00:00:00.000Z",
      "manageableState": "unmanaged",
      "type": "CustomMetadata"
    },
    {
      "createdById": "0053f000000qKaxAAE",
      "createdByName": "Rajasekhar Vempati",
      "createdDate": "1970-01-01T00:00:00.000Z",
      "fileName": "customMetadata/ESR_Weights_Design_Simplified_Detailed.Pipe_SaniTite_HP.md",
      "fullName": "ESR_Weights_Design_Simplified_Detailed.Pipe_SaniTite_HP",
      "id": "m0B3f000000XZCBEA4",
      "lastModifiedById": "0053f000000qKaxAAE",
      "lastModifiedByName": "Rajasekhar Vempati",
      "lastModifiedDate": "1970-01-01T00:00:00.000Z",
      "manageableState": "unmanaged",
      "type": "CustomMetadata"
    },
    {
      "createdById": "0053f000000qKaxAAE",
      "createdByName": "Rajasekhar Vempati",
      "createdDate": "1970-01-01T00:00:00.000Z",
      "fileName": "customMetadata/ESR_Weights_Product_Type.Pipe_N12_WT.md",
      "fullName": "ESR_Weights_Product_Type.Pipe_N12_WT",
      "id": "m0E3f000000PB6vEAG",
      "lastModifiedById": "0053f000000qKaxAAE",
      "lastModifiedByName": "Rajasekhar Vempati",
      "lastModifiedDate": "1970-01-01T00:00:00.000Z",
      "manageableState": "unmanaged",
      "type": "CustomMetadata"
    },
    {
      "createdById": "0053f000000qKaxAAE",
      "createdByName": "Rajasekhar Vempati",
      "createdDate": "1970-01-01T00:00:00.000Z",
      "fileName": "customMetadata/CMTD__EnhancedRelatedList.Engineering_Request_Status.md",
      "fullName": "CMTD__EnhancedRelatedList.Engineering_Request_Status",
      "id": "m053f000000PAscAAG",
      "lastModifiedById": "0053f000000qKaxAAE",
      "lastModifiedByName": "Rajasekhar Vempati",
      "lastModifiedDate": "1970-01-01T00:00:00.000Z",
      "manageableState": "unmanaged",
      "type": "CustomMetadata"
    },
    {
      "createdById": "0053f000000qKaxAAE",
      "createdByName": "Rajasekhar Vempati",
      "createdDate": "1970-01-01T00:00:00.000Z",
      "fileName": "customMetadata/Business_Hours_and_Region_Map.California.md",
      "fullName": "Business_Hours_and_Region_Map.California",
      "id": "m033f0000004CJsAAM",
      "lastModifiedById": "0053f000000qKaxAAE",
      "lastModifiedByName": "Rajasekhar Vempati",
      "lastModifiedDate": "1970-01-01T00:00:00.000Z",
      "manageableState": "unmanaged",
      "type": "CustomMetadata"
    },
    {
      "createdById": "0053f000000qKaxAAE",
      "createdByName": "Rajasekhar Vempati",
      "createdDate": "1970-01-01T00:00:00.000Z",
      "fileName": "customMetadata/Business_Hours_and_Region_Map.Arkansas.md",
      "fullName": "Business_Hours_and_Region_Map.Arkansas",
      "id": "m033f0000004CJqAAM",
      "lastModifiedById": "0053f000000qKaxAAE",
      "lastModifiedByName": "Rajasekhar Vempati",
      "lastModifiedDate": "1970-01-01T00:00:00.000Z",
      "manageableState": "unmanaged",
      "type": "CustomMetadata"
    },
    {
      "createdById": "0053f000000qKaxAAE",
      "createdByName": "Rajasekhar Vempati",
      "createdDate": "1970-01-01T00:00:00.000Z",
      "fileName": "customMetadata/dlrs__LookupRollupSummary2.Closed_Won_Project_Value_Engineer.md",
      "fullName": "dlrs__LookupRollupSummary2.Closed_Won_Project_Value_Engineer",
      "id": "m00410000006I8BAAU",
      "lastModifiedById": "0053f000000qKaxAAE",
      "lastModifiedByName": "Rajasekhar Vempati",
      "lastModifiedDate": "1970-01-01T00:00:00.000Z",
      "manageableState": "unmanaged",
      "type": "CustomMetadata"
    },
    {
      "createdById": "0053f000000qKaxAAE",
      "createdByName": "Rajasekhar Vempati",
      "createdDate": "1970-01-01T00:00:00.000Z",
      "fileName": "customMetadata/Business_Hours_and_Region_Map.Utah.md",
      "fullName": "Business_Hours_and_Region_Map.Utah",
      "id": "m033f0000004CKaAAM",
      "lastModifiedById": "0053f000000qKaxAAE",
      "lastModifiedByName": "Rajasekhar Vempati",
      "lastModifiedDate": "1970-01-01T00:00:00.000Z",
      "manageableState": "unmanaged",
      "type": "CustomMetadata"
    },
    {
      "createdById": "0053f000000qKaxAAE",
      "createdByName": "Rajasekhar Vempati",
      "createdDate": "1970-01-01T00:00:00.000Z",
      "fileName": "customMetadata/ESR_Weights_Product_Type.StormTech.md",
      "fullName": "ESR_Weights_Product_Type.StormTech",
      "id": "m0E3f000000PB6xEAG",
      "lastModifiedById": "0053f000000qKaxAAE",
      "lastModifiedByName": "Rajasekhar Vempati",
      "lastModifiedDate": "1970-01-01T00:00:00.000Z",
      "manageableState": "unmanaged",
      "type": "CustomMetadata"
    },
    {
      "createdById": "0053f000000qKaxAAE",
      "createdByName": "Rajasekhar Vempati",
      "createdDate": "1970-01-01T00:00:00.000Z",
      "fileName": "customMetadata/ESR_Weights_ESR_Type.Take_Off.md",
      "fullName": "ESR_Weights_ESR_Type.Take_Off",
      "id": "m0D3f000000blK6EAI",
      "lastModifiedById": "0053f000000qKaxAAE",
      "lastModifiedByName": "Rajasekhar Vempati",
      "lastModifiedDate": "1970-01-01T00:00:00.000Z",
      "manageableState": "unmanaged",
      "type": "CustomMetadata"
    },
    {
      "createdById": "0053f000000qKaxAAE",
      "createdByName": "Rajasekhar Vempati",
      "createdDate": "1970-01-01T00:00:00.000Z",
      "fileName": "customMetadata/ESR_Weights_Design_Suite.WQ_HIL_FD.md",
      "fullName": "ESR_Weights_Design_Suite.WQ_HIL_FD",
      "id": "m0C3f0000004CAtEAM",
      "lastModifiedById": "0053f000000qKaxAAE",
      "lastModifiedByName": "Rajasekhar Vempati",
      "lastModifiedDate": "1970-01-01T00:00:00.000Z",
      "manageableState": "unmanaged",
      "type": "CustomMetadata"
    },
    {
      "createdById": "0053f000000qKaxAAE",
      "createdByName": "Rajasekhar Vempati",
      "createdDate": "1970-01-01T00:00:00.000Z",
      "fileName": "customMetadata/dlrs__LookupRollupSummary2.Closed_Lost_Project_Value_e.md",
      "fullName": "dlrs__LookupRollupSummary2.Closed_Lost_Project_Value_e",
      "id": "m00410000006I87AAE",
      "lastModifiedById": "0053f000000qKaxAAE",
      "lastModifiedByName": "Rajasekhar Vempati",
      "lastModifiedDate": "1970-01-01T00:00:00.000Z",
      "manageableState": "unmanaged",
      "type": "CustomMetadata"
    },
    {
      "createdById": "0053f000000qKaxAAE",
      "createdByName": "Rajasekhar Vempati",
      "createdDate": "1970-01-01T00:00:00.000Z",
      "fileName": "customMetadata/Business_Hours_and_Region_Map.South_Dakota.md",
      "fullName": "Business_Hours_and_Region_Map.South_Dakota",
      "id": "m033f0000004CKXAA2",
      "lastModifiedById": "0053f000000qKaxAAE",
      "lastModifiedByName": "Rajasekhar Vempati",
      "lastModifiedDate": "1970-01-01T00:00:00.000Z",
      "manageableState": "unmanaged",
      "type": "CustomMetadata"
    },
    {
      "createdById": "0053f000000qKaxAAE",
      "createdByName": "Rajasekhar Vempati",
      "createdDate": "1970-01-01T00:00:00.000Z",
      "fileName": "customMetadata/ESR_Weights_ESR_Type.Pipeline_Layout_Fittings_Only.md",
      "fullName": "ESR_Weights_ESR_Type.Pipeline_Layout_Fittings_Only",
      "id": "m0D3f000000blK1EAI",
      "lastModifiedById": "0053f000000qKaxAAE",
      "lastModifiedByName": "Rajasekhar Vempati",
      "lastModifiedDate": "1970-01-01T00:00:00.000Z",
      "manageableState": "unmanaged",
      "type": "CustomMetadata"
    },
    {
      "createdById": "0053f000000qKaxAAE",
      "createdByName": "Rajasekhar Vempati",
      "createdDate": "1970-01-01T00:00:00.000Z",
      "fileName": "customMetadata/ESR_Weights_ESR_Type.Plan_Review.md",
      "fullName": "ESR_Weights_ESR_Type.Plan_Review",
      "id": "m0D3f000000blK2EAI",
      "lastModifiedById": "0053f000000qKaxAAE",
      "lastModifiedByName": "Rajasekhar Vempati",
      "lastModifiedDate": "1970-01-01T00:00:00.000Z",
      "manageableState": "unmanaged",
      "type": "CustomMetadata"
    },
    {
      "createdById": "0053f000000qKaxAAE",
      "createdByName": "Rajasekhar Vempati",
      "createdDate": "1970-01-01T00:00:00.000Z",
      "fileName": "customMetadata/ESR_Weights_Product_Type.WQ_Barracuda.md",
      "fullName": "ESR_Weights_Product_Type.WQ_Barracuda",
      "id": "m0E3f000000PB6zEAG",
      "lastModifiedById": "0053f000000qKaxAAE",
      "lastModifiedByName": "Rajasekhar Vempati",
      "lastModifiedDate": "1970-01-01T00:00:00.000Z",
      "manageableState": "unmanaged",
      "type": "CustomMetadata"
    },
    {
      "createdById": "0053f000000qKaxAAE",
      "createdByName": "Rajasekhar Vempati",
      "createdDate": "1970-01-01T00:00:00.000Z",
      "fileName": "customMetadata/ESR_Weights_ESR_Type.Design_Layout.md",
      "fullName": "ESR_Weights_ESR_Type.Design_Layout",
      "id": "m0D3f000000blJyEAI",
      "lastModifiedById": "0053f000000qKaxAAE",
      "lastModifiedByName": "Rajasekhar Vempati",
      "lastModifiedDate": "1970-01-01T00:00:00.000Z",
      "manageableState": "unmanaged",
      "type": "CustomMetadata"
    },
    {
      "createdById": "0053f000000qKaxAAE",
      "createdByName": "Rajasekhar Vempati",
      "createdDate": "1970-01-01T00:00:00.000Z",
      "fileName": "customMetadata/dlrs__LookupRollupSummary2.Open_Project_Count_O.md",
      "fullName": "dlrs__LookupRollupSummary2.Open_Project_Count_O",
      "id": "m00410000006I8OAAU",
      "lastModifiedById": "0053f000000qKaxAAE",
      "lastModifiedByName": "Rajasekhar Vempati",
      "lastModifiedDate": "1970-01-01T00:00:00.000Z",
      "manageableState": "unmanaged",
      "type": "CustomMetadata"
    },
    {
      "createdById": "0053f000000qKaxAAE",
      "createdByName": "Rajasekhar Vempati",
      "createdDate": "1970-01-01T00:00:00.000Z",
      "fileName": "customMetadata/ESR_Weights_Product_Type.WQ_BaySeparator.md",
      "fullName": "ESR_Weights_Product_Type.WQ_BaySeparator",
      "id": "m0E3f000000PB71EAG",
      "lastModifiedById": "0053f000000qKaxAAE",
      "lastModifiedByName": "Rajasekhar Vempati",
      "lastModifiedDate": "1970-01-01T00:00:00.000Z",
      "manageableState": "unmanaged",
      "type": "CustomMetadata"
    },
    {
      "createdById": "0053f000000qKaxAAE",
      "createdByName": "Rajasekhar Vempati",
      "createdDate": "1970-01-01T00:00:00.000Z",
      "fileName": "customMetadata/Business_Hours_and_Region_Map.Quebec.md",
      "fullName": "Business_Hours_and_Region_Map.Quebec",
      "id": "m033f0000004CKTAA2",
      "lastModifiedById": "0053f000000qKaxAAE",
      "lastModifiedByName": "Rajasekhar Vempati",
      "lastModifiedDate": "1970-01-01T00:00:00.000Z",
      "manageableState": "unmanaged",
      "type": "CustomMetadata"
    },
    {
      "createdById": "0053f000000qKaxAAE",
      "createdByName": "Rajasekhar Vempati",
      "createdDate": "1970-01-01T00:00:00.000Z",
      "fileName": "customMetadata/Business_Hours_and_Region_Map.New_Hampshire.md",
      "fullName": "Business_Hours_and_Region_Map.New_Hampshire",
      "id": "m033f0000004CKHAA2",
      "lastModifiedById": "0053f000000qKaxAAE",
      "lastModifiedByName": "Rajasekhar Vempati",
      "lastModifiedDate": "1970-01-01T00:00:00.000Z",
      "manageableState": "unmanaged",
      "type": "CustomMetadata"
    },
    {
      "createdById": "0053f000000qKaxAAE",
      "createdByName": "Rajasekhar Vempati",
      "createdDate": "1970-01-01T00:00:00.000Z",
      "fileName": "customMetadata/dlrs__LookupRollupSummary2.Open_Project_Value_O.md",
      "fullName": "dlrs__LookupRollupSummary2.Open_Project_Value_O",
      "id": "m00410000006I8SAAU",
      "lastModifiedById": "0053f000000qKaxAAE",
      "lastModifiedByName": "Rajasekhar Vempati",
      "lastModifiedDate": "1970-01-01T00:00:00.000Z",
      "manageableState": "unmanaged",
      "type": "CustomMetadata"
    },
    {
      "createdById": "0053f000000qKaxAAE",
      "createdByName": "Rajasekhar Vempati",
      "createdDate": "1970-01-01T00:00:00.000Z",
      "fileName": "customMetadata/ESR_Weights_Product_Type.WQ_HIL_DD.md",
      "fullName": "ESR_Weights_Product_Type.WQ_HIL_DD",
      "id": "m0E3f000000PB72EAG",
      "lastModifiedById": "0053f000000qKaxAAE",
      "lastModifiedByName": "Rajasekhar Vempati",
      "lastModifiedDate": "1970-01-01T00:00:00.000Z",
      "manageableState": "unmanaged",
      "type": "CustomMetadata"
    },
    {
      "createdById": "0053f000000qKaxAAE",
      "createdByName": "Rajasekhar Vempati",
      "createdDate": "1970-01-01T00:00:00.000Z",
      "fileName": "customMetadata/ESR_Weights_ESR_Type.Cistern.md",
      "fullName": "ESR_Weights_ESR_Type.Cistern",
      "id": "m0D3f000000blJxEAI",
      "lastModifiedById": "0053f000000qKaxAAE",
      "lastModifiedByName": "Rajasekhar Vempati",
      "lastModifiedDate": "1970-01-01T00:00:00.000Z",
      "manageableState": "unmanaged",
      "type": "CustomMetadata"
    },
    {
      "createdById": "0053f000000qKaxAAE",
      "createdByName": "Rajasekhar Vempati",
      "createdDate": "1970-01-01T00:00:00.000Z",
      "fileName": "customMetadata/ESR_Weights_Design_Simplified_Detailed.WQ_BayFilter.md",
      "fullName": "ESR_Weights_Design_Simplified_Detailed.WQ_BayFilter",
      "id": "m0B3f000000XZCFEA4",
      "lastModifiedById": "0053f000000qKaxAAE",
      "lastModifiedByName": "Rajasekhar Vempati",
      "lastModifiedDate": "1970-01-01T00:00:00.000Z",
      "manageableState": "unmanaged",
      "type": "CustomMetadata"
    },
    {
      "createdById": "0053f000000qKaxAAE",
      "createdByName": "Rajasekhar Vempati",
      "createdDate": "1970-01-01T00:00:00.000Z",
      "fileName": "customMetadata/dlrs__LookupRollupSummary2.ESR_Count.md",
      "fullName": "dlrs__LookupRollupSummary2.ESR_Count",
      "id": "m003f000000TN1tAAG",
      "lastModifiedById": "0053f000000qKaxAAE",
      "lastModifiedByName": "Rajasekhar Vempati",
      "lastModifiedDate": "1970-01-01T00:00:00.000Z",
      "manageableState": "unmanaged",
      "type": "CustomMetadata"
    },
    {
      "createdById": "0053f000000qKaxAAE",
      "createdByName": "Rajasekhar Vempati",
      "createdDate": "1970-01-01T00:00:00.000Z",
      "fileName": "customMetadata/Business_Hours_and_Region_Map.Texas.md",
      "fullName": "Business_Hours_and_Region_Map.Texas",
      "id": "m033f0000004CKZAA2",
      "lastModifiedById": "0053f000000qKaxAAE",
      "lastModifiedByName": "Rajasekhar Vempati",
      "lastModifiedDate": "1970-01-01T00:00:00.000Z",
      "manageableState": "unmanaged",
      "type": "CustomMetadata"
    },
    {
      "createdById": "0053f000000qKaxAAE",
      "createdByName": "Rajasekhar Vempati",
      "createdDate": "1970-01-01T00:00:00.000Z",
      "fileName": "customMetadata/Business_Hours_and_Region_Map.West_Virginia.md",
      "fullName": "Business_Hours_and_Region_Map.West_Virginia",
      "id": "m033f0000004CKfAAM",
      "lastModifiedById": "0053f000000qKaxAAE",
      "lastModifiedByName": "Rajasekhar Vempati",
      "lastModifiedDate": "1970-01-01T00:00:00.000Z",
      "manageableState": "unmanaged",
      "type": "CustomMetadata"
    },
    {
      "createdById": "0053f000000qKaxAAE",
      "createdByName": "Rajasekhar Vempati",
      "createdDate": "1970-01-01T00:00:00.000Z",
      "fileName": "customMetadata/Business_Hours_and_Region_Map.North_Carolina.md",
      "fullName": "Business_Hours_and_Region_Map.North_Carolina",
      "id": "m033f0000004CKLAA2",
      "lastModifiedById": "0053f000000qKaxAAE",
      "lastModifiedByName": "Rajasekhar Vempati",
      "lastModifiedDate": "1970-01-01T00:00:00.000Z",
      "manageableState": "unmanaged",
      "type": "CustomMetadata"
    },
    {
      "createdById": "0053f000000qKaxAAE",
      "createdByName": "Rajasekhar Vempati",
      "createdDate": "1970-01-01T00:00:00.000Z",
      "fileName": "customMetadata/Business_Hours_and_Region_Map.Missouri.md",
      "fullName": "Business_Hours_and_Region_Map.Missouri",
      "id": "m033f0000004CKDAA2",
      "lastModifiedById": "0053f000000qKaxAAE",
      "lastModifiedByName": "Rajasekhar Vempati",
      "lastModifiedDate": "1970-01-01T00:00:00.000Z",
      "manageableState": "unmanaged",
      "type": "CustomMetadata"
    },
    {
      "createdById": "0053f000000qKaxAAE",
      "createdByName": "Rajasekhar Vempati",
      "createdDate": "1970-01-01T00:00:00.000Z",
      "fileName": "customMetadata/CMTD__EnhancedRelatedList.ProjectEntryRequests_Subject.md",
      "fullName": "CMTD__EnhancedRelatedList.ProjectEntryRequests_Subject",
      "id": "m053f000000PAtfAAG",
      "lastModifiedById": "0053f000000qKaxAAE",
      "lastModifiedByName": "Rajasekhar Vempati",
      "lastModifiedDate": "1970-01-01T00:00:00.000Z",
      "manageableState": "unmanaged",
      "type": "CustomMetadata"
    },
    {
      "createdById": "0053f000000qKaxAAE",
      "createdByName": "Rajasekhar Vempati",
      "createdDate": "1970-01-01T00:00:00.000Z",
      "fileName": "customMetadata/ESR_Weights_of_beds.X1.md",
      "fullName": "ESR_Weights_of_beds.X1",
      "id": "m0H3f000000XZAhEAO",
      "lastModifiedById": "0053f000000qKaxAAE",
      "lastModifiedByName": "Rajasekhar Vempati",
      "lastModifiedDate": "1970-01-01T00:00:00.000Z",
      "manageableState": "unmanaged",
      "type": "CustomMetadata"
    },
    {
      "createdById": "0053f000000qKaxAAE",
      "createdByName": "Rajasekhar Vempati",
      "createdDate": "1970-01-01T00:00:00.000Z",
      "fileName": "customMetadata/Business_Hours_and_Region_Map.Kansas.md",
      "fullName": "Business_Hours_and_Region_Map.Kansas",
      "id": "m033f0000004CK3AAM",
      "lastModifiedById": "0053f000000qKaxAAE",
      "lastModifiedByName": "Rajasekhar Vempati",
      "lastModifiedDate": "1970-01-01T00:00:00.000Z",
      "manageableState": "unmanaged",
      "type": "CustomMetadata"
    },
    {
      "createdById": "0053f000000qKaxAAE",
      "createdByName": "Rajasekhar Vempati",
      "createdDate": "1970-01-01T00:00:00.000Z",
      "fileName": "customMetadata/Business_Hours_and_Region_Map.South_Carolina.md",
      "fullName": "Business_Hours_and_Region_Map.South_Carolina",
      "id": "m033f0000004CKWAA2",
      "lastModifiedById": "0053f000000qKaxAAE",
      "lastModifiedByName": "Rajasekhar Vempati",
      "lastModifiedDate": "1970-01-01T00:00:00.000Z",
      "manageableState": "unmanaged",
      "type": "CustomMetadata"
    },
    {
      "createdById": "0053f000000qKaxAAE",
      "createdByName": "Rajasekhar Vempati",
      "createdDate": "1970-01-01T00:00:00.000Z",
      "fileName": "customMetadata/Business_Hours_and_Region_Map.New_Mexico.md",
      "fullName": "Business_Hours_and_Region_Map.New_Mexico",
      "id": "m033f0000004CKJAA2",
      "lastModifiedById": "0053f000000qKaxAAE",
      "lastModifiedByName": "Rajasekhar Vempati",
      "lastModifiedDate": "1970-01-01T00:00:00.000Z",
      "manageableState": "unmanaged",
      "type": "CustomMetadata"
    },
    {
      "createdById": "0053f000000qKaxAAE",
      "createdByName": "Rajasekhar Vempati",
      "createdDate": "1970-01-01T00:00:00.000Z",
      "fileName": "customMetadata/ESR_Weights_Product_Type.WQ_HIL_FD.md",
      "fullName": "ESR_Weights_Product_Type.WQ_HIL_FD",
      "id": "m0E3f000000PB73EAG",
      "lastModifiedById": "0053f000000qKaxAAE",
      "lastModifiedByName": "Rajasekhar Vempati",
      "lastModifiedDate": "1970-01-01T00:00:00.000Z",
      "manageableState": "unmanaged",
      "type": "CustomMetadata"
    },
    {
      "createdById": "0053f000000qKaxAAE",
      "createdByName": "Rajasekhar Vempati",
      "createdDate": "1970-01-01T00:00:00.000Z",
      "fileName": "customMetadata/Business_Hours_and_Region_Map.Rhode_Island.md",
      "fullName": "Business_Hours_and_Region_Map.Rhode_Island",
      "id": "m033f0000004CKUAA2",
      "lastModifiedById": "0053f000000qKaxAAE",
      "lastModifiedByName": "Rajasekhar Vempati",
      "lastModifiedDate": "1970-01-01T00:00:00.000Z",
      "manageableState": "unmanaged",
      "type": "CustomMetadata"
    },
    {
      "createdById": "0053f000000qKaxAAE",
      "createdByName": "Rajasekhar Vempati",
      "createdDate": "1970-01-01T00:00:00.000Z",
      "fileName": "customMetadata/ADS_Mule_Api_Setting.Terminate_Api.md",
      "fullName": "ADS_Mule_Api_Setting.Terminate_Api",
      "id": "m093f000000TNCSAA4",
      "lastModifiedById": "0053f000000qKaxAAE",
      "lastModifiedByName": "Rajasekhar Vempati",
      "lastModifiedDate": "1970-01-01T00:00:00.000Z",
      "manageableState": "unmanaged",
      "type": "CustomMetadata"
    },
    {
      "createdById": "0053f000000qKaxAAE",
      "createdByName": "Rajasekhar Vempati",
      "createdDate": "1970-01-01T00:00:00.000Z",
      "fileName": "customMetadata/Business_Hours_and_Region_Map.Kentucky.md",
      "fullName": "Business_Hours_and_Region_Map.Kentucky",
      "id": "m033f0000004CK4AAM",
      "lastModifiedById": "0053f000000qKaxAAE",
      "lastModifiedByName": "Rajasekhar Vempati",
      "lastModifiedDate": "1970-01-01T00:00:00.000Z",
      "manageableState": "unmanaged",
      "type": "CustomMetadata"
    },
    {
      "createdById": "0053f000000qKaxAAE",
      "createdByName": "Rajasekhar Vempati",
      "createdDate": "1970-01-01T00:00:00.000Z",
      "fileName": "customMetadata/CMTD__EnhancedRelatedList.ProjectEntryRequests_Status.md",
      "fullName": "CMTD__EnhancedRelatedList.ProjectEntryRequests_Status",
      "id": "m053f000000PAtaAAG",
      "lastModifiedById": "0053f000000qKaxAAE",
      "lastModifiedByName": "Rajasekhar Vempati",
      "lastModifiedDate": "1970-01-01T00:00:00.000Z",
      "manageableState": "unmanaged",
      "type": "CustomMetadata"
    },
    {
      "createdById": "0053f000000qKaxAAE",
      "createdByName": "Rajasekhar Vempati",
      "createdDate": "1970-01-01T00:00:00.000Z",
      "fileName": "customMetadata/dlrs__LookupRollupSummary2.Open_Project_Value_E.md",
      "fullName": "dlrs__LookupRollupSummary2.Open_Project_Value_E",
      "id": "m00410000006I8RAAU",
      "lastModifiedById": "0053f000000qKaxAAE",
      "lastModifiedByName": "Rajasekhar Vempati",
      "lastModifiedDate": "1970-01-01T00:00:00.000Z",
      "manageableState": "unmanaged",
      "type": "CustomMetadata"
    },
    {
      "createdById": "0053f000000qKaxAAE",
      "createdByName": "Rajasekhar Vempati",
      "createdDate": "1970-01-01T00:00:00.000Z",
      "fileName": "customMetadata/dlrs__LookupRollupSummary2.Open_Project_Count_E.md",
      "fullName": "dlrs__LookupRollupSummary2.Open_Project_Count_E",
      "id": "m00410000006I8NAAU",
      "lastModifiedById": "0053f000000qKaxAAE",
      "lastModifiedByName": "Rajasekhar Vempati",
      "lastModifiedDate": "1970-01-01T00:00:00.000Z",
      "manageableState": "unmanaged",
      "type": "CustomMetadata"
    },
    {
      "createdById": "0053f000000qKaxAAE",
      "createdByName": "Rajasekhar Vempati",
      "createdDate": "1970-01-01T00:00:00.000Z",
      "fileName": "customMetadata/Business_Hours_and_Region_Map.Washington_DC.md",
      "fullName": "Business_Hours_and_Region_Map.Washington_DC",
      "id": "m033f0000004CKeAAM",
      "lastModifiedById": "0053f000000qKaxAAE",
      "lastModifiedByName": "Rajasekhar Vempati",
      "lastModifiedDate": "1970-01-01T00:00:00.000Z",
      "manageableState": "unmanaged",
      "type": "CustomMetadata"
    },
    {
      "createdById": "0053f000000qKaxAAE",
      "createdByName": "Rajasekhar Vempati",
      "createdDate": "1970-01-01T00:00:00.000Z",
      "fileName": "customMetadata/dlrs__LookupRollupSummary2.Closed_Won_Project_Value_Contractor.md",
      "fullName": "dlrs__LookupRollupSummary2.Closed_Won_Project_Value_Contractor",
      "id": "m00410000006I89AAE",
      "lastModifiedById": "0053f000000qKaxAAE",
      "lastModifiedByName": "Rajasekhar Vempati",
      "lastModifiedDate": "1970-01-01T00:00:00.000Z",
      "manageableState": "unmanaged",
      "type": "CustomMetadata"
    },
    {
      "createdById": "0053f000000qKaxAAE",
      "createdByName": "Rajasekhar Vempati",
      "createdDate": "1970-01-01T00:00:00.000Z",
      "fileName": "customMetadata/Business_Hours_and_Region_Map.Montana.md",
      "fullName": "Business_Hours_and_Region_Map.Montana",
      "id": "m033f0000004CKEAA2",
      "lastModifiedById": "0053f000000qKaxAAE",
      "lastModifiedByName": "Rajasekhar Vempati",
      "lastModifiedDate": "1970-01-01T00:00:00.000Z",
      "manageableState": "unmanaged",
      "type": "CustomMetadata"
    },
    {
      "createdById": "0053f000000qKaxAAE",
      "createdByName": "Rajasekhar Vempati",
      "createdDate": "1970-01-01T00:00:00.000Z",
      "fileName": "customMetadata/Business_Hours_and_Region_Map.Saskatchewan.md",
      "fullName": "Business_Hours_and_Region_Map.Saskatchewan",
      "id": "m033f0000004CKVAA2",
      "lastModifiedById": "0053f000000qKaxAAE",
      "lastModifiedByName": "Rajasekhar Vempati",
      "lastModifiedDate": "1970-01-01T00:00:00.000Z",
      "manageableState": "unmanaged",
      "type": "CustomMetadata"
    },
    {
      "createdById": "0053f000000qKaxAAE",
      "createdByName": "Rajasekhar Vempati",
      "createdDate": "1970-01-01T00:00:00.000Z",
      "fileName": "customMetadata/dlrs__LookupRollupSummary2.Open_ESRs.md",
      "fullName": "dlrs__LookupRollupSummary2.Open_ESRs",
      "id": "m003f000000TN1uAAG",
      "lastModifiedById": "0053f000000qKaxAAE",
      "lastModifiedByName": "Rajasekhar Vempati",
      "lastModifiedDate": "1970-01-01T00:00:00.000Z",
      "manageableState": "unmanaged",
      "type": "CustomMetadata"
    },
    {
      "createdById": "0053f000000qKaxAAE",
      "createdByName": "Rajasekhar Vempati",
      "createdDate": "1970-01-01T00:00:00.000Z",
      "fileName": "customMetadata/Pricing_Engine_Setting.Production.md",
      "fullName": "Pricing_Engine_Setting.Production",
      "id": "m0241000000RiIqAAK",
      "lastModifiedById": "0053f000000qKaxAAE",
      "lastModifiedByName": "Rajasekhar Vempati",
      "lastModifiedDate": "1970-01-01T00:00:00.000Z",
      "manageableState": "unmanaged",
      "type": "CustomMetadata"
    },
    {
      "createdById": "0053f000000qKaxAAE",
      "createdByName": "Rajasekhar Vempati",
      "createdDate": "1970-01-01T00:00:00.000Z",
      "fileName": "customMetadata/Business_Hours_and_Region_Map.Louisiana.md",
      "fullName": "Business_Hours_and_Region_Map.Louisiana",
      "id": "m033f0000004CK5AAM",
      "lastModifiedById": "0053f000000qKaxAAE",
      "lastModifiedByName": "Rajasekhar Vempati",
      "lastModifiedDate": "1970-01-01T00:00:00.000Z",
      "manageableState": "unmanaged",
      "type": "CustomMetadata"
    },
    {
      "createdById": "0053f000000qKaxAAE",
      "createdByName": "Rajasekhar Vempati",
      "createdDate": "1970-01-01T00:00:00.000Z",
      "fileName": "customMetadata/ESR_Weights_Product_Type.Pipe_HP_Storm.md",
      "fullName": "ESR_Weights_Product_Type.Pipe_HP_Storm",
      "id": "m0E3f000000PB6tEAG",
      "lastModifiedById": "0053f000000qKaxAAE",
      "lastModifiedByName": "Rajasekhar Vempati",
      "lastModifiedDate": "1970-01-01T00:00:00.000Z",
      "manageableState": "unmanaged",
      "type": "CustomMetadata"
    },
    {
      "createdById": "0053f000000qKaxAAE",
      "createdByName": "Rajasekhar Vempati",
      "createdDate": "1970-01-01T00:00:00.000Z",
      "fileName": "customMetadata/ESR_Weights_ESR_Type.Structural.md",
      "fullName": "ESR_Weights_ESR_Type.Structural",
      "id": "m0D3f000000blK5EAI",
      "lastModifiedById": "0053f000000qKaxAAE",
      "lastModifiedByName": "Rajasekhar Vempati",
      "lastModifiedDate": "1970-01-01T00:00:00.000Z",
      "manageableState": "unmanaged",
      "type": "CustomMetadata"
    },
    {
      "createdById": "0053f000000qKaxAAE",
      "createdByName": "Rajasekhar Vempati",
      "createdDate": "1970-01-01T00:00:00.000Z",
      "fileName": "customMetadata/ESR_Weights_Product_Type.WQ_ADS_WQU.md",
      "fullName": "ESR_Weights_Product_Type.WQ_ADS_WQU",
      "id": "m0E3f000000PB6yEAG",
      "lastModifiedById": "0053f000000qKaxAAE",
      "lastModifiedByName": "Rajasekhar Vempati",
      "lastModifiedDate": "1970-01-01T00:00:00.000Z",
      "manageableState": "unmanaged",
      "type": "CustomMetadata"
    },
    {
      "createdById": "0053f000000qKaxAAE",
      "createdByName": "Rajasekhar Vempati",
      "createdDate": "1970-01-01T00:00:00.000Z",
      "fileName": "customMetadata/ESR_Weights_ESR_Type.Special.md",
      "fullName": "ESR_Weights_ESR_Type.Special",
      "id": "m0D3f000000blK4EAI",
      "lastModifiedById": "0053f000000qKaxAAE",
      "lastModifiedByName": "Rajasekhar Vempati",
      "lastModifiedDate": "1970-01-01T00:00:00.000Z",
      "manageableState": "unmanaged",
      "type": "CustomMetadata"
    },
    {
      "createdById": "0053f000000qKaxAAE",
      "createdByName": "Rajasekhar Vempati",
      "createdDate": "1970-01-01T00:00:00.000Z",
      "fileName": "customMetadata/ESR_Weights_Design_Simplified_Detailed.Pipe_N12_ST.md",
      "fullName": "ESR_Weights_Design_Simplified_Detailed.Pipe_N12_ST",
      "id": "m0B3f000000XZC9EAO",
      "lastModifiedById": "0053f000000qKaxAAE",
      "lastModifiedByName": "Rajasekhar Vempati",
      "lastModifiedDate": "1970-01-01T00:00:00.000Z",
      "manageableState": "unmanaged",
      "type": "CustomMetadata"
    },
    {
      "createdById": "0053f000000qKaxAAE",
      "createdByName": "Rajasekhar Vempati",
      "createdDate": "1970-01-01T00:00:00.000Z",
      "fileName": "customMetadata/Zone_Admin.Alabama.md",
      "fullName": "Zone_Admin.Alabama",
      "id": "m0I54000000kLgrEAE",
      "lastModifiedById": "0053f000000qKaxAAE",
      "lastModifiedByName": "Rajasekhar Vempati",
      "lastModifiedDate": "1970-01-01T00:00:00.000Z",
      "manageableState": "unmanaged",
      "type": "CustomMetadata"
    },
    {
      "createdById": "0053f000000qKaxAAE",
      "createdByName": "Rajasekhar Vempati",
      "createdDate": "1970-01-01T00:00:00.000Z",
      "fileName": "customMetadata/dlrs__LookupRollupSummary2.Closed_Lost_Project_Value_d.md",
      "fullName": "dlrs__LookupRollupSummary2.Closed_Lost_Project_Value_d",
      "id": "m00410000006I86AAE",
      "lastModifiedById": "0053f000000qKaxAAE",
      "lastModifiedByName": "Rajasekhar Vempati",
      "lastModifiedDate": "1970-01-01T00:00:00.000Z",
      "manageableState": "unmanaged",
      "type": "CustomMetadata"
    },
    {
      "createdById": "0053f000000qKaxAAE",
      "createdByName": "Rajasekhar Vempati",
      "createdDate": "1970-01-01T00:00:00.000Z",
      "fileName": "customMetadata/Business_Hours_and_Region_Map.Massachusetts.md",
      "fullName": "Business_Hours_and_Region_Map.Massachusetts",
      "id": "m033f0000004CK9AAM",
      "lastModifiedById": "0053f000000qKaxAAE",
      "lastModifiedByName": "Rajasekhar Vempati",
      "lastModifiedDate": "1970-01-01T00:00:00.000Z",
      "manageableState": "unmanaged",
      "type": "CustomMetadata"
    },
    {
      "createdById": "0053f000000qKaxAAE",
      "createdByName": "Rajasekhar Vempati",
      "createdDate": "1970-01-01T00:00:00.000Z",
      "fileName": "customMetadata/dlrs__LookupRollupSummary2.Number_of_Lost_Projects_c.md",
      "fullName": "dlrs__LookupRollupSummary2.Number_of_Lost_Projects_c",
      "id": "m00410000006I8HAAU",
      "lastModifiedById": "0053f000000qKaxAAE",
      "lastModifiedByName": "Rajasekhar Vempati",
      "lastModifiedDate": "1970-01-01T00:00:00.000Z",
      "manageableState": "unmanaged",
      "type": "CustomMetadata"
    },
    {
      "createdById": "0053f000000qKaxAAE",
      "createdByName": "Rajasekhar Vempati",
      "createdDate": "1970-01-01T00:00:00.000Z",
      "fileName": "customMetadata/dlrs__LookupRollupSummary2.Number_of_Closed_Won_Projects_E.md",
      "fullName": "dlrs__LookupRollupSummary2.Number_of_Closed_Won_Projects_E",
      "id": "m00410000006I8DAAU",
      "lastModifiedById": "0053f000000qKaxAAE",
      "lastModifiedByName": "Rajasekhar Vempati",
      "lastModifiedDate": "1970-01-01T00:00:00.000Z",
      "manageableState": "unmanaged",
      "type": "CustomMetadata"
    },
    {
      "createdById": "0053f000000qKaxAAE",
      "createdByName": "Rajasekhar Vempati",
      "createdDate": "1970-01-01T00:00:00.000Z",
      "fileName": "customMetadata/ESR_Weights_Design_Simplified_Detailed.WQ_HIL_DD.md",
      "fullName": "ESR_Weights_Design_Simplified_Detailed.WQ_HIL_DD",
      "id": "m0B3f000000XZCGEA4",
      "lastModifiedById": "0053f000000qKaxAAE",
      "lastModifiedByName": "Rajasekhar Vempati",
      "lastModifiedDate": "1970-01-01T00:00:00.000Z",
      "manageableState": "unmanaged",
      "type": "CustomMetadata"
    },
    {
      "createdById": "0053f000000qKaxAAE",
      "createdByName": "Rajasekhar Vempati",
      "createdDate": "1970-01-01T00:00:00.000Z",
      "fileName": "customMetadata/Business_Hours_and_Region_Map.Connecticut.md",
      "fullName": "Business_Hours_and_Region_Map.Connecticut",
      "id": "m033f0000004CJuAAM",
      "lastModifiedById": "0053f000000qKaxAAE",
      "lastModifiedByName": "Rajasekhar Vempati",
      "lastModifiedDate": "1970-01-01T00:00:00.000Z",
      "manageableState": "unmanaged",
      "type": "CustomMetadata"
    },
    {
      "createdById": "0053f000000qKaxAAE",
      "createdByName": "Rajasekhar Vempati",
      "createdDate": "1970-01-01T00:00:00.000Z",
      "fileName": "customMetadata/Trigger_Setting.Opportunity.md",
      "fullName": "Trigger_Setting.Opportunity",
      "id": "m01410000005VnBAAU",
      "lastModifiedById": "0053f000000qKaxAAE",
      "lastModifiedByName": "Rajasekhar Vempati",
      "lastModifiedDate": "1970-01-01T00:00:00.000Z",
      "manageableState": "unmanaged",
      "type": "CustomMetadata"
    },
    {
      "createdById": "0053f000000qKaxAAE",
      "createdByName": "Rajasekhar Vempati",
      "createdDate": "1970-01-01T00:00:00.000Z",
      "fileName": "customMetadata/Business_Hours_and_Region_Map.Georgia.md",
      "fullName": "Business_Hours_and_Region_Map.Georgia",
      "id": "m033f0000004CJxAAM",
      "lastModifiedById": "0053f000000qKaxAAE",
      "lastModifiedByName": "Rajasekhar Vempati",
      "lastModifiedDate": "1970-01-01T00:00:00.000Z",
      "manageableState": "unmanaged",
      "type": "CustomMetadata"
    },
    {
      "createdById": "0053f000000qKaxAAE",
      "createdByName": "Rajasekhar Vempati",
      "createdDate": "1970-01-01T00:00:00.000Z",
      "fileName": "customMetadata/dlrs__LookupRollupSummary2.All_Closed_Lost_Project_Value.md",
      "fullName": "dlrs__LookupRollupSummary2.All_Closed_Lost_Project_Value",
      "id": "m00410000006I82AAE",
      "lastModifiedById": "0053f000000qKaxAAE",
      "lastModifiedByName": "Rajasekhar Vempati",
      "lastModifiedDate": "1970-01-01T00:00:00.000Z",
      "manageableState": "unmanaged",
      "type": "CustomMetadata"
    },
    {
      "createdById": "0053f000000qKaxAAE",
      "createdByName": "Rajasekhar Vempati",
      "createdDate": "1970-01-01T00:00:00.000Z",
      "fileName": "customMetadata/dlrs__LookupRollupSummary2.Number_of_Closed_Won_Projects_o.md",
      "fullName": "dlrs__LookupRollupSummary2.Number_of_Closed_Won_Projects_o",
      "id": "m00410000006I8GAAU",
      "lastModifiedById": "0053f000000qKaxAAE",
      "lastModifiedByName": "Rajasekhar Vempati",
      "lastModifiedDate": "1970-01-01T00:00:00.000Z",
      "manageableState": "unmanaged",
      "type": "CustomMetadata"
    },
    {
      "createdById": "0053f000000qKaxAAE",
      "createdByName": "Rajasekhar Vempati",
      "createdDate": "1970-01-01T00:00:00.000Z",
      "fileName": "customMetadata/Business_Hours_and_Region_Map.Maryland.md",
      "fullName": "Business_Hours_and_Region_Map.Maryland",
      "id": "m033f0000004CK8AAM",
      "lastModifiedById": "0053f000000qKaxAAE",
      "lastModifiedByName": "Rajasekhar Vempati",
      "lastModifiedDate": "1970-01-01T00:00:00.000Z",
      "manageableState": "unmanaged",
      "type": "CustomMetadata"
    },
    {
      "createdById": "0053f000000qKaxAAE",
      "createdByName": "Rajasekhar Vempati",
      "createdDate": "1970-01-01T00:00:00.000Z",
      "fileName": "customMetadata/Business_Hours_and_Region_Map.Alberta.md",
      "fullName": "Business_Hours_and_Region_Map.Alberta",
      "id": "m033f0000004CJoAAM",
      "lastModifiedById": "0053f000000qKaxAAE",
      "lastModifiedByName": "Rajasekhar Vempati",
      "lastModifiedDate": "1970-01-01T00:00:00.000Z",
      "manageableState": "unmanaged",
      "type": "CustomMetadata"
    },
    {
      "createdById": "0053f000000qKaxAAE",
      "createdByName": "Rajasekhar Vempati",
      "createdDate": "1970-01-01T00:00:00.000Z",
      "fileName": "customMetadata/ESR_Weights_Complexity.Advanced.md",
      "fullName": "ESR_Weights_Complexity.Advanced",
      "id": "m0A3f0000008OLdEAM",
      "lastModifiedById": "0053f000000qKaxAAE",
      "lastModifiedByName": "Rajasekhar Vempati",
      "lastModifiedDate": "1970-01-01T00:00:00.000Z",
      "manageableState": "unmanaged",
      "type": "CustomMetadata"
    },
    {
      "createdById": "0053f000000qKaxAAE",
      "createdByName": "Rajasekhar Vempati",
      "createdDate": "1970-01-01T00:00:00.000Z",
      "fileName": "customMetadata/dlrs__LookupRollupSummary2.Open_Project_Count_D.md",
      "fullName": "dlrs__LookupRollupSummary2.Open_Project_Count_D",
      "id": "m00410000006I8MAAU",
      "lastModifiedById": "0053f000000qKaxAAE",
      "lastModifiedByName": "Rajasekhar Vempati",
      "lastModifiedDate": "1970-01-01T00:00:00.000Z",
      "manageableState": "unmanaged",
      "type": "CustomMetadata"
    },
    {
      "createdById": "0053f000000qKaxAAE",
      "createdByName": "Rajasekhar Vempati",
      "createdDate": "1970-01-01T00:00:00.000Z",
      "fileName": "customMetadata/dlrs__LookupRollupSummary2.All_Closed_Lost_Project_Count.md",
      "fullName": "dlrs__LookupRollupSummary2.All_Closed_Lost_Project_Count",
      "id": "m00410000006I81AAE",
      "lastModifiedById": "0053f000000qKaxAAE",
      "lastModifiedByName": "Rajasekhar Vempati",
      "lastModifiedDate": "1970-01-01T00:00:00.000Z",
      "manageableState": "unmanaged",
      "type": "CustomMetadata"
    },
    {
      "createdById": "0053f000000qKaxAAE",
      "createdByName": "Rajasekhar Vempati",
      "createdDate": "1970-01-01T00:00:00.000Z",
      "fileName": "customMetadata/ADS_Mule_Api_Setting.Finish_Api.md",
      "fullName": "ADS_Mule_Api_Setting.Finish_Api",
      "id": "m093f000000TNCIAA4",
      "lastModifiedById": "0053f000000qKaxAAE",
      "lastModifiedByName": "Rajasekhar Vempati",
      "lastModifiedDate": "1970-01-01T00:00:00.000Z",
      "manageableState": "unmanaged",
      "type": "CustomMetadata"
    },
    {
      "createdById": "0053f000000qKaxAAE",
      "createdByName": "Rajasekhar Vempati",
      "createdDate": "1970-01-01T00:00:00.000Z",
      "fileName": "customMetadata/CMTD__EnhancedRelatedList.EngineeringRequests_Case.md",
      "fullName": "CMTD__EnhancedRelatedList.EngineeringRequests_Case",
      "id": "m053f000000PAshAAG",
      "lastModifiedById": "0053f000000qKaxAAE",
      "lastModifiedByName": "Rajasekhar Vempati",
      "lastModifiedDate": "1970-01-01T00:00:00.000Z",
      "manageableState": "unmanaged",
      "type": "CustomMetadata"
    },
    {
      "createdById": "0053f000000qKaxAAE",
      "createdByName": "Rajasekhar Vempati",
      "createdDate": "1970-01-01T00:00:00.000Z",
      "fileName": "customMetadata/Business_Hours_and_Region_Map.Delaware.md",
      "fullName": "Business_Hours_and_Region_Map.Delaware",
      "id": "m033f0000004CJvAAM",
      "lastModifiedById": "0053f000000qKaxAAE",
      "lastModifiedByName": "Rajasekhar Vempati",
      "lastModifiedDate": "1970-01-01T00:00:00.000Z",
      "manageableState": "unmanaged",
      "type": "CustomMetadata"
    },
    {
      "createdById": "0053f000000qKaxAAE",
      "createdByName": "Rajasekhar Vempati",
      "createdDate": "1970-01-01T00:00:00.000Z",
      "fileName": "customMetadata/Business_Hours_and_Region_Map.Indiana.md",
      "fullName": "Business_Hours_and_Region_Map.Indiana",
      "id": "m033f0000004CK1AAM",
      "lastModifiedById": "0053f000000qKaxAAE",
      "lastModifiedByName": "Rajasekhar Vempati",
      "lastModifiedDate": "1970-01-01T00:00:00.000Z",
      "manageableState": "unmanaged",
      "type": "CustomMetadata"
    },
    {
      "createdById": "0053f000000qKaxAAE",
      "createdByName": "Rajasekhar Vempati",
      "createdDate": "1970-01-01T00:00:00.000Z",
      "fileName": "customMetadata/Business_Hours_and_Region_Map.North_Dakota.md",
      "fullName": "Business_Hours_and_Region_Map.North_Dakota",
      "id": "m033f0000004CKMAA2",
      "lastModifiedById": "0053f000000qKaxAAE",
      "lastModifiedByName": "Rajasekhar Vempati",
      "lastModifiedDate": "1970-01-01T00:00:00.000Z",
      "manageableState": "unmanaged",
      "type": "CustomMetadata"
    },
    {
      "createdById": "0053f000000qKaxAAE",
      "createdByName": "Rajasekhar Vempati",
      "createdDate": "1970-01-01T00:00:00.000Z",
      "fileName": "customMetadata/ESR_Weights_Design_Suite.Pipe_N12_ST.md",
      "fullName": "ESR_Weights_Design_Suite.Pipe_N12_ST",
      "id": "m0C3f0000004CAlEAM",
      "lastModifiedById": "0053f000000qKaxAAE",
      "lastModifiedByName": "Rajasekhar Vempati",
      "lastModifiedDate": "1970-01-01T00:00:00.000Z",
      "manageableState": "unmanaged",
      "type": "CustomMetadata"
    },
    {
      "createdById": "0053f000000qKaxAAE",
      "createdByName": "Rajasekhar Vempati",
      "createdDate": "1970-01-01T00:00:00.000Z",
      "fileName": "customMetadata/Business_Hours_and_Region_Map.Iowa.md",
      "fullName": "Business_Hours_and_Region_Map.Iowa",
      "id": "m033f0000004CK2AAM",
      "lastModifiedById": "0053f000000qKaxAAE",
      "lastModifiedByName": "Rajasekhar Vempati",
      "lastModifiedDate": "1970-01-01T00:00:00.000Z",
      "manageableState": "unmanaged",
      "type": "CustomMetadata"
    },
    {
      "createdById": "0053f000000qKaxAAE",
      "createdByName": "Rajasekhar Vempati",
      "createdDate": "1970-01-01T00:00:00.000Z",
      "fileName": "customMetadata/Business_Hours_and_Region_Map.Vermont.md",
      "fullName": "Business_Hours_and_Region_Map.Vermont",
      "id": "m033f0000004CKbAAM",
      "lastModifiedById": "0053f000000qKaxAAE",
      "lastModifiedByName": "Rajasekhar Vempati",
      "lastModifiedDate": "1970-01-01T00:00:00.000Z",
      "manageableState": "unmanaged",
      "type": "CustomMetadata"
    },
    {
      "createdById": "0053f000000qKaxAAE",
      "createdByName": "Rajasekhar Vempati",
      "createdDate": "1970-01-01T00:00:00.000Z",
      "fileName": "customMetadata/Business_Hours_and_Region_Map.Maine.md",
      "fullName": "Business_Hours_and_Region_Map.Maine",
      "id": "m033f0000004CK6AAM",
      "lastModifiedById": "0053f000000qKaxAAE",
      "lastModifiedByName": "Rajasekhar Vempati",
      "lastModifiedDate": "1970-01-01T00:00:00.000Z",
      "manageableState": "unmanaged",
      "type": "CustomMetadata"
    },
    {
      "createdById": "0053f000000qKaxAAE",
      "createdByName": "Rajasekhar Vempati",
      "createdDate": "1970-01-01T00:00:00.000Z",
      "fileName": "customMetadata/Business_Hours_and_Region_Map.Illinois.md",
      "fullName": "Business_Hours_and_Region_Map.Illinois",
      "id": "m033f0000004CK0AAM",
      "lastModifiedById": "0053f000000qKaxAAE",
      "lastModifiedByName": "Rajasekhar Vempati",
      "lastModifiedDate": "1970-01-01T00:00:00.000Z",
      "manageableState": "unmanaged",
      "type": "CustomMetadata"
    },
    {
      "createdById": "0053f000000qKaxAAE",
      "createdByName": "Rajasekhar Vempati",
      "createdDate": "1970-01-01T00:00:00.000Z",
      "fileName": "customMetadata/CMTD__EnhancedRelatedList.EngineeringRequests_Sales_Notes.md",
      "fullName": "CMTD__EnhancedRelatedList.EngineeringRequests_Sales_Notes",
      "id": "m053f000000PAtGAAW",
      "lastModifiedById": "0053f000000qKaxAAE",
      "lastModifiedByName": "Rajasekhar Vempati",
      "lastModifiedDate": "1970-01-01T00:00:00.000Z",
      "manageableState": "unmanaged",
      "type": "CustomMetadata"
    },
    {
      "createdById": "0053f000000qKaxAAE",
      "createdByName": "Rajasekhar Vempati",
      "createdDate": "1970-01-01T00:00:00.000Z",
      "fileName": "customMetadata/ESR_Weights_Design_Simplified_Detailed.Pipe_HP_Storm.md",
      "fullName": "ESR_Weights_Design_Simplified_Detailed.Pipe_HP_Storm",
      "id": "m0B3f000000XZC8EAO",
      "lastModifiedById": "0053f000000qKaxAAE",
      "lastModifiedByName": "Rajasekhar Vempati",
      "lastModifiedDate": "1970-01-01T00:00:00.000Z",
      "manageableState": "unmanaged",
      "type": "CustomMetadata"
    },
    {
      "createdById": "0053f000000qKaxAAE",
      "createdByName": "Rajasekhar Vempati",
      "createdDate": "1970-01-01T00:00:00.000Z",
      "fileName": "customMetadata/CMTD__EnhancedRelatedList.ProjectEntryRequests_SuppliedEmail.md",
      "fullName": "CMTD__EnhancedRelatedList.ProjectEntryRequests_SuppliedEmail",
      "id": "m053f000000PAtkAAG",
      "lastModifiedById": "0053f000000qKaxAAE",
      "lastModifiedByName": "Rajasekhar Vempati",
      "lastModifiedDate": "1970-01-01T00:00:00.000Z",
      "manageableState": "unmanaged",
      "type": "CustomMetadata"
    },
    {
      "createdById": "0053f000000qKaxAAE",
      "createdByName": "Rajasekhar Vempati",
      "createdDate": "1970-01-01T00:00:00.000Z",
      "fileName": "customMetadata/Business_Hours_and_Region_Map.Alaska.md",
      "fullName": "Business_Hours_and_Region_Map.Alaska",
      "id": "m033f0000004CJnAAM",
      "lastModifiedById": "0053f000000qKaxAAE",
      "lastModifiedByName": "Rajasekhar Vempati",
      "lastModifiedDate": "1970-01-01T00:00:00.000Z",
      "manageableState": "unmanaged",
      "type": "CustomMetadata"
    },
    {
      "createdById": "0053f000000qKaxAAE",
      "createdByName": "Rajasekhar Vempati",
      "createdDate": "1970-01-01T00:00:00.000Z",
      "fileName": "customMetadata/Pricing_Engine_Setting.Dev.md",
      "fullName": "Pricing_Engine_Setting.Dev",
      "id": "m0241000000RiIrAAK",
      "lastModifiedById": "0053f000000qKaxAAE",
      "lastModifiedByName": "Rajasekhar Vempati",
      "lastModifiedDate": "1970-01-01T00:00:00.000Z",
      "manageableState": "unmanaged",
      "type": "CustomMetadata"
    },
    {
      "createdById": "0053f000000qKaxAAE",
      "createdByName": "Rajasekhar Vempati",
      "createdDate": "1970-01-01T00:00:00.000Z",
      "fileName": "customMetadata/Entitlement_Process.supportentitlement.md",
      "fullName": "Entitlement_Process.supportentitlement",
      "id": "m043f0000004CA1AAM",
      "lastModifiedById": "0053f000000qKaxAAE",
      "lastModifiedByName": "Rajasekhar Vempati",
      "lastModifiedDate": "1970-01-01T00:00:00.000Z",
      "manageableState": "unmanaged",
      "type": "CustomMetadata"
    },
    {
      "createdById": "0053f000000qKaxAAE",
      "createdByName": "Rajasekhar Vempati",
      "createdDate": "1970-01-01T00:00:00.000Z",
      "fileName": "customMetadata/ESR_Weights_Revision.Revision.md",
      "fullName": "ESR_Weights_Revision.Revision",
      "id": "m0G3f000000TN1lEAG",
      "lastModifiedById": "0053f000000qKaxAAE",
      "lastModifiedByName": "Rajasekhar Vempati",
      "lastModifiedDate": "1970-01-01T00:00:00.000Z",
      "manageableState": "unmanaged",
      "type": "CustomMetadata"
    },
    {
      "createdById": "0053f000000qKaxAAE",
      "createdByName": "Rajasekhar Vempati",
      "createdDate": "1970-01-01T00:00:00.000Z",
      "fileName": "customMetadata/CMTD__EnhancedRelatedList.EngineeringRequests_Request_Type.md",
      "fullName": "CMTD__EnhancedRelatedList.EngineeringRequests_Request_Type",
      "id": "m053f000000PAtBAAW",
      "lastModifiedById": "0053f000000qKaxAAE",
      "lastModifiedByName": "Rajasekhar Vempati",
      "lastModifiedDate": "1970-01-01T00:00:00.000Z",
      "manageableState": "unmanaged",
      "type": "CustomMetadata"
    },
    {
      "createdById": "0053f000000qKaxAAE",
      "createdByName": "Rajasekhar Vempati",
      "createdDate": "1970-01-01T00:00:00.000Z",
      "fileName": "customMetadata/CMTD__EnhancedRelatedList.ProjectEntryRequests_Date_Time_Opened.md",
      "fullName": "CMTD__EnhancedRelatedList.ProjectEntryRequests_Date_Time_Opened",
      "id": "m053f000000PAtVAAW",
      "lastModifiedById": "0053f000000qKaxAAE",
      "lastModifiedByName": "Rajasekhar Vempati",
      "lastModifiedDate": "1970-01-01T00:00:00.000Z",
      "manageableState": "unmanaged",
      "type": "CustomMetadata"
    },
    {
      "createdById": "0053f000000qKaxAAE",
      "createdByName": "Rajasekhar Vempati",
      "createdDate": "1970-01-01T00:00:00.000Z",
      "fileName": "customMetadata/CMTD__EnhancedRelatedList.EngineeringRequests_Product_Type.md",
      "fullName": "CMTD__EnhancedRelatedList.EngineeringRequests_Product_Type",
      "id": "m053f000000PAt6AAG",
      "lastModifiedById": "0053f000000qKaxAAE",
      "lastModifiedByName": "Rajasekhar Vempati",
      "lastModifiedDate": "1970-01-01T00:00:00.000Z",
      "manageableState": "unmanaged",
      "type": "CustomMetadata"
    },
    {
      "createdById": "0053f000000qKaxAAE",
      "createdByName": "Rajasekhar Vempati",
      "createdDate": "1970-01-01T00:00:00.000Z",
      "fileName": "customMetadata/Business_Hours_and_Region_Map.Florida.md",
      "fullName": "Business_Hours_and_Region_Map.Florida",
      "id": "m033f0000004CJwAAM",
      "lastModifiedById": "0053f000000qKaxAAE",
      "lastModifiedByName": "Rajasekhar Vempati",
      "lastModifiedDate": "1970-01-01T00:00:00.000Z",
      "manageableState": "unmanaged",
      "type": "CustomMetadata"
    },
    {
      "createdById": "0053f000000qKaxAAE",
      "createdByName": "Rajasekhar Vempati",
      "createdDate": "1970-01-01T00:00:00.000Z",
      "fileName": "customMetadata/Business_Hours_and_Region_Map.Nebraska.md",
      "fullName": "Business_Hours_and_Region_Map.Nebraska",
      "id": "m033f0000004CKFAA2",
      "lastModifiedById": "0053f000000qKaxAAE",
      "lastModifiedByName": "Rajasekhar Vempati",
      "lastModifiedDate": "1970-01-01T00:00:00.000Z",
      "manageableState": "unmanaged",
      "type": "CustomMetadata"
    },
    {
      "createdById": "0053f000000qKaxAAE",
      "createdByName": "Rajasekhar Vempati",
      "createdDate": "1970-01-01T00:00:00.000Z",
      "fileName": "customMetadata/ESR_Weights_Product_Type.EcoPure.md",
      "fullName": "ESR_Weights_Product_Type.EcoPure",
      "id": "m0E3f000000KylREAS",
      "lastModifiedById": "0053f000000qKaxAAE",
      "lastModifiedByName": "Rajasekhar Vempati",
      "lastModifiedDate": "1970-01-01T00:00:00.000Z",
      "manageableState": "unmanaged",
      "type": "CustomMetadata"
    },
    {
      "createdById": "0053f000000qKaxAAE",
      "createdByName": "Rajasekhar Vempati",
      "createdDate": "1970-01-01T00:00:00.000Z",
      "fileName": "customMetadata/ESR_Weights_Design_Simplified_Detailed.WQ_Barracuda.md",
      "fullName": "ESR_Weights_Design_Simplified_Detailed.WQ_Barracuda",
      "id": "m0B3f000000XZCEEA4",
      "lastModifiedById": "0053f000000qKaxAAE",
      "lastModifiedByName": "Rajasekhar Vempati",
      "lastModifiedDate": "1970-01-01T00:00:00.000Z",
      "manageableState": "unmanaged",
      "type": "CustomMetadata"
    },
    {
      "createdById": "0053f000000qKaxAAE",
      "createdByName": "Rajasekhar Vempati",
      "createdDate": "1970-01-01T00:00:00.000Z",
      "fileName": "customMetadata/dlrs__LookupRollupSummary2.Number_of_Closed_Won_Projects_d.md",
      "fullName": "dlrs__LookupRollupSummary2.Number_of_Closed_Won_Projects_d",
      "id": "m00410000006I8FAAU",
      "lastModifiedById": "0053f000000qKaxAAE",
      "lastModifiedByName": "Rajasekhar Vempati",
      "lastModifiedDate": "1970-01-01T00:00:00.000Z",
      "manageableState": "unmanaged",
      "type": "CustomMetadata"
    },
    {
      "createdById": "0053f000000qKaxAAE",
      "createdByName": "Rajasekhar Vempati",
      "createdDate": "1970-01-01T00:00:00.000Z",
      "fileName": "customMetadata/ESR_Weights_Design_Suite.Pipe_N12_WT.md",
      "fullName": "ESR_Weights_Design_Suite.Pipe_N12_WT",
      "id": "m0C3f0000004CAmEAM",
      "lastModifiedById": "0053f000000qKaxAAE",
      "lastModifiedByName": "Rajasekhar Vempati",
      "lastModifiedDate": "1970-01-01T00:00:00.000Z",
      "manageableState": "unmanaged",
      "type": "CustomMetadata"
    },
    {
      "createdById": "0053f000000qKaxAAE",
      "createdByName": "Rajasekhar Vempati",
      "createdDate": "1970-01-01T00:00:00.000Z",
      "fileName": "customMetadata/Business_Hours_and_Region_Map.Oregon.md",
      "fullName": "Business_Hours_and_Region_Map.Oregon",
      "id": "m033f0000004CKRAA2",
      "lastModifiedById": "0053f000000qKaxAAE",
      "lastModifiedByName": "Rajasekhar Vempati",
      "lastModifiedDate": "1970-01-01T00:00:00.000Z",
      "manageableState": "unmanaged",
      "type": "CustomMetadata"
    },
    {
      "createdById": "0053f000000qKaxAAE",
      "createdByName": "Rajasekhar Vempati",
      "createdDate": "1970-01-01T00:00:00.000Z",
      "fileName": "customMetadata/dlrs__LookupRollupSummary2.Closed_Won_Project_Value_Distributor.md",
      "fullName": "dlrs__LookupRollupSummary2.Closed_Won_Project_Value_Distributor",
      "id": "m00410000006I8AAAU",
      "lastModifiedById": "0053f000000qKaxAAE",
      "lastModifiedByName": "Rajasekhar Vempati",
      "lastModifiedDate": "1970-01-01T00:00:00.000Z",
      "manageableState": "unmanaged",
      "type": "CustomMetadata"
    },
    {
      "createdById": "0053f000000qKaxAAE",
      "createdByName": "Rajasekhar Vempati",
      "createdDate": "1970-01-01T00:00:00.000Z",
      "fileName": "customMetadata/ESR_Weights_Complexity.Complex.md",
      "fullName": "ESR_Weights_Complexity.Complex",
      "id": "m0A3f0000008OLeEAM",
      "lastModifiedById": "0053f000000qKaxAAE",
      "lastModifiedByName": "Rajasekhar Vempati",
      "lastModifiedDate": "1970-01-01T00:00:00.000Z",
      "manageableState": "unmanaged",
      "type": "CustomMetadata"
    },
    {
      "createdById": "0053f000000qKaxAAE",
      "createdByName": "Rajasekhar Vempati",
      "createdDate": "1970-01-01T00:00:00.000Z",
      "fileName": "customMetadata/Business_Hours_and_Region_Map.Hawaii.md",
      "fullName": "Business_Hours_and_Region_Map.Hawaii",
      "id": "m033f0000004CJyAAM",
      "lastModifiedById": "0053f000000qKaxAAE",
      "lastModifiedByName": "Rajasekhar Vempati",
      "lastModifiedDate": "1970-01-01T00:00:00.000Z",
      "manageableState": "unmanaged",
      "type": "CustomMetadata"
    },
    {
      "createdById": "0053f000000qKaxAAE",
      "createdByName": "Rajasekhar Vempati",
      "createdDate": "1970-01-01T00:00:00.000Z",
      "fileName": "customMetadata/Business_Hours_and_Region_Map.Manitoba.md",
      "fullName": "Business_Hours_and_Region_Map.Manitoba",
      "id": "m033f0000004CK7AAM",
      "lastModifiedById": "0053f000000qKaxAAE",
      "lastModifiedByName": "Rajasekhar Vempati",
      "lastModifiedDate": "1970-01-01T00:00:00.000Z",
      "manageableState": "unmanaged",
      "type": "CustomMetadata"
    },
    {
      "createdById": "0053f000000qKaxAAE",
      "createdByName": "Rajasekhar Vempati",
      "createdDate": "1970-01-01T00:00:00.000Z",
      "fileName": "customMetadata/Business_Hours_and_Region_Map.Mississippi.md",
      "fullName": "Business_Hours_and_Region_Map.Mississippi",
      "id": "m033f0000004CKCAA2",
      "lastModifiedById": "0053f000000qKaxAAE",
      "lastModifiedByName": "Rajasekhar Vempati",
      "lastModifiedDate": "1970-01-01T00:00:00.000Z",
      "manageableState": "unmanaged",
      "type": "CustomMetadata"
    },
    {
      "createdById": "0053f000000qKaxAAE",
      "createdByName": "Rajasekhar Vempati",
      "createdDate": "1970-01-01T00:00:00.000Z",
      "fileName": "customMetadata/dlrs__LookupRollupSummary2.Closed_Won_Project_Value_Owner.md",
      "fullName": "dlrs__LookupRollupSummary2.Closed_Won_Project_Value_Owner",
      "id": "m00410000006I8CAAU",
      "lastModifiedById": "0053f000000qKaxAAE",
      "lastModifiedByName": "Rajasekhar Vempati",
      "lastModifiedDate": "1970-01-01T00:00:00.000Z",
      "manageableState": "unmanaged",
      "type": "CustomMetadata"
    },
    {
      "createdById": "0053f000000qKaxAAE",
      "createdByName": "Rajasekhar Vempati",
      "createdDate": "1970-01-01T00:00:00.000Z",
      "fileName": "customMetadata/dlrs__LookupRollupSummary2.Number_of_Lost_Projects_o.md",
      "fullName": "dlrs__LookupRollupSummary2.Number_of_Lost_Projects_o",
      "id": "m00410000006I8KAAU",
      "lastModifiedById": "0053f000000qKaxAAE",
      "lastModifiedByName": "Rajasekhar Vempati",
      "lastModifiedDate": "1970-01-01T00:00:00.000Z",
      "manageableState": "unmanaged",
      "type": "CustomMetadata"
    },
    {
      "createdById": "0053f000000qKaxAAE",
      "createdByName": "Rajasekhar Vempati",
      "createdDate": "1970-01-01T00:00:00.000Z",
      "fileName": "customMetadata/ESR_Weights_Product_Type.WQ_BayFilter.md",
      "fullName": "ESR_Weights_Product_Type.WQ_BayFilter",
      "id": "m0E3f000000PB70EAG",
      "lastModifiedById": "0053f000000qKaxAAE",
      "lastModifiedByName": "Rajasekhar Vempati",
      "lastModifiedDate": "1970-01-01T00:00:00.000Z",
      "manageableState": "unmanaged",
      "type": "CustomMetadata"
    },
    {
      "createdById": "0053f000000qKaxAAE",
      "createdByName": "Rajasekhar Vempati",
      "createdDate": "1970-01-01T00:00:00.000Z",
      "fileName": "customMetadata/ESR_Weights_Design_Suite.StormTech.md",
      "fullName": "ESR_Weights_Design_Suite.StormTech",
      "id": "m0C3f0000004CAoEAM",
      "lastModifiedById": "0053f000000qKaxAAE",
      "lastModifiedByName": "Rajasekhar Vempati",
      "lastModifiedDate": "1970-01-01T00:00:00.000Z",
      "manageableState": "unmanaged",
      "type": "CustomMetadata"
    },
    {
      "createdById": "0053f000000qKaxAAE",
      "createdByName": "Rajasekhar Vempati",
      "createdDate": "1970-01-01T00:00:00.000Z",
      "fileName": "customMetadata/Business_Hours_and_Region_Map.Northwest_Territories.md",
      "fullName": "Business_Hours_and_Region_Map.Northwest_Territories",
      "id": "m033f0000004CKNAA2",
      "lastModifiedById": "0053f000000qKaxAAE",
      "lastModifiedByName": "Rajasekhar Vempati",
      "lastModifiedDate": "1970-01-01T00:00:00.000Z",
      "manageableState": "unmanaged",
      "type": "CustomMetadata"
    },
    {
      "createdById": "0053f000000qKaxAAE",
      "createdByName": "Rajasekhar Vempati",
      "createdDate": "1970-01-01T00:00:00.000Z",
      "fileName": "customMetadata/ESR_Weights_of_beds.g1.md",
      "fullName": "ESR_Weights_of_beds.g1",
      "id": "m0H3f000000XZAiEAO",
      "lastModifiedById": "0053f000000qKaxAAE",
      "lastModifiedByName": "Rajasekhar Vempati",
      "lastModifiedDate": "1970-01-01T00:00:00.000Z",
      "manageableState": "unmanaged",
      "type": "CustomMetadata"
    }
  ]
}