{
  "status": 0,
  "result": [
    {
      "createdById": "0053f0000016G9aAAE",
      "createdByName": "Levi Kurtright",
      "createdDate": "2020-11-19T15:23:29.000Z",
      "fileName": "weblinks/sbaa__ConfigureSBAA.weblink",
      "fullName": "sbaa__ConfigureSBAA",
      "id": "00b3f000000YR9IAAW",
      "lastModifiedById": "0053f0000016G9aAAE",
      "lastModifiedByName": "Levi Kurtright",
      "lastModifiedDate": "2020-11-19T15:23:29.000Z",
      "manageableState": "installed",
      "namespacePrefix": "sbaa",
      "type": "CustomPageWebLink"
    },
    {
      "createdById": "0053f00000145zgAAA",
      "createdByName": "Nathan Wylder",
      "createdDate": "2021-03-04T22:13:11.000Z",
      "fileName": "weblinks/dsfs__DocuSignAdminLink.weblink",
      "fullName": "dsfs__DocuSignAdminLink",
      "id": "00b3f000000DcgQAAS",
      "lastModifiedById": "0053f00000145zgAAA",
      "lastModifiedByName": "Nathan Wylder",
      "lastModifiedDate": "2021-03-04T22:13:11.000Z",
      "manageableState": "installed",
      "namespacePrefix": "dsfs",
      "type": "CustomPageWebLink"
    },
    {
      "createdById": "00541000002RzpjAAC",
      "createdByName": "Dylan Gerow",
      "createdDate": "2017-05-11T13:53:49.000Z",
      "fileName": "weblinks/dlrs__Welcome.weblink",
      "fullName": "dlrs__Welcome",
      "id": "00b410000020waxAAA",
      "lastModifiedById": "00541000002RzpjAAC",
      "lastModifiedByName": "Dylan Gerow",
      "lastModifiedDate": "2017-05-11T13:53:49.000Z",
      "manageableState": "installed",
      "namespacePrefix": "dlrs",
      "type": "CustomPageWebLink"
    },
    {
      "createdById": "00541000002RzpjAAC",
      "createdByName": "Dylan Gerow",
      "createdDate": "2017-03-31T15:14:52.000Z",
      "fileName": "weblinks/SBQQ__ConfigureQuoteQuickly.weblink",
      "fullName": "SBQQ__ConfigureQuoteQuickly",
      "id": "00b41000001kB5vAAE",
      "lastModifiedById": "00541000002RzpjAAC",
      "lastModifiedByName": "Dylan Gerow",
      "lastModifiedDate": "2017-03-31T15:14:52.000Z",
      "manageableState": "installed",
      "namespacePrefix": "SBQQ",
      "type": "CustomPageWebLink"
    }
  ]
}