{
  "status": 0,
  "result": [
    {
      "createdById": "00541000003Aq3qAAC",
      "createdByName": "Jessica Deal",
      "createdDate": "2017-09-01T18:32:44.000Z",
      "fileName": "dashboards/Engineering_Dashboards",
      "fullName": "Engineering_Dashboards",
      "id": "00l41000001E3SRAA0",
      "lastModifiedById": "00541000003Aq3qAAC",
      "lastModifiedByName": "Jessica Deal",
      "lastModifiedDate": "2017-09-01T18:32:44.000Z",
      "manageableState": "unmanaged",
      "type": "DashboardFolder"
    },
    {
      "createdById": "00541000004SyXBAA0",
      "createdByName": "Zack Patrick",
      "createdDate": "2017-12-07T15:54:34.000Z",
      "fileName": "dashboards/APM_Dashboards",
      "fullName": "APM_Dashboards",
      "id": "00l41000001EEvGAAW",
      "lastModifiedById": "00541000004SyXBAA0",
      "lastModifiedByName": "Zack Patrick",
      "lastModifiedDate": "2017-12-07T15:54:34.000Z",
      "manageableState": "unmanaged",
      "type": "DashboardFolder"
    },
    {
      "createdById": "00541000004SyXBAA0",
      "createdByName": "Zack Patrick",
      "createdDate": "2018-04-23T19:10:05.000Z",
      "fileName": "dashboards/Inserta_Tee_Dashboards",
      "fullName": "Inserta_Tee_Dashboards",
      "id": "00l41000001ly1LAAQ",
      "lastModifiedById": "00541000004SyXBAA0",
      "lastModifiedByName": "Zack Patrick",
      "lastModifiedDate": "2018-04-23T19:10:05.000Z",
      "manageableState": "unmanaged",
      "type": "DashboardFolder"
    },
    {
      "createdById": "00541000003Aq3qAAC",
      "createdByName": "Jessica Deal",
      "createdDate": "2019-03-25T18:59:31.000Z",
      "fileName": "dashboards/Quality_Feedback",
      "fullName": "Quality_Feedback",
      "id": "00l2M000001qMkwQAE",
      "lastModifiedById": "00541000003Aq3qAAC",
      "lastModifiedByName": "Jessica Deal",
      "lastModifiedDate": "2019-03-25T18:59:31.000Z",
      "manageableState": "unmanaged",
      "type": "DashboardFolder"
    },
    {
      "createdById": "0053f00000145zgAAA",
      "createdByName": "Nathan Wylder",
      "createdDate": "2022-09-22T19:58:59.000Z",
      "fileName": "dashboards/CustomerComplaints",
      "fullName": "CustomerComplaints",
      "id": "00l540000015tteAAA",
      "lastModifiedById": "0053f00000145zgAAA",
      "lastModifiedByName": "Nathan Wylder",
      "lastModifiedDate": "2022-09-22T19:58:59.000Z",
      "manageableState": "unmanaged",
      "type": "DashboardFolder"
    },
    {
      "createdById": "00541000004SyXBAA0",
      "createdByName": "Zack Patrick",
      "createdDate": "2021-09-02T14:24:30.000Z",
      "fileName": "dashboards/ADSMDashboard",
      "fullName": "ADSMDashboard",
      "id": "00l3f000000M1b5AAC",
      "lastModifiedById": "00541000004SyXBAA0",
      "lastModifiedByName": "Zack Patrick",
      "lastModifiedDate": "2021-09-02T14:24:30.000Z",
      "manageableState": "unmanaged",
      "type": "DashboardFolder"
    },
    {
      "createdById": "00541000004SyXBAA0",
      "createdByName": "Zack Patrick",
      "createdDate": "2018-05-09T14:29:01.000Z",
      "fileName": "dashboards/Onsite_Dashboard",
      "fullName": "Onsite_Dashboard",
      "id": "00l41000001lyNRAAY",
      "lastModifiedById": "00541000004SyXBAA0",
      "lastModifiedByName": "Zack Patrick",
      "lastModifiedDate": "2018-05-09T14:29:01.000Z",
      "manageableState": "unmanaged",
      "type": "DashboardFolder"
    },
    {
      "createdById": "00541000003Aq3qAAC",
      "createdByName": "Jessica Deal",
      "createdDate": "2017-06-01T19:45:47.000Z",
      "fileName": "dashboards/ADS_Sales_Rep_Dashboards",
      "fullName": "ADS_Sales_Rep_Dashboards",
      "id": "00l41000001FjiFAAS",
      "lastModifiedById": "00541000003Aq3qAAC",
      "lastModifiedByName": "Jessica Deal",
      "lastModifiedDate": "2017-06-01T19:45:47.000Z",
      "manageableState": "unmanaged",
      "type": "DashboardFolder"
    },
    {
      "createdById": "00541000004SyXBAA0",
      "createdByName": "Zack Patrick",
      "createdDate": "2020-06-29T14:47:17.000Z",
      "fileName": "dashboards/FieldSalesVisibilityFolder",
      "fullName": "FieldSalesVisibilityFolder",
      "id": "00l3f000000kzAXAAY",
      "lastModifiedById": "00541000004SyXBAA0",
      "lastModifiedByName": "Zack Patrick",
      "lastModifiedDate": "2020-06-29T14:47:17.000Z",
      "manageableState": "unmanaged",
      "type": "DashboardFolder"
    },
    {
      "createdById": "00541000001bEDeAAM",
      "createdByName": "Eric Reo",
      "createdDate": "2016-12-22T15:47:21.000Z",
      "fileName": "dashboards/Service_Dashboards",
      "fullName": "Service_Dashboards",
      "id": "00l41000000iqDKAAY",
      "lastModifiedById": "00541000001bEDeAAM",
      "lastModifiedByName": "Eric Reo",
      "lastModifiedDate": "2016-12-22T15:47:21.000Z",
      "manageableState": "unmanaged",
      "type": "DashboardFolder"
    },
    {
      "createdById": "00541000003Aq3qAAC",
      "createdByName": "Jessica Deal",
      "createdDate": "2017-06-01T19:45:47.000Z",
      "fileName": "dashboards/ADS_Zone_Manager_Dashboards",
      "fullName": "ADS_Zone_Manager_Dashboards",
      "id": "00l41000001FjiGAAS",
      "lastModifiedById": "00541000003Aq3qAAC",
      "lastModifiedByName": "Jessica Deal",
      "lastModifiedDate": "2017-06-01T19:45:47.000Z",
      "manageableState": "unmanaged",
      "type": "DashboardFolder"
    },
    {
      "createdById": "00541000004SyXBAA0",
      "createdByName": "Zack Patrick",
      "createdDate": "2019-09-27T18:50:30.000Z",
      "fileName": "dashboards/ZP",
      "fullName": "ZP",
      "id": "00l3f000000kyYSAAY",
      "lastModifiedById": "00541000004SyXBAA0",
      "lastModifiedByName": "Zack Patrick",
      "lastModifiedDate": "2019-09-27T18:50:30.000Z",
      "manageableState": "unmanaged",
      "type": "DashboardFolder"
    },
    {
      "createdById": "00541000003Aq3qAAC",
      "createdByName": "Jessica Deal",
      "createdDate": "2017-09-05T20:40:25.000Z",
      "fileName": "dashboards/EPM_Dashboards",
      "fullName": "EPM_Dashboards",
      "id": "00l41000001E3pfAAC",
      "lastModifiedById": "00541000003Aq3qAAC",
      "lastModifiedByName": "Jessica Deal",
      "lastModifiedDate": "2017-09-05T20:40:25.000Z",
      "manageableState": "unmanaged",
      "type": "DashboardFolder"
    },
    {
      "createdById": "00541000004SyXBAA0",
      "createdByName": "Zack Patrick",
      "createdDate": "2018-04-06T14:16:09.000Z",
      "fileName": "dashboards/Water_Quality_Dashboards",
      "fullName": "Water_Quality_Dashboards",
      "id": "00l41000000HPk7AAG",
      "lastModifiedById": "00541000004SyXBAA0",
      "lastModifiedByName": "Zack Patrick",
      "lastModifiedDate": "2018-04-06T14:16:09.000Z",
      "manageableState": "unmanaged",
      "type": "DashboardFolder"
    },
    {
      "createdById": "00541000004SyXBAA0",
      "createdByName": "Zack Patrick",
      "createdDate": "2019-04-19T14:41:57.000Z",
      "fileName": "dashboards/Poly_Flex_Management",
      "fullName": "Poly_Flex_Management",
      "id": "00l2M000000PxT2QAK",
      "lastModifiedById": "00541000004SyXBAA0",
      "lastModifiedByName": "Zack Patrick",
      "lastModifiedDate": "2019-04-19T14:41:57.000Z",
      "manageableState": "unmanaged",
      "type": "DashboardFolder"
    },
    {
      "createdById": "0053f000000Ze23AAC",
      "createdByName": "Will Burke",
      "createdDate": "2019-09-13T23:38:20.000Z",
      "fileName": "dashboards/ADSCustomerServiceDashboards",
      "fullName": "ADSCustomerServiceDashboards",
      "id": "00l3f000000kyJDAAY",
      "lastModifiedById": "0053f000000Ze23AAC",
      "lastModifiedByName": "Will Burke",
      "lastModifiedDate": "2019-09-13T23:38:20.000Z",
      "manageableState": "unmanaged",
      "type": "DashboardFolder"
    },
    {
      "createdById": "00541000004SyXBAA0",
      "createdByName": "Zack Patrick",
      "createdDate": "2019-10-10T14:14:30.000Z",
      "fileName": "dashboards/IPM",
      "fullName": "IPM",
      "id": "00l3f000000kyZBAAY",
      "lastModifiedById": "00541000004SyXBAA0",
      "lastModifiedByName": "Zack Patrick",
      "lastModifiedDate": "2019-10-10T14:14:30.000Z",
      "manageableState": "unmanaged",
      "type": "DashboardFolder"
    },
    {
      "createdById": "00541000003Aq3qAAC",
      "createdByName": "Jessica Deal",
      "createdDate": "2017-07-21T14:14:44.000Z",
      "fileName": "dashboards/Adoption_Dashboards",
      "fullName": "Adoption_Dashboards",
      "id": "00l41000001Fs55AAC",
      "lastModifiedById": "00541000003Aq3qAAC",
      "lastModifiedByName": "Jessica Deal",
      "lastModifiedDate": "2017-07-21T14:14:44.000Z",
      "manageableState": "unmanaged",
      "type": "DashboardFolder"
    },
    {
      "createdById": "00541000004SyXBAA0",
      "createdByName": "Zack Patrick",
      "createdDate": "2018-03-29T19:22:26.000Z",
      "fileName": "dashboards/EngineeringServicesDashboard",
      "fullName": "EngineeringServicesDashboard",
      "id": "00l41000000HPLvAAO",
      "lastModifiedById": "00541000004SyXBAA0",
      "lastModifiedByName": "Zack Patrick",
      "lastModifiedDate": "2020-04-03T15:24:12.000Z",
      "manageableState": "unmanaged",
      "type": "DashboardFolder"
    },
    {
      "createdById": "00541000003Aq3qAAC",
      "createdByName": "Jessica Deal",
      "createdDate": "2017-06-01T19:45:47.000Z",
      "fileName": "dashboards/ADS_Company_Overview_Dashboards",
      "fullName": "ADS_Company_Overview_Dashboards",
      "id": "00l41000001FjiDAAS",
      "lastModifiedById": "00541000003Aq3qAAC",
      "lastModifiedByName": "Jessica Deal",
      "lastModifiedDate": "2017-06-01T19:45:47.000Z",
      "manageableState": "unmanaged",
      "type": "DashboardFolder"
    },
    {
      "createdById": "00541000004SyXBAA0",
      "createdByName": "Zack Patrick",
      "createdDate": "2018-09-12T13:01:18.000Z",
      "fileName": "dashboards/APM_Market_Manager_Dashboard",
      "fullName": "APM_Market_Manager_Dashboard",
      "id": "00l41000001qH6aAAE",
      "lastModifiedById": "00541000004SyXBAA0",
      "lastModifiedByName": "Zack Patrick",
      "lastModifiedDate": "2018-09-12T13:01:18.000Z",
      "manageableState": "unmanaged",
      "type": "DashboardFolder"
    },
    {
      "createdById": "0053f00000145zgAAA",
      "createdByName": "Nathan Wylder",
      "createdDate": "2022-12-20T19:22:10.000Z",
      "fileName": "dashboards/LWCCaseTimer__CaseSessionDashboards",
      "fullName": "LWCCaseTimer__CaseSessionDashboards",
      "id": "00l540000015wBRAAY",
      "lastModifiedById": "0053f00000145zgAAA",
      "lastModifiedByName": "Nathan Wylder",
      "lastModifiedDate": "2022-12-20T19:22:10.000Z",
      "manageableState": "installed",
      "namespacePrefix": "LWCCaseTimer",
      "type": "DashboardFolder"
    },
    {
      "createdById": "00541000004SyXBAA0",
      "createdByName": "Zack Patrick",
      "createdDate": "2019-10-11T13:41:36.000Z",
      "fileName": "dashboards/Test",
      "fullName": "Test",
      "id": "00l3f000000kyZLAAY",
      "lastModifiedById": "00541000004SyXBAA0",
      "lastModifiedByName": "Zack Patrick",
      "lastModifiedDate": "2019-10-11T13:41:36.000Z",
      "manageableState": "unmanaged",
      "type": "DashboardFolder"
    },
    {
      "createdById": "00541000003Aq3qAAC",
      "createdByName": "Jessica Deal",
      "createdDate": "2019-11-04T18:13:01.000Z",
      "fileName": "dashboards/International_Dashboards",
      "fullName": "International_Dashboards",
      "id": "00l3f000000kyadAAA",
      "lastModifiedById": "00541000003Aq3qAAC",
      "lastModifiedByName": "Jessica Deal",
      "lastModifiedDate": "2019-11-04T18:13:01.000Z",
      "manageableState": "unmanaged",
      "type": "DashboardFolder"
    },
    {
      "createdById": "00541000003Aq3qAAC",
      "createdByName": "Jessica Deal",
      "createdDate": "2018-08-21T13:37:24.000Z",
      "fileName": "dashboards/Pricing_Engine_Dashboard_View_All",
      "fullName": "Pricing_Engine_Dashboard_View_All",
      "id": "00l41000001WKI3AAO",
      "lastModifiedById": "00541000003Aq3qAAC",
      "lastModifiedByName": "Jessica Deal",
      "lastModifiedDate": "2018-08-21T13:37:24.000Z",
      "manageableState": "unmanaged",
      "type": "DashboardFolder"
    },
    {
      "createdById": "00541000004SyXBAA0",
      "createdByName": "Zack Patrick",
      "createdDate": "2018-01-15T15:56:02.000Z",
      "fileName": "dashboards/Support_Dashboard",
      "fullName": "Support_Dashboard",
      "id": "00l41000001EIBRAA4",
      "lastModifiedById": "00541000004SyXBAA0",
      "lastModifiedByName": "Zack Patrick",
      "lastModifiedDate": "2018-01-15T15:56:02.000Z",
      "manageableState": "unmanaged",
      "type": "DashboardFolder"
    },
    {
      "createdById": "00541000004SyXBAA0",
      "createdByName": "Zack Patrick",
      "createdDate": "2019-05-29T20:18:36.000Z",
      "fileName": "dashboards/Ag_Management_Dashboards",
      "fullName": "Ag_Management_Dashboards",
      "id": "00l2M000001qNKQQA2",
      "lastModifiedById": "00541000004SyXBAA0",
      "lastModifiedByName": "Zack Patrick",
      "lastModifiedDate": "2019-05-29T20:18:36.000Z",
      "manageableState": "unmanaged",
      "type": "DashboardFolder"
    },
    {
      "createdById": "00541000004SyXBAA0",
      "createdByName": "Zack Patrick",
      "createdDate": "2018-03-16T13:58:38.000Z",
      "fileName": "dashboards/Approvals_Dashboards",
      "fullName": "Approvals_Dashboards",
      "id": "00l41000000HOgOAAW",
      "lastModifiedById": "00541000004SyXBAA0",
      "lastModifiedByName": "Zack Patrick",
      "lastModifiedDate": "2018-03-16T13:58:38.000Z",
      "manageableState": "unmanaged",
      "type": "DashboardFolder"
    },
    {
      "createdById": "00541000003Aq3qAAC",
      "createdByName": "Jessica Deal",
      "createdDate": "2017-06-01T19:45:47.000Z",
      "fileName": "dashboards/ADS_Regional_Sales_Manager_Dashboards",
      "fullName": "ADS_Regional_Sales_Manager_Dashboards",
      "id": "00l41000001FjiEAAS",
      "lastModifiedById": "00541000002RzpkAAC",
      "lastModifiedByName": "Sarah Labadie",
      "lastModifiedDate": "2017-06-26T16:10:57.000Z",
      "manageableState": "unmanaged",
      "type": "DashboardFolder"
    },
    {
      "createdById": "00541000003Aq3qAAC",
      "createdByName": "Jessica Deal",
      "createdDate": "2019-06-06T15:03:39.000Z",
      "fileName": "dashboards/Corporate_Strategy",
      "fullName": "Corporate_Strategy",
      "id": "00l2M000001qNS3QAM",
      "lastModifiedById": "00541000003Aq3qAAC",
      "lastModifiedByName": "Jessica Deal",
      "lastModifiedDate": "2019-06-06T15:03:39.000Z",
      "manageableState": "unmanaged",
      "type": "DashboardFolder"
    },
    {
      "createdById": "00541000003Aq3qAAC",
      "createdByName": "Jessica Deal",
      "createdDate": "2020-06-16T19:50:04.000Z",
      "fileName": "dashboards/Sandbox",
      "fullName": "Sandbox",
      "id": "00l3f000000kz8CAAQ",
      "lastModifiedById": "00541000003Aq3qAAC",
      "lastModifiedByName": "Jessica Deal",
      "lastModifiedDate": "2020-06-16T19:50:04.000Z",
      "manageableState": "unmanaged",
      "type": "DashboardFolder"
    },
    {
      "createdById": "00541000004SyXBAA0",
      "createdByName": "Zack Patrick",
      "createdDate": "2020-04-03T15:25:37.000Z",
      "fileName": "dashboards/EngineeringServicesManagerDashboards",
      "fullName": "EngineeringServicesManagerDashboards",
      "id": "00l3f000000kyqCAAQ",
      "lastModifiedById": "00541000004SyXBAA0",
      "lastModifiedByName": "Zack Patrick",
      "lastModifiedDate": "2020-04-03T15:25:37.000Z",
      "manageableState": "unmanaged",
      "type": "DashboardFolder"
    },
    {
      "createdById": "0053f00000145zgAAA",
      "createdByName": "Nathan Wylder",
      "createdDate": "2022-12-20T19:22:10.000Z",
      "fileName": "dashboards/LWCCaseTimer__PublicDashboards",
      "fullName": "LWCCaseTimer__PublicDashboards",
      "id": "00l540000015wBQAAY",
      "lastModifiedById": "0053f00000145zgAAA",
      "lastModifiedByName": "Nathan Wylder",
      "lastModifiedDate": "2022-12-20T19:22:10.000Z",
      "manageableState": "installed",
      "namespacePrefix": "LWCCaseTimer",
      "type": "DashboardFolder"
    },
    {
      "createdById": "0053f00000145zgAAA",
      "createdByName": "Nathan Wylder",
      "createdDate": "2021-03-04T22:13:08.000Z",
      "fileName": "dashboards/dsfs__DocuSign_Dashboard",
      "fullName": "dsfs__DocuSign_Dashboard",
      "id": "00l3f000000HpwFAAS",
      "lastModifiedById": "0053f00000145zgAAA",
      "lastModifiedByName": "Nathan Wylder",
      "lastModifiedDate": "2021-03-04T22:13:08.000Z",
      "manageableState": "installed",
      "namespacePrefix": "dsfs",
      "type": "DashboardFolder"
    },
    {
      "createdById": "00541000004SyXBAA0",
      "createdByName": "Zack Patrick",
      "createdDate": "2018-10-10T19:49:57.000Z",
      "fileName": "dashboards/ISE_Dashboards",
      "fullName": "ISE_Dashboards",
      "id": "00l41000001qIT7AAM",
      "lastModifiedById": "00541000004SyXBAA0",
      "lastModifiedByName": "Zack Patrick",
      "lastModifiedDate": "2018-10-10T19:49:57.000Z",
      "manageableState": "unmanaged",
      "type": "DashboardFolder"
    },
    {
      "createdById": "00541000004SyXBAA0",
      "createdByName": "Zack Patrick",
      "createdDate": "2020-02-26T20:55:56.000Z",
      "fileName": "dashboards/IPMDashboard",
      "fullName": "IPMDashboard",
      "id": "00l3f000000kylRAAQ",
      "lastModifiedById": "00541000004SyXBAA0",
      "lastModifiedByName": "Zack Patrick",
      "lastModifiedDate": "2020-02-26T20:55:56.000Z",
      "manageableState": "unmanaged",
      "type": "DashboardFolder"
    },
    {
      "createdById": "00541000003Aq3qAAC",
      "createdByName": "Jessica Deal",
      "createdDate": "2017-12-07T13:11:28.000Z",
      "fileName": "dashboards/Vendor_Dashboards",
      "fullName": "Vendor_Dashboards",
      "id": "00l41000001EEumAAG",
      "lastModifiedById": "00541000003Aq3qAAC",
      "lastModifiedByName": "Jessica Deal",
      "lastModifiedDate": "2017-12-07T13:11:28.000Z",
      "manageableState": "unmanaged",
      "type": "DashboardFolder"
    },
    {
      "createdById": "00541000003Aq3qAAC",
      "createdByName": "Jessica Deal",
      "createdDate": "2018-11-13T19:23:51.000Z",
      "fileName": "dashboards/National_Accounts_Dashboards",
      "fullName": "National_Accounts_Dashboards",
      "id": "00l41000001qL95AAE",
      "lastModifiedById": "00541000003Aq3qAAC",
      "lastModifiedByName": "Jessica Deal",
      "lastModifiedDate": "2018-11-13T19:23:51.000Z",
      "manageableState": "unmanaged",
      "type": "DashboardFolder"
    },
    {
      "createdById": "00541000004SyXBAA0",
      "createdByName": "Zack Patrick",
      "createdDate": "2022-02-17T18:31:23.000Z",
      "fileName": "dashboards/ESDesignToolDashboard",
      "fullName": "ESDesignToolDashboard",
      "id": "00l3f000000tOmbAAE",
      "lastModifiedById": "00541000004SyXBAA0",
      "lastModifiedByName": "Zack Patrick",
      "lastModifiedDate": "2022-02-17T18:31:23.000Z",
      "manageableState": "unmanaged",
      "type": "DashboardFolder"
    },
    {
      "createdById": "00541000004SyXBAA0",
      "createdByName": "Zack Patrick",
      "createdDate": "2020-09-22T15:10:53.000Z",
      "fileName": "dashboards/ADSMarketingDashboards",
      "fullName": "ADSMarketingDashboards",
      "id": "00l3f000000kzMxAAI",
      "lastModifiedById": "00541000004SyXBAA0",
      "lastModifiedByName": "Zack Patrick",
      "lastModifiedDate": "2020-09-22T15:10:53.000Z",
      "manageableState": "unmanaged",
      "type": "DashboardFolder"
    },
    {
      "createdById": "0052M000009fdwnQAA",
      "createdByName": "Devon Wood",
      "createdDate": "2022-07-20T20:40:22.000Z",
      "fileName": "dashboards/COE",
      "fullName": "COE",
      "id": "00l3f000000tP3hAAE",
      "lastModifiedById": "0052M000009fdwnQAA",
      "lastModifiedByName": "Devon Wood",
      "lastModifiedDate": "2022-07-20T20:40:22.000Z",
      "manageableState": "unmanaged",
      "type": "DashboardFolder"
    },
    {
      "createdById": "00541000004SyXBAA0",
      "createdByName": "Zack Patrick",
      "createdDate": "2018-03-30T13:41:08.000Z",
      "fileName": "dashboards/Storm_Sewer_Dashboards",
      "fullName": "Storm_Sewer_Dashboards",
      "id": "00l41000000HPOfAAO",
      "lastModifiedById": "00541000004SyXBAA0",
      "lastModifiedByName": "Zack Patrick",
      "lastModifiedDate": "2018-03-30T13:41:08.000Z",
      "manageableState": "unmanaged",
      "type": "DashboardFolder"
    },
    {
      "createdById": "00541000001bEDeAAM",
      "createdByName": "Eric Reo",
      "createdDate": "2016-12-22T15:47:21.000Z",
      "fileName": "dashboards/Sales_and_Marketing_Dashboards",
      "fullName": "Sales_and_Marketing_Dashboards",
      "id": "00l41000000iqDgAAI",
      "lastModifiedById": "00541000001bEDeAAM",
      "lastModifiedByName": "Eric Reo",
      "lastModifiedDate": "2016-12-22T15:47:21.000Z",
      "manageableState": "unmanaged",
      "type": "DashboardFolder"
    },
    {
      "createdById": "00541000003Aq3qAAC",
      "createdByName": "Jessica Deal",
      "createdDate": "2017-08-31T13:08:38.000Z",
      "fileName": "dashboards/Product_Manager_Dashboards",
      "fullName": "Product_Manager_Dashboards",
      "id": "00l41000001E3GzAAK",
      "lastModifiedById": "00541000003Aq3qAAC",
      "lastModifiedByName": "Jessica Deal",
      "lastModifiedDate": "2017-08-31T13:08:38.000Z",
      "manageableState": "unmanaged",
      "type": "DashboardFolder"
    },
    {
      "createdById": "00541000004SyXBAA0",
      "createdByName": "Zack Patrick",
      "createdDate": "2020-09-04T14:45:53.000Z",
      "fileName": "dashboards/FlexstormDashboard",
      "fullName": "FlexstormDashboard",
      "id": "00l3f000000kzJtAAI",
      "lastModifiedById": "00541000004SyXBAA0",
      "lastModifiedByName": "Zack Patrick",
      "lastModifiedDate": "2020-09-04T14:45:53.000Z",
      "manageableState": "unmanaged",
      "type": "DashboardFolder"
    },
    {
      "createdById": "00541000002RzpkAAC",
      "createdByName": "Sarah Labadie",
      "createdDate": "2017-06-07T18:05:17.000Z",
      "fileName": "dashboards/ADS_Inside_Sales_Rep_Dashboard",
      "fullName": "ADS_Inside_Sales_Rep_Dashboard",
      "id": "00l41000001FkUmAAK",
      "lastModifiedById": "00541000002RzpkAAC",
      "lastModifiedByName": "Sarah Labadie",
      "lastModifiedDate": "2017-06-07T20:28:29.000Z",
      "manageableState": "unmanaged",
      "type": "DashboardFolder"
    },
    {
      "createdById": "00541000003Aq3qAAC",
      "createdByName": "Jessica Deal",
      "createdDate": "2017-07-19T21:20:28.000Z",
      "fileName": "dashboards/N_12_Pricing_Performance_Dashboards",
      "fullName": "N_12_Pricing_Performance_Dashboards",
      "id": "00l41000001FrbUAAS",
      "lastModifiedById": "00541000003Aq3qAAC",
      "lastModifiedByName": "Jessica Deal",
      "lastModifiedDate": "2017-07-19T21:20:28.000Z",
      "manageableState": "unmanaged",
      "type": "DashboardFolder"
    }
  ]
}