{
  "status": 0,
  "result": [
    {
      "createdById": "0053f00000145zgAAA",
      "createdByName": "Nathan Wylder",
      "createdDate": "2021-04-03T00:21:55.000Z",
      "fileName": "documents/ADS_Public_Images",
      "fullName": "ADS_Public_Images",
      "id": "00l3f000000Hq4NAAS",
      "lastModifiedById": "0053f00000145zgAAA",
      "lastModifiedByName": "Nathan Wylder",
      "lastModifiedDate": "2021-04-03T00:21:55.000Z",
      "manageableState": "unmanaged",
      "type": "DocumentFolder"
    },
    {
      "createdById": "00541000002RzpjAAC",
      "createdByName": "Dylan Gerow",
      "createdDate": "2017-03-31T15:14:51.000Z",
      "fileName": "documents/SBQQ__SteelBrick_CPQ_Template_Resources",
      "fullName": "SBQQ__SteelBrick_CPQ_Template_Resources",
      "id": "00l41000000PHcCAAW",
      "lastModifiedById": "00541000002RzpjAAC",
      "lastModifiedByName": "Dylan Gerow",
      "lastModifiedDate": "2017-03-31T15:14:51.000Z",
      "manageableState": "installed",
      "namespacePrefix": "SBQQ",
      "type": "DocumentFolder"
    },
    {
      "createdById": "00541000003Aq3qAAC",
      "createdByName": "Jessica Deal",
      "createdDate": "2017-06-01T19:46:33.000Z",
      "fileName": "documents/Quote_Template_Documents",
      "fullName": "Quote_Template_Documents",
      "id": "00l41000001FjiHAAS",
      "lastModifiedById": "00541000003Aq3qAAC",
      "lastModifiedByName": "Jessica Deal",
      "lastModifiedDate": "2017-06-01T19:46:33.000Z",
      "manageableState": "unmanaged",
      "type": "DocumentFolder"
    },
    {
      "createdById": "00541000002RzpjAAC",
      "createdByName": "Dylan Gerow",
      "createdDate": "2017-03-31T15:14:51.000Z",
      "fileName": "documents/SBQQ__Salesforce_CPQ_Assets",
      "fullName": "SBQQ__Salesforce_CPQ_Assets",
      "id": "00l41000000PHc9AAG",
      "lastModifiedById": "00541000002RzpjAAC",
      "lastModifiedByName": "Dylan Gerow",
      "lastModifiedDate": "2017-03-31T15:14:51.000Z",
      "manageableState": "installed",
      "namespacePrefix": "SBQQ",
      "type": "DocumentFolder"
    },
    {
      "createdById": "00541000001bEDeAAM",
      "createdByName": "Eric Reo",
      "createdDate": "2016-12-22T15:47:21.000Z",
      "fileName": "documents/SalesTools",
      "fullName": "SalesTools",
      "id": "00l41000000iqDMAAY",
      "lastModifiedById": "00541000001bEDeAAM",
      "lastModifiedByName": "Eric Reo",
      "lastModifiedDate": "2016-12-22T15:47:21.000Z",
      "manageableState": "unmanaged",
      "type": "DocumentFolder"
    },
    {
      "createdById": "0053f00000145zgAAA",
      "createdByName": "Nathan Wylder",
      "createdDate": "2020-02-07T15:36:36.000Z",
      "fileName": "documents/pi__Sales_Edge_Documents",
      "fullName": "pi__Sales_Edge_Documents",
      "id": "00l3f000000kyjgAAA",
      "lastModifiedById": "0053f00000145zgAAA",
      "lastModifiedByName": "Nathan Wylder",
      "lastModifiedDate": "2020-02-07T15:36:36.000Z",
      "manageableState": "installed",
      "namespacePrefix": "pi",
      "type": "DocumentFolder"
    },
    {
      "createdById": "00541000002RzpjAAC",
      "createdByName": "Dylan Gerow",
      "createdDate": "2017-03-31T15:14:51.000Z",
      "fileName": "documents/SBQQ__SteelBrick_CPQ_Documentation",
      "fullName": "SBQQ__SteelBrick_CPQ_Documentation",
      "id": "00l41000000PHcBAAW",
      "lastModifiedById": "00541000002RzpjAAC",
      "lastModifiedByName": "Dylan Gerow",
      "lastModifiedDate": "2017-03-31T15:14:51.000Z",
      "manageableState": "installed",
      "namespacePrefix": "SBQQ",
      "type": "DocumentFolder"
    },
    {
      "createdById": "00541000002RzpjAAC",
      "createdByName": "Dylan Gerow",
      "createdDate": "2017-03-31T15:14:51.000Z",
      "fileName": "documents/SBQQ__Quotes",
      "fullName": "SBQQ__Quotes",
      "id": "00l41000000PHc8AAG",
      "lastModifiedById": "00541000002RzpjAAC",
      "lastModifiedByName": "Dylan Gerow",
      "lastModifiedDate": "2017-03-31T15:14:51.000Z",
      "manageableState": "installed",
      "namespacePrefix": "SBQQ",
      "type": "DocumentFolder"
    },
    {
      "createdById": "0053f00000145zgAAA",
      "createdByName": "Nathan Wylder",
      "createdDate": "2021-03-04T22:13:11.000Z",
      "fileName": "documents/dsfs__DocuSign_Images",
      "fullName": "dsfs__DocuSign_Images",
      "id": "00l3f000000HpwGAAS",
      "lastModifiedById": "0053f00000145zgAAA",
      "lastModifiedByName": "Nathan Wylder",
      "lastModifiedDate": "2021-03-04T22:13:11.000Z",
      "manageableState": "installed",
      "namespacePrefix": "dsfs",
      "type": "DocumentFolder"
    },
    {
      "createdById": "00541000004SyXBAA0",
      "createdByName": "Zack Patrick",
      "createdDate": "2020-02-24T15:40:41.000Z",
      "fileName": "documents/Public_Documents_Sales",
      "fullName": "Public_Documents_Sales",
      "id": "00l3f000000kylCAAQ",
      "lastModifiedById": "00541000004SyXBAA0",
      "lastModifiedByName": "Zack Patrick",
      "lastModifiedDate": "2020-02-24T15:40:41.000Z",
      "manageableState": "unmanaged",
      "type": "DocumentFolder"
    },
    {
      "createdById": "00541000004SMkpAAG",
      "createdByName": "SFDC Support",
      "createdDate": "2018-04-24T21:25:40.000Z",
      "fileName": "documents/rh2__Public_Images",
      "fullName": "rh2__Public_Images",
      "id": "00l41000001ly3bAAA",
      "lastModifiedById": "00541000004SMkpAAG",
      "lastModifiedByName": "SFDC Support",
      "lastModifiedDate": "2018-04-24T21:25:40.000Z",
      "manageableState": "installed",
      "namespacePrefix": "rh2",
      "type": "DocumentFolder"
    },
    {
      "createdById": "00541000001bEDeAAM",
      "createdByName": "Eric Reo",
      "createdDate": "2016-12-22T15:47:21.000Z",
      "fileName": "documents/SharedDocuments",
      "fullName": "SharedDocuments",
      "id": "00l41000000iqDLAAY",
      "lastModifiedById": "00541000001bEDeAAM",
      "lastModifiedByName": "Eric Reo",
      "lastModifiedDate": "2016-12-22T15:47:21.000Z",
      "manageableState": "unmanaged",
      "type": "DocumentFolder"
    },
    {
      "createdById": "0053f0000016G9aAAE",
      "createdByName": "Levi Kurtright",
      "createdDate": "2020-11-19T15:23:29.000Z",
      "fileName": "documents/sbaa__Salesforce_CPQ_AA_Assets",
      "fullName": "sbaa__Salesforce_CPQ_AA_Assets",
      "id": "00l3f000000kzWyAAI",
      "lastModifiedById": "0053f0000016G9aAAE",
      "lastModifiedByName": "Levi Kurtright",
      "lastModifiedDate": "2020-11-19T15:23:29.000Z",
      "manageableState": "installed",
      "namespacePrefix": "sbaa",
      "type": "DocumentFolder"
    },
    {
      "createdById": "00541000002RzpjAAC",
      "createdByName": "Dylan Gerow",
      "createdDate": "2017-03-31T15:14:51.000Z",
      "fileName": "documents/SBQQ__SteelBrick_Assets",
      "fullName": "SBQQ__SteelBrick_Assets",
      "id": "00l41000000PHcAAAW",
      "lastModifiedById": "00541000002RzpjAAC",
      "lastModifiedByName": "Dylan Gerow",
      "lastModifiedDate": "2017-03-31T15:14:51.000Z",
      "manageableState": "installed",
      "namespacePrefix": "SBQQ",
      "type": "DocumentFolder"
    },
    {
      "createdById": "0053f00000145zgAAA",
      "createdByName": "Nathan Wylder",
      "createdDate": "2020-02-07T15:36:36.000Z",
      "fileName": "documents/pi__ProspectInsight",
      "fullName": "pi__ProspectInsight",
      "id": "00l3f000000kyjfAAA",
      "lastModifiedById": "0053f00000145zgAAA",
      "lastModifiedByName": "Nathan Wylder",
      "lastModifiedDate": "2020-02-07T15:36:36.000Z",
      "manageableState": "installed",
      "namespacePrefix": "pi",
      "type": "DocumentFolder"
    }
  ]
}