{
  "status": 0,
  "result": [
    {
      "createdById": "0053f00000145zgAAA",
      "createdByName": "Nathan Wylder",
      "createdDate": "2021-04-03T00:21:55.000Z",
      "fileName": "documents/ADS_Public_Images/ADS_Sync_Success_Icon.png",
      "fullName": "ADS_Public_Images/ADS_Sync_Success_Icon.png",
      "id": "0153f0000005KRUAA2",
      "lastModifiedById": "0053f00000145zgAAA",
      "lastModifiedByName": "Nathan Wylder",
      "lastModifiedDate": "2021-04-03T00:21:55.000Z",
      "manageableState": "unmanaged",
      "type": "Document"
    },
    {
      "createdById": "0053f00000145zgAAA",
      "createdByName": "Nathan Wylder",
      "createdDate": "2021-04-03T00:21:55.000Z",
      "fileName": "documents/ADS_Public_Images/ADS_Sync_Failure_Icon.png",
      "fullName": "ADS_Public_Images/ADS_Sync_Failure_Icon.png",
      "id": "0153f0000005KRTAA2",
      "lastModifiedById": "0053f00000145zgAAA",
      "lastModifiedByName": "Nathan Wylder",
      "lastModifiedDate": "2021-04-03T00:21:55.000Z",
      "manageableState": "unmanaged",
      "type": "Document"
    },
    {
      "createdById": "0053f00000145zgAAA",
      "createdByName": "Nathan Wylder",
      "createdDate": "2021-04-03T00:21:55.000Z",
      "fileName": "documents/ADS_Public_Images/ADS_Not_yet_Sync_Icon.png",
      "fullName": "ADS_Public_Images/ADS_Not_yet_Sync_Icon.png",
      "id": "0153f0000005KRSAA2",
      "lastModifiedById": "0053f00000145zgAAA",
      "lastModifiedByName": "Nathan Wylder",
      "lastModifiedDate": "2021-04-03T00:21:55.000Z",
      "manageableState": "unmanaged",
      "type": "Document"
    }
  ]
}