{
  "status": 0,
  "result": [
    {
      "createdById": "0053f000000U5CCAA0",
      "createdByName": "Pooja Dendukoori",
      "createdDate": "2021-09-28T03:51:47.000Z",
      "fileName": "duplicateRules/Lead.Duplicate_Scan_to_Salesforce_Lead.duplicateRule",
      "fullName": "Lead.Duplicate_Scan_to_Salesforce_Lead",
      "id": "0Bm3f0000008OK6CAM",
      "lastModifiedById": "0053f000000U5CCAA0",
      "lastModifiedByName": "Pooja Dendukoori",
      "lastModifiedDate": "2021-09-28T03:58:33.000Z",
      "manageableState": "unmanaged",
      "type": "DuplicateRule"
    },
    {
      "createdById": "00541000000jJabAAE",
      "createdByName": "Automated Process",
      "createdDate": "2017-06-11T05:08:30.000Z",
      "fileName": "duplicateRules/Lead.Standard_Rule_for_Leads_with_Duplicate_Contacts.duplicateRule",
      "fullName": "Lead.Standard_Rule_for_Leads_with_Duplicate_Contacts",
      "id": "0Bm41000003SNSVCA4",
      "lastModifiedById": "00541000000jJabAAE",
      "lastModifiedByName": "Automated Process",
      "lastModifiedDate": "2017-06-11T05:08:30.000Z",
      "manageableState": "unmanaged",
      "type": "DuplicateRule"
    },
    {
      "createdById": "00541000003Aq3qAAC",
      "createdByName": "Jessica Deal",
      "createdDate": "2017-06-01T19:49:28.000Z",
      "fileName": "duplicateRules/Account.Duplicate_Account.duplicateRule",
      "fullName": "Account.Duplicate_Account",
      "id": "0Bm41000003SEb1CAG",
      "lastModifiedById": "00541000004SyXBAA0",
      "lastModifiedByName": "Zack Patrick",
      "lastModifiedDate": "2021-04-07T19:49:14.000Z",
      "manageableState": "unmanaged",
      "type": "DuplicateRule"
    },
    {
      "createdById": "00541000000jJabAAE",
      "createdByName": "Automated Process",
      "createdDate": "2017-06-11T05:08:33.000Z",
      "fileName": "duplicateRules/Contact.Standard_Rule_for_Contacts_with_Duplicate_Leads.duplicateRule",
      "fullName": "Contact.Standard_Rule_for_Contacts_with_Duplicate_Leads",
      "id": "0Bm41000003SNSWCA4",
      "lastModifiedById": "0053f00000145zgAAA",
      "lastModifiedByName": "Nathan Wylder",
      "lastModifiedDate": "2020-01-30T18:34:33.000Z",
      "manageableState": "unmanaged",
      "type": "DuplicateRule"
    },
    {
      "createdById": "00541000003Aq3qAAC",
      "createdByName": "Jessica Deal",
      "createdDate": "2017-06-01T19:49:28.000Z",
      "fileName": "duplicateRules/Contact.Duplicate_Contact.duplicateRule",
      "fullName": "Contact.Duplicate_Contact",
      "id": "0Bm41000003SEb2CAG",
      "lastModifiedById": "0053f00000145zgAAA",
      "lastModifiedByName": "Nathan Wylder",
      "lastModifiedDate": "2020-01-30T18:30:26.000Z",
      "manageableState": "unmanaged",
      "type": "DuplicateRule"
    },
    {
      "createdById": "0053f00000145zgAAA",
      "createdByName": "Nathan Wylder",
      "createdDate": "2020-01-30T18:32:44.000Z",
      "fileName": "duplicateRules/Contact.The_standard_contact_duplicate_rule.duplicateRule",
      "fullName": "Contact.The_standard_contact_duplicate_rule",
      "id": "0Bm3f000000KyjBCAS",
      "lastModifiedById": "0053f00000145zgAAA",
      "lastModifiedByName": "Nathan Wylder",
      "lastModifiedDate": "2020-01-30T18:34:33.000Z",
      "manageableState": "unmanaged",
      "type": "DuplicateRule"
    }
  ]
}