{
  "status": 0,
  "result": [
    {
      "createdById": "00541000003Aq3qAAC",
      "createdByName": "Jessica Deal",
      "createdDate": "2017-06-01T19:46:33.000Z",
      "fileName": "email/ADS_Support",
      "fullName": "ADS_Support",
      "id": "00l41000001FjiKAAS",
      "lastModifiedById": "00541000003Aq3qAAC",
      "lastModifiedByName": "Jessica Deal",
      "lastModifiedDate": "2017-06-01T19:46:33.000Z",
      "manageableState": "unmanaged",
      "type": "EmailFolder"
    },
    {
      "createdById": "0053f000000qKaxAAE",
      "createdByName": "Rajasekhar Vempati",
      "createdDate": "1970-01-01T00:00:00.000Z",
      "fileName": "unfiled$public",
      "fullName": "unfiled$public",
      "id": "",
      "lastModifiedById": "0053f000000qKaxAAE",
      "lastModifiedByName": "Rajasekhar Vempati",
      "lastModifiedDate": "1970-01-01T00:00:00.000Z",
      "manageableState": "unmanaged",
      "namespacePrefix": "",
      "type": "EmailFolder"
    },
    {
      "createdById": "00541000003Aq3qAAC",
      "createdByName": "Jessica Deal",
      "createdDate": "2018-05-30T17:54:29.000Z",
      "fileName": "email/ADS_Marketing",
      "fullName": "ADS_Marketing",
      "id": "00l41000001lyuWAAQ",
      "lastModifiedById": "00541000003Aq3qAAC",
      "lastModifiedByName": "Jessica Deal",
      "lastModifiedDate": "2018-05-30T17:54:29.000Z",
      "manageableState": "unmanaged",
      "type": "EmailFolder"
    },
    {
      "createdById": "00541000003Aq3qAAC",
      "createdByName": "Jessica Deal",
      "createdDate": "2017-06-01T19:46:33.000Z",
      "fileName": "email/ADS_Service",
      "fullName": "ADS_Service",
      "id": "00l41000001FjiJAAS",
      "lastModifiedById": "00541000003Aq3qAAC",
      "lastModifiedByName": "Jessica Deal",
      "lastModifiedDate": "2017-06-01T19:46:33.000Z",
      "manageableState": "unmanaged",
      "type": "EmailFolder"
    },
    {
      "createdById": "0053f000000Ze23AAC",
      "createdByName": "Will Burke",
      "createdDate": "2019-09-13T23:38:25.000Z",
      "fileName": "email/Support_Case_Templates",
      "fullName": "Support_Case_Templates",
      "id": "00l3f000000kyJEAAY",
      "lastModifiedById": "0053f000000Ze23AAC",
      "lastModifiedByName": "Will Burke",
      "lastModifiedDate": "2019-09-13T23:38:25.000Z",
      "manageableState": "unmanaged",
      "type": "EmailFolder"
    },
    {
      "createdById": "00541000003Aq3qAAC",
      "createdByName": "Jessica Deal",
      "createdDate": "2017-06-01T19:46:33.000Z",
      "fileName": "email/ADS_Sales",
      "fullName": "ADS_Sales",
      "id": "00l41000001FjiIAAS",
      "lastModifiedById": "00541000003Aq3qAAC",
      "lastModifiedByName": "Jessica Deal",
      "lastModifiedDate": "2017-06-01T19:46:33.000Z",
      "manageableState": "unmanaged",
      "type": "EmailFolder"
    }
  ]
}