{
  "status": 0,
  "result": [
    {
      "createdById": "0053f000000Ze23AAC",
      "createdByName": "Will Burke",
      "createdDate": "2019-09-13T23:39:00.000Z",
      "fileName": "entitlementProcesses/support case process_v1.entitlementProcess",
      "fullName": "support case process_v1",
      "id": "5523f000000000uAAA",
      "lastModifiedById": "00541000004SyXBAA0",
      "lastModifiedByName": "Zack Patrick",
      "lastModifiedDate": "2020-08-13T18:02:33.000Z",
      "type": "EntitlementProcess"
    },
    {
      "createdById": "00541000004SyXBAA0",
      "createdByName": "Zack Patrick",
      "createdDate": "2023-01-31T15:57:58.000Z",
      "fileName": "entitlementProcesses/engineering services sla_v2.entitlementProcess",
      "fullName": "engineering services sla_v2",
      "id": "55254000001Q5rgAAC",
      "lastModifiedById": "00541000004SyXBAA0",
      "lastModifiedByName": "Zack Patrick",
      "lastModifiedDate": "2023-02-01T19:28:57.000Z",
      "type": "EntitlementProcess"
    },
    {
      "createdById": "005410000064gGzAAI",
      "createdByName": "Daniel Adler",
      "createdDate": "2018-07-09T21:19:08.000Z",
      "fileName": "entitlementProcesses/standard case response_v1.entitlementProcess",
      "fullName": "standard case response_v1",
      "id": "55241000000fxguAAA",
      "lastModifiedById": "00541000004SyXBAA0",
      "lastModifiedByName": "Zack Patrick",
      "lastModifiedDate": "2023-01-24T19:07:32.000Z",
      "type": "EntitlementProcess"
    },
    {
      "createdById": "00541000004SyXBAA0",
      "createdByName": "Zack Patrick",
      "createdDate": "2023-01-24T17:45:05.000Z",
      "fileName": "entitlementProcesses/engineering services sla_v1.entitlementProcess",
      "fullName": "engineering services sla_v1",
      "id": "55254000001Q4zvAAC",
      "lastModifiedById": "00541000004SyXBAA0",
      "lastModifiedByName": "Zack Patrick",
      "lastModifiedDate": "2023-01-31T16:29:16.000Z",
      "type": "EntitlementProcess"
    },
    {
      "createdById": "00541000004SyXBAA0",
      "createdByName": "Zack Patrick",
      "createdDate": "2023-02-01T19:29:10.000Z",
      "fileName": "entitlementProcesses/engineering services sla_v3.entitlementProcess",
      "fullName": "engineering services sla_v3",
      "id": "55254000001Q5vtAAC",
      "lastModifiedById": "00541000004SyXBAA0",
      "lastModifiedByName": "Zack Patrick",
      "lastModifiedDate": "2023-02-01T19:36:54.000Z",
      "type": "EntitlementProcess"
    }
  ]
}