{
  "status": 0,
  "result": [
    {
      "createdById": "00541000003Aq3qAAC",
      "createdByName": "Jessica Deal",
      "createdDate": "2018-03-21T15:34:42.000Z",
      "fileName": "flexipages/Sales_Rep_Profile_Homepage.flexipage",
      "fullName": "Sales_Rep_Profile_Homepage",
      "id": "0M041000000LyBWCA0",
      "lastModifiedById": "00541000004SyXBAA0",
      "lastModifiedByName": "Zack Patrick",
      "lastModifiedDate": "2022-03-17T19:40:51.000Z",
      "manageableState": "unmanaged",
      "type": "FlexiPage"
    },
    {
      "createdById": "00541000003Aq3qAAC",
      "createdByName": "Jessica Deal",
      "createdDate": "2017-06-01T19:46:45.000Z",
      "fileName": "flexipages/Home_Page_Default.flexipage",
      "fullName": "Home_Page_Default",
      "id": "0M041000000HgO6CAK",
      "lastModifiedById": "0053f00000145zgAAA",
      "lastModifiedByName": "Nathan Wylder",
      "lastModifiedDate": "2023-01-20T22:37:29.000Z",
      "manageableState": "unmanaged",
      "type": "FlexiPage"
    },
    {
      "createdById": "0053f00000145zgAAA",
      "createdByName": "Nathan Wylder",
      "createdDate": "2022-12-20T19:22:12.000Z",
      "fileName": "flexipages/LWCCaseTimer__Session_Time_Layout.flexipage",
      "fullName": "LWCCaseTimer__Session_Time_Layout",
      "id": "0M0540000013eeNCAQ",
      "lastModifiedById": "0053f00000145zgAAA",
      "lastModifiedByName": "Nathan Wylder",
      "lastModifiedDate": "2022-12-20T19:22:12.000Z",
      "manageableState": "installed",
      "namespacePrefix": "LWCCaseTimer",
      "type": "FlexiPage"
    },
    {
      "createdById": "00541000003Aq3qAAC",
      "createdByName": "Jessica Deal",
      "createdDate": "2017-06-01T19:46:40.000Z",
      "fileName": "flexipages/ADS_Service_Console_UtilityBar.flexipage",
      "fullName": "ADS_Service_Console_UtilityBar",
      "id": "0M041000000HgO1CAK",
      "lastModifiedById": "00541000003Aq3qAAC",
      "lastModifiedByName": "Jessica Deal",
      "lastModifiedDate": "2017-06-01T19:46:40.000Z",
      "manageableState": "unmanaged",
      "type": "FlexiPage"
    },
    {
      "createdById": "00541000003Aq3qAAC",
      "createdByName": "Jessica Deal",
      "createdDate": "2019-03-29T15:06:06.000Z",
      "fileName": "flexipages/Quality_Feedback_Record_Page2.flexipage",
      "fullName": "Quality_Feedback_Record_Page2",
      "id": "0M02M00000017mhSAA",
      "lastModifiedById": "00541000004SyXBAA0",
      "lastModifiedByName": "Zack Patrick",
      "lastModifiedDate": "2020-06-19T12:52:56.000Z",
      "manageableState": "unmanaged",
      "type": "FlexiPage"
    },
    {
      "createdById": "0053f0000016G9aAAE",
      "createdByName": "Levi Kurtright",
      "createdDate": "2020-12-11T15:01:57.000Z",
      "fileName": "flexipages/AXIA_AdvancedApprovals1.flexipage",
      "fullName": "AXIA_AdvancedApprovals1",
      "id": "0M03f0000008OiaCAE",
      "lastModifiedById": "0053f0000016G9aAAE",
      "lastModifiedByName": "Levi Kurtright",
      "lastModifiedDate": "2020-12-11T15:01:57.000Z",
      "manageableState": "unmanaged",
      "type": "FlexiPage"
    },
    {
      "createdById": "00541000003Aq3qAAC",
      "createdByName": "Jessica Deal",
      "createdDate": "2017-06-01T19:46:46.000Z",
      "fileName": "flexipages/Project_Record_Page.flexipage",
      "fullName": "Project_Record_Page",
      "id": "0M041000000HgO8CAK",
      "lastModifiedById": "0053f00000145zgAAA",
      "lastModifiedByName": "Nathan Wylder",
      "lastModifiedDate": "2021-04-07T00:50:38.000Z",
      "manageableState": "unmanaged",
      "type": "FlexiPage"
    },
    {
      "createdById": "0053f0000016G9aAAE",
      "createdByName": "Levi Kurtright",
      "createdDate": "2020-12-12T17:54:34.000Z",
      "fileName": "flexipages/AXIA_AdvancedApprovals3.flexipage",
      "fullName": "AXIA_AdvancedApprovals3",
      "id": "0M03f0000008OizCAE",
      "lastModifiedById": "0053f0000016G9aAAE",
      "lastModifiedByName": "Levi Kurtright",
      "lastModifiedDate": "2020-12-12T17:54:34.000Z",
      "manageableState": "unmanaged",
      "type": "FlexiPage"
    },
    {
      "createdById": "0053f00000145zgAAA",
      "createdByName": "Nathan Wylder",
      "createdDate": "2022-12-12T17:27:35.000Z",
      "fileName": "flexipages/Cultec_UtilityBar.flexipage",
      "fullName": "Cultec_UtilityBar",
      "id": "0M0540000013eYXCAY",
      "lastModifiedById": "0053f00000145zgAAA",
      "lastModifiedByName": "Nathan Wylder",
      "lastModifiedDate": "2022-12-12T17:27:35.000Z",
      "manageableState": "unmanaged",
      "type": "FlexiPage"
    },
    {
      "createdById": "00541000001bEDeAAM",
      "createdByName": "Eric Reo",
      "createdDate": "2017-02-11T20:18:04.000Z",
      "fileName": "flexipages/LightningSalesConsole_UtilityBar.flexipage",
      "fullName": "LightningSalesConsole_UtilityBar",
      "id": "0M041000000Cw1UCAS",
      "lastModifiedById": "00541000000jJabAAE",
      "lastModifiedByName": "Automated Process",
      "lastModifiedDate": "2023-02-11T19:12:51.000Z",
      "manageableState": "unmanaged",
      "type": "FlexiPage"
    },
    {
      "createdById": "00541000003Aq3qAAC",
      "createdByName": "Jessica Deal",
      "createdDate": "2017-06-01T19:46:41.000Z",
      "fileName": "flexipages/Account_Record_Page.flexipage",
      "fullName": "Account_Record_Page",
      "id": "0M041000000HgO2CAK",
      "lastModifiedById": "00541000004SyXBAA0",
      "lastModifiedByName": "Zack Patrick",
      "lastModifiedDate": "2022-09-13T14:01:40.000Z",
      "manageableState": "unmanaged",
      "type": "FlexiPage"
    },
    {
      "createdById": "00541000003Aq3qAAC",
      "createdByName": "Jessica Deal",
      "createdDate": "2018-01-16T18:04:55.000Z",
      "fileName": "flexipages/Approval_Record_Page.flexipage",
      "fullName": "Approval_Record_Page",
      "id": "0M0410000000vGpCAI",
      "lastModifiedById": "00541000004SyXBAA0",
      "lastModifiedByName": "Zack Patrick",
      "lastModifiedDate": "2020-08-24T18:31:07.000Z",
      "manageableState": "unmanaged",
      "type": "FlexiPage"
    },
    {
      "createdById": "0053f0000016G9aAAE",
      "createdByName": "Levi Kurtright",
      "createdDate": "2020-12-10T00:08:30.000Z",
      "fileName": "flexipages/Approval_Rule_Record_Page.flexipage",
      "fullName": "Approval_Rule_Record_Page",
      "id": "0M03f0000008OhSCAU",
      "lastModifiedById": "0053f0000016G9aAAE",
      "lastModifiedByName": "Levi Kurtright",
      "lastModifiedDate": "2020-12-10T00:08:30.000Z",
      "manageableState": "unmanaged",
      "type": "FlexiPage"
    },
    {
      "createdById": "0053f00000145zgAAA",
      "createdByName": "Nathan Wylder",
      "createdDate": "2022-12-13T21:23:29.000Z",
      "fileName": "flexipages/Form_Submission_Record_Page.flexipage",
      "fullName": "Form_Submission_Record_Page",
      "id": "0M0540000013eZCCAY",
      "lastModifiedById": "0053f00000145zgAAA",
      "lastModifiedByName": "Nathan Wylder",
      "lastModifiedDate": "2023-01-04T20:33:08.000Z",
      "manageableState": "unmanaged",
      "type": "FlexiPage"
    },
    {
      "createdById": "00541000003Aq3qAAC",
      "createdByName": "Jessica Deal",
      "createdDate": "2017-06-01T19:46:44.000Z",
      "fileName": "flexipages/Engineering_Services_Homepage.flexipage",
      "fullName": "Engineering_Services_Homepage",
      "id": "0M041000000HgO5CAK",
      "lastModifiedById": "00541000003Aq3qAAC",
      "lastModifiedByName": "Jessica Deal",
      "lastModifiedDate": "2017-07-10T21:12:35.000Z",
      "manageableState": "unmanaged",
      "type": "FlexiPage"
    },
    {
      "createdById": "00541000003Aq3qAAC",
      "createdByName": "Jessica Deal",
      "createdDate": "2019-09-30T15:58:06.000Z",
      "fileName": "flexipages/Campaign_Record_Page.flexipage",
      "fullName": "Campaign_Record_Page",
      "id": "0M03f0000008OK1CAM",
      "lastModifiedById": "00541000004SyXBAA0",
      "lastModifiedByName": "Zack Patrick",
      "lastModifiedDate": "2019-12-04T21:21:40.000Z",
      "manageableState": "unmanaged",
      "type": "FlexiPage"
    },
    {
      "createdById": "00541000003Aq3qAAC",
      "createdByName": "Jessica Deal",
      "createdDate": "2017-06-01T19:46:50.000Z",
      "fileName": "flexipages/Quote_Document_Record_Page.flexipage",
      "fullName": "Quote_Document_Record_Page",
      "id": "0M041000000HgOCCA0",
      "lastModifiedById": "00541000003Aq3qAAC",
      "lastModifiedByName": "Jessica Deal",
      "lastModifiedDate": "2017-06-01T19:46:50.000Z",
      "manageableState": "unmanaged",
      "type": "FlexiPage"
    },
    {
      "createdById": "00541000004SyXBAA0",
      "createdByName": "Zack Patrick",
      "createdDate": "2020-10-22T17:12:55.000Z",
      "fileName": "flexipages/Field_Visibility_Dashboard_Home_Page.flexipage",
      "fullName": "Field_Visibility_Dashboard_Home_Page",
      "id": "0M03f0000008OdGCAU",
      "lastModifiedById": "0053f0000016G9aAAE",
      "lastModifiedByName": "Levi Kurtright",
      "lastModifiedDate": "2020-12-12T01:57:29.000Z",
      "manageableState": "unmanaged",
      "type": "FlexiPage"
    },
    {
      "createdById": "0053f00000145zgAAA",
      "createdByName": "Nathan Wylder",
      "createdDate": "2021-04-06T18:52:07.000Z",
      "fileName": "flexipages/dlrs__LookupRollupSummariesHome.flexipage",
      "fullName": "dlrs__LookupRollupSummariesHome",
      "id": "0M03f00000000CRCAY",
      "lastModifiedById": "0053f00000145zgAAA",
      "lastModifiedByName": "Nathan Wylder",
      "lastModifiedDate": "2021-04-06T18:52:07.000Z",
      "manageableState": "installed",
      "namespacePrefix": "dlrs",
      "type": "FlexiPage"
    },
    {
      "createdById": "005410000064gGzAAI",
      "createdByName": "Daniel Adler",
      "createdDate": "2018-07-09T21:50:24.000Z",
      "fileName": "flexipages/Entitlement_Record_Page.flexipage",
      "fullName": "Entitlement_Record_Page",
      "id": "0M041000000XdrdCAC",
      "lastModifiedById": "005410000064gGzAAI",
      "lastModifiedByName": "Daniel Adler",
      "lastModifiedDate": "2018-07-09T21:50:24.000Z",
      "manageableState": "unmanaged",
      "type": "FlexiPage"
    },
    {
      "createdById": "00541000003Aq3qAAC",
      "createdByName": "Jessica Deal",
      "createdDate": "2017-06-01T19:46:50.000Z",
      "fileName": "flexipages/Quote_Document_Record_Page1.flexipage",
      "fullName": "Quote_Document_Record_Page1",
      "id": "0M041000000HgODCA0",
      "lastModifiedById": "00541000003Aq3qAAC",
      "lastModifiedByName": "Jessica Deal",
      "lastModifiedDate": "2017-06-01T19:46:50.000Z",
      "manageableState": "unmanaged",
      "type": "FlexiPage"
    },
    {
      "createdById": "00541000003Aq3qAAC",
      "createdByName": "Jessica Deal",
      "createdDate": "2017-06-01T19:46:43.000Z",
      "fileName": "flexipages/Case_Record_Page.flexipage",
      "fullName": "Case_Record_Page",
      "id": "0M041000000HgO3CAK",
      "lastModifiedById": "00541000004SyXBAA0",
      "lastModifiedByName": "Zack Patrick",
      "lastModifiedDate": "2023-01-24T19:38:09.000Z",
      "manageableState": "unmanaged",
      "type": "FlexiPage"
    },
    {
      "createdById": "0053f00000145zgAAA",
      "createdByName": "Nathan Wylder",
      "createdDate": "2021-03-04T22:13:12.000Z",
      "fileName": "flexipages/dsfs__EnvelopeConfiguration.flexipage",
      "fullName": "dsfs__EnvelopeConfiguration",
      "id": "0M03f000000008jCAA",
      "lastModifiedById": "0053f00000145zgAAA",
      "lastModifiedByName": "Nathan Wylder",
      "lastModifiedDate": "2021-03-04T22:13:12.000Z",
      "manageableState": "installed",
      "namespacePrefix": "dsfs",
      "type": "FlexiPage"
    },
    {
      "createdById": "00541000003Aq3qAAC",
      "createdByName": "Jessica Deal",
      "createdDate": "2017-06-01T19:46:56.000Z",
      "fileName": "flexipages/Support_Record_Page.flexipage",
      "fullName": "Support_Record_Page",
      "id": "0M041000000HgOFCA0",
      "lastModifiedById": "00541000003Aq3qAAC",
      "lastModifiedByName": "Jessica Deal",
      "lastModifiedDate": "2017-06-01T19:46:56.000Z",
      "manageableState": "unmanaged",
      "type": "FlexiPage"
    },
    {
      "createdById": "00541000003Aq3qAAC",
      "createdByName": "Jessica Deal",
      "createdDate": "2019-07-10T14:57:12.000Z",
      "fileName": "flexipages/Template_Record_Page.flexipage",
      "fullName": "Template_Record_Page",
      "id": "0M02M000000M6pSSAS",
      "lastModifiedById": "00541000003Aq3qAAC",
      "lastModifiedByName": "Jessica Deal",
      "lastModifiedDate": "2019-07-10T15:22:19.000Z",
      "manageableState": "unmanaged",
      "type": "FlexiPage"
    },
    {
      "createdById": "00541000004SyXBAA0",
      "createdByName": "Zack Patrick",
      "createdDate": "2021-11-03T15:26:05.000Z",
      "fileName": "flexipages/Task_Record_Page.flexipage",
      "fullName": "Task_Record_Page",
      "id": "0M03f000000PBayCAG",
      "lastModifiedById": "00541000004SyXBAA0",
      "lastModifiedByName": "Zack Patrick",
      "lastModifiedDate": "2021-11-03T15:30:51.000Z",
      "manageableState": "unmanaged",
      "type": "FlexiPage"
    },
    {
      "createdById": "00541000004SyXBAA0",
      "createdByName": "Zack Patrick",
      "createdDate": "2023-01-26T15:51:43.000Z",
      "fileName": "flexipages/Competitive_Pricing_Record_Page.flexipage",
      "fullName": "Competitive_Pricing_Record_Page",
      "id": "0M0540000013f78CAA",
      "lastModifiedById": "00541000004SyXBAA0",
      "lastModifiedByName": "Zack Patrick",
      "lastModifiedDate": "2023-01-26T15:51:43.000Z",
      "manageableState": "unmanaged",
      "type": "FlexiPage"
    },
    {
      "createdById": "00541000004SyXBAA0",
      "createdByName": "Zack Patrick",
      "createdDate": "2021-04-21T14:30:48.000Z",
      "fileName": "flexipages/Order_Record_Page.flexipage",
      "fullName": "Order_Record_Page",
      "id": "0M03f00000000ESCAY",
      "lastModifiedById": "00541000004SyXBAA0",
      "lastModifiedByName": "Zack Patrick",
      "lastModifiedDate": "2021-04-21T14:32:04.000Z",
      "manageableState": "unmanaged",
      "type": "FlexiPage"
    },
    {
      "createdById": "00541000003Aq3qAAC",
      "createdByName": "Jessica Deal",
      "createdDate": "2017-06-01T19:46:48.000Z",
      "fileName": "flexipages/Project_Review_Form_Record_Page1.flexipage",
      "fullName": "Project_Review_Form_Record_Page1",
      "id": "0M041000000HgOACA0",
      "lastModifiedById": "00541000003Aq3qAAC",
      "lastModifiedByName": "Jessica Deal",
      "lastModifiedDate": "2017-06-01T19:46:48.000Z",
      "manageableState": "unmanaged",
      "type": "FlexiPage"
    },
    {
      "createdById": "00541000003Aq3qAAC",
      "createdByName": "Jessica Deal",
      "createdDate": "2019-01-30T23:18:16.000Z",
      "fileName": "flexipages/GM_Yield_Analysis_Record_Page.flexipage",
      "fullName": "GM_Yield_Analysis_Record_Page",
      "id": "0M02M000000QSiWSAW",
      "lastModifiedById": "00541000003Aq3qAAC",
      "lastModifiedByName": "Jessica Deal",
      "lastModifiedDate": "2019-02-06T22:22:54.000Z",
      "manageableState": "unmanaged",
      "type": "FlexiPage"
    },
    {
      "createdById": "00541000003Aq3qAAC",
      "createdByName": "Jessica Deal",
      "createdDate": "2019-08-26T18:44:28.000Z",
      "fileName": "flexipages/Plan_Record_Page.flexipage",
      "fullName": "Plan_Record_Page",
      "id": "0M03f0000008OIKCA2",
      "lastModifiedById": "00541000003Aq3qAAC",
      "lastModifiedByName": "Jessica Deal",
      "lastModifiedDate": "2019-08-26T18:44:28.000Z",
      "manageableState": "unmanaged",
      "type": "FlexiPage"
    },
    {
      "createdById": "00541000004SyXBAA0",
      "createdByName": "Zack Patrick",
      "createdDate": "2022-05-05T19:26:51.000Z",
      "fileName": "flexipages/New_Item_Request_Record_Page1.flexipage",
      "fullName": "New_Item_Request_Record_Page1",
      "id": "0M03f000000KzaoCAC",
      "lastModifiedById": "00541000004SyXBAA0",
      "lastModifiedByName": "Zack Patrick",
      "lastModifiedDate": "2022-05-05T19:26:51.000Z",
      "manageableState": "unmanaged",
      "type": "FlexiPage"
    },
    {
      "createdById": "0053f000001F7USAA0",
      "createdByName": "Nathan Cox",
      "createdDate": "2023-01-31T18:04:40.000Z",
      "fileName": "flexipages/PowerBIApp__PowerBI_Dashboard_UtilityBar.flexipage",
      "fullName": "PowerBIApp__PowerBI_Dashboard_UtilityBar",
      "id": "0M0540000013fRNCAY",
      "lastModifiedById": "0053f000001F7USAA0",
      "lastModifiedByName": "Nathan Cox",
      "lastModifiedDate": "2023-01-31T18:04:40.000Z",
      "manageableState": "installed",
      "namespacePrefix": "PowerBIApp",
      "type": "FlexiPage"
    },
    {
      "createdById": "0053f0000016G9aAAE",
      "createdByName": "Levi Kurtright",
      "createdDate": "2020-12-10T22:31:27.000Z",
      "fileName": "flexipages/Price_Rule_Record_Page.flexipage",
      "fullName": "Price_Rule_Record_Page",
      "id": "0M03f0000008OhmCAE",
      "lastModifiedById": "0053f0000016G9aAAE",
      "lastModifiedByName": "Levi Kurtright",
      "lastModifiedDate": "2020-12-10T22:31:27.000Z",
      "manageableState": "unmanaged",
      "type": "FlexiPage"
    },
    {
      "createdById": "00541000003Aq3qAAC",
      "createdByName": "Jessica Deal",
      "createdDate": "2017-06-01T19:46:43.000Z",
      "fileName": "flexipages/Contact_Record_Page.flexipage",
      "fullName": "Contact_Record_Page",
      "id": "0M041000000HgO4CAK",
      "lastModifiedById": "0053f00000145zgAAA",
      "lastModifiedByName": "Nathan Wylder",
      "lastModifiedDate": "2023-01-18T15:18:05.000Z",
      "manageableState": "unmanaged",
      "type": "FlexiPage"
    },
    {
      "createdById": "00541000004SyXBAA0",
      "createdByName": "Zack Patrick",
      "createdDate": "2021-01-19T20:15:59.000Z",
      "fileName": "flexipages/Product_Record_Page.flexipage",
      "fullName": "Product_Record_Page",
      "id": "0M03f0000008OloCAE",
      "lastModifiedById": "00541000004SyXBAA0",
      "lastModifiedByName": "Zack Patrick",
      "lastModifiedDate": "2021-01-19T20:15:59.000Z",
      "manageableState": "unmanaged",
      "type": "FlexiPage"
    },
    {
      "createdById": "00541000000jJabAAE",
      "createdByName": "Automated Process",
      "createdDate": "2023-02-11T19:12:52.000Z",
      "fileName": "flexipages/LightningSales_UtilityBar.flexipage",
      "fullName": "LightningSales_UtilityBar",
      "id": "0M0540000013gGPCAY",
      "lastModifiedById": "00541000000jJabAAE",
      "lastModifiedByName": "Automated Process",
      "lastModifiedDate": "2023-02-11T19:12:52.000Z",
      "manageableState": "unmanaged",
      "type": "FlexiPage"
    },
    {
      "createdById": "0053f00000145zgAAA",
      "createdByName": "Nathan Wylder",
      "createdDate": "2022-10-18T21:13:41.000Z",
      "fileName": "flexipages/ADS_Marketing_UtilityBar.flexipage",
      "fullName": "ADS_Marketing_UtilityBar",
      "id": "0M0540000013dhACAQ",
      "lastModifiedById": "0053f00000145zgAAA",
      "lastModifiedByName": "Nathan Wylder",
      "lastModifiedDate": "2022-10-18T21:13:41.000Z",
      "manageableState": "unmanaged",
      "type": "FlexiPage"
    },
    {
      "createdById": "0053f0000016G9aAAE",
      "createdByName": "Levi Kurtright",
      "createdDate": "2020-12-10T22:32:24.000Z",
      "fileName": "flexipages/Price_Rule_Record_Page1.flexipage",
      "fullName": "Price_Rule_Record_Page1",
      "id": "0M03f0000008OhnCAE",
      "lastModifiedById": "0053f0000016G9aAAE",
      "lastModifiedByName": "Levi Kurtright",
      "lastModifiedDate": "2020-12-10T22:32:24.000Z",
      "manageableState": "unmanaged",
      "type": "FlexiPage"
    },
    {
      "createdById": "0053f0000016G9aAAE",
      "createdByName": "Levi Kurtright",
      "createdDate": "2020-04-14T14:02:38.000Z",
      "fileName": "flexipages/Lead_Record_Page4.flexipage",
      "fullName": "Lead_Record_Page4",
      "id": "0M03f0000008OPiCAM",
      "lastModifiedById": "0053f00000145zgAAA",
      "lastModifiedByName": "Nathan Wylder",
      "lastModifiedDate": "2023-02-10T19:52:22.000Z",
      "manageableState": "unmanaged",
      "type": "FlexiPage"
    },
    {
      "createdById": "0053f000000Ze23AAC",
      "createdByName": "Will Burke",
      "createdDate": "2019-09-13T23:38:31.000Z",
      "fileName": "flexipages/Support_Case.flexipage",
      "fullName": "Support_Case",
      "id": "0M03f0000008OJTCA2",
      "lastModifiedById": "0053f000000Ze23AAC",
      "lastModifiedByName": "Will Burke",
      "lastModifiedDate": "2019-09-13T23:38:31.000Z",
      "manageableState": "unmanaged",
      "type": "FlexiPage"
    },
    {
      "createdById": "0053f00000145zgAAA",
      "createdByName": "Nathan Wylder",
      "createdDate": "2022-09-22T19:59:12.000Z",
      "fileName": "flexipages/Manufacturing_Home.flexipage",
      "fullName": "Manufacturing_Home",
      "id": "0M0540000013cGmCAI",
      "lastModifiedById": "0053f00000145zgAAA",
      "lastModifiedByName": "Nathan Wylder",
      "lastModifiedDate": "2022-09-22T19:59:12.000Z",
      "manageableState": "unmanaged",
      "type": "FlexiPage"
    },
    {
      "createdById": "00541000004SyXBAA0",
      "createdByName": "Zack Patrick",
      "createdDate": "2020-06-16T15:44:36.000Z",
      "fileName": "flexipages/Market_Share_Model_Record_Page.flexipage",
      "fullName": "Market_Share_Model_Record_Page",
      "id": "0M03f0000008OTGCA2",
      "lastModifiedById": "00541000004SyXBAA0",
      "lastModifiedByName": "Zack Patrick",
      "lastModifiedDate": "2020-06-16T15:44:36.000Z",
      "manageableState": "unmanaged",
      "type": "FlexiPage"
    },
    {
      "createdById": "0053f000000Ze23AAC",
      "createdByName": "Will Burke",
      "createdDate": "2019-09-13T23:38:30.000Z",
      "fileName": "flexipages/Customer_Service_Home_Page.flexipage",
      "fullName": "Customer_Service_Home_Page",
      "id": "0M03f0000008OJSCA2",
      "lastModifiedById": "0053f000000Ze23AAC",
      "lastModifiedByName": "Will Burke",
      "lastModifiedDate": "2019-09-13T23:38:30.000Z",
      "manageableState": "unmanaged",
      "type": "FlexiPage"
    },
    {
      "createdById": "0053f00000145zgAAA",
      "createdByName": "Nathan Wylder",
      "createdDate": "2022-09-22T19:59:12.000Z",
      "fileName": "flexipages/ADS_Manufacturing_UtilityBar.flexipage",
      "fullName": "ADS_Manufacturing_UtilityBar",
      "id": "0M0540000013cGlCAI",
      "lastModifiedById": "0053f00000145zgAAA",
      "lastModifiedByName": "Nathan Wylder",
      "lastModifiedDate": "2022-09-22T19:59:12.000Z",
      "manageableState": "unmanaged",
      "type": "FlexiPage"
    },
    {
      "createdById": "00541000001bEDeAAM",
      "createdByName": "Eric Reo",
      "createdDate": "2017-02-11T20:18:10.000Z",
      "fileName": "flexipages/LightningService_UtilityBar.flexipage",
      "fullName": "LightningService_UtilityBar",
      "id": "0M041000000Cw2gCAC",
      "lastModifiedById": "0053f000000Ze23AAC",
      "lastModifiedByName": "Will Burke",
      "lastModifiedDate": "2019-09-13T23:38:30.000Z",
      "manageableState": "unmanaged",
      "type": "FlexiPage"
    },
    {
      "createdById": "00541000003Aq3qAAC",
      "createdByName": "Jessica Deal",
      "createdDate": "2017-06-01T19:46:48.000Z",
      "fileName": "flexipages/Project_Review_Form_Record_Page.flexipage",
      "fullName": "Project_Review_Form_Record_Page",
      "id": "0M041000000HgO9CAK",
      "lastModifiedById": "00541000003Aq3qAAC",
      "lastModifiedByName": "Jessica Deal",
      "lastModifiedDate": "2017-06-01T19:46:48.000Z",
      "manageableState": "unmanaged",
      "type": "FlexiPage"
    },
    {
      "createdById": "00541000000jJabAAE",
      "createdByName": "Automated Process",
      "createdDate": "2023-02-11T16:03:12.000Z",
      "fileName": "flexipages/CrisisCenter_UtilityBar.flexipage",
      "fullName": "CrisisCenter_UtilityBar",
      "id": "0M0540000013fryCAA",
      "lastModifiedById": "00541000000jJabAAE",
      "lastModifiedByName": "Automated Process",
      "lastModifiedDate": "2023-02-11T16:03:12.000Z",
      "manageableState": "unmanaged",
      "type": "FlexiPage"
    },
    {
      "createdById": "0053f0000019P7FAAU",
      "createdByName": "Simplus Admin",
      "createdDate": "2021-07-31T00:01:21.000Z",
      "fileName": "flexipages/ADS_Mexicana_UtilityBar.flexipage",
      "fullName": "ADS_Mexicana_UtilityBar",
      "id": "0M03f00000000JcCAI",
      "lastModifiedById": "0053f0000019P7FAAU",
      "lastModifiedByName": "Simplus Admin",
      "lastModifiedDate": "2021-07-31T00:01:21.000Z",
      "manageableState": "unmanaged",
      "type": "FlexiPage"
    },
    {
      "createdById": "00541000003Aq3qAAC",
      "createdByName": "Jessica Deal",
      "createdDate": "2017-06-01T19:46:40.000Z",
      "fileName": "flexipages/ADS_Sales_Console_UtilityBar.flexipage",
      "fullName": "ADS_Sales_Console_UtilityBar",
      "id": "0M041000000HgNzCAK",
      "lastModifiedById": "00541000003Aq3qAAC",
      "lastModifiedByName": "Jessica Deal",
      "lastModifiedDate": "2017-06-01T19:46:40.000Z",
      "manageableState": "unmanaged",
      "type": "FlexiPage"
    },
    {
      "createdById": "00541000000jJabAAE",
      "createdByName": "Automated Process",
      "createdDate": "2021-05-18T15:39:20.000Z",
      "fileName": "flexipages/CaseDefault_Record_Page.flexipage",
      "fullName": "CaseDefault_Record_Page",
      "id": "0M03f00000000FpCAI",
      "lastModifiedById": "00541000000jJabAAE",
      "lastModifiedByName": "Automated Process",
      "lastModifiedDate": "2021-05-18T15:39:21.000Z",
      "manageableState": "unmanaged",
      "type": "FlexiPage"
    },
    {
      "createdById": "00541000000jJabAAE",
      "createdByName": "Automated Process",
      "createdDate": "2023-02-11T16:02:59.000Z",
      "fileName": "flexipages/ContactCenter_UtilityBar.flexipage",
      "fullName": "ContactCenter_UtilityBar",
      "id": "0M0540000013frVCAQ",
      "lastModifiedById": "00541000000jJabAAE",
      "lastModifiedByName": "Automated Process",
      "lastModifiedDate": "2023-02-11T16:02:59.000Z",
      "manageableState": "unmanaged",
      "type": "FlexiPage"
    },
    {
      "createdById": "0053f0000016G9aAAE",
      "createdByName": "Levi Kurtright",
      "createdDate": "2020-12-12T17:34:50.000Z",
      "fileName": "flexipages/AXIA_AdvancedApprovals2.flexipage",
      "fullName": "AXIA_AdvancedApprovals2",
      "id": "0M03f0000008OiuCAE",
      "lastModifiedById": "0053f0000016G9aAAE",
      "lastModifiedByName": "Levi Kurtright",
      "lastModifiedDate": "2020-12-12T17:34:50.000Z",
      "manageableState": "unmanaged",
      "type": "FlexiPage"
    },
    {
      "createdById": "00541000003Aq3qAAC",
      "createdByName": "Jessica Deal",
      "createdDate": "2017-06-01T19:46:54.000Z",
      "fileName": "flexipages/Quote_Record_Page.flexipage",
      "fullName": "Quote_Record_Page",
      "id": "0M041000000HgOECA0",
      "lastModifiedById": "00541000004SyXBAA0",
      "lastModifiedByName": "Zack Patrick",
      "lastModifiedDate": "2021-04-06T17:50:40.000Z",
      "manageableState": "unmanaged",
      "type": "FlexiPage"
    },
    {
      "createdById": "00541000003Aq3qAAC",
      "createdByName": "Jessica Deal",
      "createdDate": "2019-03-29T15:04:41.000Z",
      "fileName": "flexipages/Quality_Feedback_Record_Page1.flexipage",
      "fullName": "Quality_Feedback_Record_Page1",
      "id": "0M02M00000017mcSAA",
      "lastModifiedById": "00541000003Aq3qAAC",
      "lastModifiedByName": "Jessica Deal",
      "lastModifiedDate": "2019-03-29T15:04:41.000Z",
      "manageableState": "unmanaged",
      "type": "FlexiPage"
    },
    {
      "createdById": "00541000000jJabAAE",
      "createdByName": "Automated Process",
      "createdDate": "2021-05-18T15:38:19.000Z",
      "fileName": "flexipages/PreconfiguredLightningServiceConsole_UtilityBar.flexipage",
      "fullName": "PreconfiguredLightningServiceConsole_UtilityBar",
      "id": "0M03f00000000FkCAI",
      "lastModifiedById": "00541000000jJabAAE",
      "lastModifiedByName": "Automated Process",
      "lastModifiedDate": "2021-05-18T15:38:58.000Z",
      "manageableState": "unmanaged",
      "type": "FlexiPage"
    },
    {
      "createdById": "0053f00000145zgAAA",
      "createdByName": "Nathan Wylder",
      "createdDate": "2022-09-28T21:03:31.000Z",
      "fileName": "flexipages/Customer_Feedback_Lightning_Page.flexipage",
      "fullName": "Customer_Feedback_Lightning_Page",
      "id": "0M0540000013cwACAQ",
      "lastModifiedById": "0053f00000145zgAAA",
      "lastModifiedByName": "Nathan Wylder",
      "lastModifiedDate": "2022-09-30T13:26:40.000Z",
      "manageableState": "unmanaged",
      "type": "FlexiPage"
    },
    {
      "createdById": "00541000003Aq3qAAC",
      "createdByName": "Jessica Deal",
      "createdDate": "2017-06-01T19:46:45.000Z",
      "fileName": "flexipages/Internal_Attachment_Record_Page.flexipage",
      "fullName": "Internal_Attachment_Record_Page",
      "id": "0M041000000HgO7CAK",
      "lastModifiedById": "00541000004SyXBAA0",
      "lastModifiedByName": "Zack Patrick",
      "lastModifiedDate": "2021-01-14T21:32:47.000Z",
      "manageableState": "unmanaged",
      "type": "FlexiPage"
    },
    {
      "createdById": "0053f0000016G9aAAE",
      "createdByName": "Levi Kurtright",
      "createdDate": "2020-12-10T14:10:50.000Z",
      "fileName": "flexipages/ADS_Mobile_UtilityBar.flexipage",
      "fullName": "ADS_Mobile_UtilityBar",
      "id": "0M03f0000008OhcCAE",
      "lastModifiedById": "0053f0000016G9aAAE",
      "lastModifiedByName": "Levi Kurtright",
      "lastModifiedDate": "2020-12-10T14:10:50.000Z",
      "manageableState": "unmanaged",
      "type": "FlexiPage"
    },
    {
      "createdById": "00541000003Aq3qAAC",
      "createdByName": "Jessica Deal",
      "createdDate": "2017-06-01T19:46:40.000Z",
      "fileName": "flexipages/ADS_Sales_UtilityBar.flexipage",
      "fullName": "ADS_Sales_UtilityBar",
      "id": "0M041000000HgO0CAK",
      "lastModifiedById": "00541000003Aq3qAAC",
      "lastModifiedByName": "Jessica Deal",
      "lastModifiedDate": "2017-06-01T19:46:40.000Z",
      "manageableState": "unmanaged",
      "type": "FlexiPage"
    },
    {
      "createdById": "00541000003Aq3qAAC",
      "createdByName": "Jessica Deal",
      "createdDate": "2017-06-07T23:21:24.000Z",
      "fileName": "flexipages/Emergency_Quote_Request_Record_Page.flexipage",
      "fullName": "Emergency_Quote_Request_Record_Page",
      "id": "0M041000000HgdYCAS",
      "lastModifiedById": "00541000004SyXBAA0",
      "lastModifiedByName": "Zack Patrick",
      "lastModifiedDate": "2020-10-08T19:25:19.000Z",
      "manageableState": "unmanaged",
      "type": "FlexiPage"
    },
    {
      "createdById": "00541000004SyXBAA0",
      "createdByName": "Zack Patrick",
      "createdDate": "2020-12-17T18:44:08.000Z",
      "fileName": "flexipages/Product_Rule_Record_Page.flexipage",
      "fullName": "Product_Rule_Record_Page",
      "id": "0M03f0000008OjTCAU",
      "lastModifiedById": "00541000004SyXBAA0",
      "lastModifiedByName": "Zack Patrick",
      "lastModifiedDate": "2020-12-17T18:44:08.000Z",
      "manageableState": "unmanaged",
      "type": "FlexiPage"
    },
    {
      "createdById": "00541000003Aq3qAAC",
      "createdByName": "Jessica Deal",
      "createdDate": "2019-03-29T14:57:56.000Z",
      "fileName": "flexipages/Quality_Feedback_Record_Page.flexipage",
      "fullName": "Quality_Feedback_Record_Page",
      "id": "0M02M00000017mXSAQ",
      "lastModifiedById": "00541000003Aq3qAAC",
      "lastModifiedByName": "Jessica Deal",
      "lastModifiedDate": "2019-03-29T14:57:56.000Z",
      "manageableState": "unmanaged",
      "type": "FlexiPage"
    },
    {
      "createdById": "0053f0000016G9aAAE",
      "createdByName": "Levi Kurtright",
      "createdDate": "2020-12-11T14:50:21.000Z",
      "fileName": "flexipages/AxiaAA__AXIA_AdvancedApprovals.flexipage",
      "fullName": "AxiaAA__AXIA_AdvancedApprovals",
      "id": "0M03f0000008OiVCAU",
      "lastModifiedById": "0053f0000016G9aAAE",
      "lastModifiedByName": "Levi Kurtright",
      "lastModifiedDate": "2020-12-11T14:50:21.000Z",
      "manageableState": "installed",
      "namespacePrefix": "AxiaAA",
      "type": "FlexiPage"
    },
    {
      "createdById": "00541000003Aq3qAAC",
      "createdByName": "Jessica Deal",
      "createdDate": "2017-06-01T19:46:49.000Z",
      "fileName": "flexipages/Project_Review_Form_Record_Page2.flexipage",
      "fullName": "Project_Review_Form_Record_Page2",
      "id": "0M041000000HgOBCA0",
      "lastModifiedById": "00541000004SyXBAA0",
      "lastModifiedByName": "Zack Patrick",
      "lastModifiedDate": "2021-09-17T00:27:21.000Z",
      "manageableState": "unmanaged",
      "type": "FlexiPage"
    }
  ]
}