{
  "status": 0,
  "result": [
    {
      "createdById": "00541000004SyXBAA0",
      "createdByName": "Zack Patrick",
      "createdDate": "2022-10-28T20:06:19.000Z",
      "fileName": "flows/Canada_Approval.flow",
      "fullName": "Canada_Approval",
      "id": "30154000000Zu9qAAC",
      "lastModifiedById": "00541000004SyXBAA0",
      "lastModifiedByName": "Zack Patrick",
      "lastModifiedDate": "2022-10-28T20:06:24.000Z",
      "manageableState": "unmanaged",
      "type": "Flow"
    },
    {
      "createdById": "0053f00000145zgAAA",
      "createdByName": "Nathan Wylder",
      "createdDate": "2023-01-27T16:42:25.000Z",
      "fileName": "flows/Account_InsertOrUpdate_Before.flow",
      "fullName": "Account_InsertOrUpdate_Before",
      "id": "30154000000aFrtAAE",
      "lastModifiedById": "0053f00000145zgAAA",
      "lastModifiedByName": "Nathan Wylder",
      "lastModifiedDate": "2023-01-27T16:42:27.000Z",
      "manageableState": "unmanaged",
      "type": "Flow"
    },
    {
      "createdById": "0053f000000U5CCAA0",
      "createdByName": "Pooja Dendukoori",
      "createdDate": "2022-09-29T13:19:54.000Z",
      "fileName": "flows/Update_Zone_Admin_for_Contact.flow",
      "fullName": "Update_Zone_Admin_for_Contact",
      "id": "30154000000ZjZEAA0",
      "lastModifiedById": "0053f000000U5CCAA0",
      "lastModifiedByName": "Pooja Dendukoori",
      "lastModifiedDate": "2022-09-29T13:20:00.000Z",
      "manageableState": "unmanaged",
      "type": "Flow"
    },
    {
      "createdById": "0053f00000145zgAAA",
      "createdByName": "Nathan Wylder",
      "createdDate": "2022-05-09T14:34:34.000Z",
      "fileName": "flows/Hide_Watermark.flow",
      "fullName": "Hide_Watermark",
      "id": "3013f000000TV1NAAW",
      "lastModifiedById": "0053f00000145zgAAA",
      "lastModifiedByName": "Nathan Wylder",
      "lastModifiedDate": "2022-07-29T13:12:27.000Z",
      "manageableState": "unmanaged",
      "type": "Flow"
    },
    {
      "createdById": "00541000004SyXBAA0",
      "createdByName": "Zack Patrick",
      "createdDate": "2022-02-10T20:19:19.000Z",
      "fileName": "flows/End_Date_30_Days_or_1_Year.flow",
      "fullName": "End_Date_30_Days_or_1_Year",
      "id": "3013f000000TUtYAAW",
      "lastModifiedById": "00541000004SyXBAA0",
      "lastModifiedByName": "Zack Patrick",
      "lastModifiedDate": "2022-02-10T20:23:05.000Z",
      "manageableState": "unmanaged",
      "type": "Flow"
    },
    {
      "createdById": "0053f00000145zgAAA",
      "createdByName": "Nathan Wylder",
      "createdDate": "2021-10-01T13:52:02.000Z",
      "fileName": "flows/Attachment_Case_Email_Alerts_Rejected_On_Hold.flow",
      "fullName": "Attachment_Case_Email_Alerts_Rejected_On_Hold",
      "id": "3013f000000PI0YAAW",
      "lastModifiedById": "0053f00000145zgAAA",
      "lastModifiedByName": "Nathan Wylder",
      "lastModifiedDate": "2022-05-26T17:14:13.000Z",
      "manageableState": "unmanaged",
      "type": "Flow"
    },
    {
      "createdById": "0053f0000016G9aAAE",
      "createdByName": "Levi Kurtright",
      "createdDate": "2020-12-12T02:25:19.000Z",
      "fileName": "flows/Advanced_Approvals_Custom_Notification.flow",
      "fullName": "Advanced_Approvals_Custom_Notification",
      "id": "3013f0000008RgfAAE",
      "lastModifiedById": "0053f0000019P7FAAU",
      "lastModifiedByName": "Simplus Admin",
      "lastModifiedDate": "2021-01-29T22:05:03.000Z",
      "manageableState": "unmanaged",
      "type": "Flow"
    },
    {
      "createdById": "00541000004SyXBAA0",
      "createdByName": "Zack Patrick",
      "createdDate": "2022-08-25T13:12:00.000Z",
      "fileName": "flows/Order_Created.flow",
      "fullName": "Order_Created",
      "id": "3013f000000TVHuAAO",
      "lastModifiedById": "00541000004SyXBAA0",
      "lastModifiedByName": "Zack Patrick",
      "lastModifiedDate": "2022-08-29T14:56:32.000Z",
      "manageableState": "unmanaged",
      "type": "Flow"
    },
    {
      "createdById": "00541000004SyXBAA0",
      "createdByName": "Zack Patrick",
      "createdDate": "2022-06-24T19:37:40.000Z",
      "fileName": "flows/Project_Created_or_Edited.flow",
      "fullName": "Project_Created_or_Edited",
      "id": "3013f000000TV7pAAG",
      "lastModifiedById": "00541000004SyXBAA0",
      "lastModifiedByName": "Zack Patrick",
      "lastModifiedDate": "2022-07-15T17:12:54.000Z",
      "manageableState": "unmanaged",
      "type": "Flow"
    },
    {
      "createdById": "00541000004SyXBAA0",
      "createdByName": "Zack Patrick",
      "createdDate": "2022-02-08T15:23:47.000Z",
      "fileName": "flows/Pardot_Form_Re_submission.flow",
      "fullName": "Pardot_Form_Re_submission",
      "id": "3013f000000TUrSAAW",
      "lastModifiedById": "00541000004SyXBAA0",
      "lastModifiedByName": "Zack Patrick",
      "lastModifiedDate": "2022-02-08T15:23:59.000Z",
      "manageableState": "unmanaged",
      "type": "Flow"
    },
    {
      "createdById": "0053f000000U5CCAA0",
      "createdByName": "Pooja Dendukoori",
      "createdDate": "2022-09-08T18:22:15.000Z",
      "fileName": "flows/Workflow_to_Flow_migration_for_case.flow",
      "fullName": "Workflow_to_Flow_migration_for_case",
      "id": "3013f000000TVITAA4",
      "lastModifiedById": "0053f000000U5CCAA0",
      "lastModifiedByName": "Pooja Dendukoori",
      "lastModifiedDate": "2022-09-08T18:28:15.000Z",
      "manageableState": "unmanaged",
      "type": "Flow"
    },
    {
      "createdById": "0053f000000Ze23AAC",
      "createdByName": "Will Burke",
      "createdDate": "2019-09-14T00:27:49.000Z",
      "fileName": "flows/Complete_First_Response_Milestone.flow",
      "fullName": "Complete_First_Response_Milestone",
      "id": "3013f0000008OU1AAM",
      "lastModifiedById": "00541000004SyXBAA0",
      "lastModifiedByName": "Zack Patrick",
      "lastModifiedDate": "2021-09-09T19:27:39.000Z",
      "manageableState": "unmanaged",
      "type": "Flow"
    },
    {
      "createdById": "00541000004SyXBAA0",
      "createdByName": "Zack Patrick",
      "createdDate": "2021-05-06T14:21:25.000Z",
      "fileName": "flows/ADS_Quote_Request_Process.flow",
      "fullName": "ADS_Quote_Request_Process",
      "id": "3013f000000CbkiAAC",
      "lastModifiedById": "00541000004SyXBAA0",
      "lastModifiedByName": "Zack Patrick",
      "lastModifiedDate": "2021-05-06T14:47:40.000Z",
      "manageableState": "unmanaged",
      "type": "Flow"
    },
    {
      "createdById": "0053f00000145zgAAA",
      "createdByName": "Nathan Wylder",
      "createdDate": "2023-01-17T15:17:17.000Z",
      "fileName": "flows/Workflow_to_Flow_migration_for_case_2.flow",
      "fullName": "Workflow_to_Flow_migration_for_case_2",
      "id": "30154000000aCrvAAE",
      "lastModifiedById": "0053f00000145zgAAA",
      "lastModifiedByName": "Nathan Wylder",
      "lastModifiedDate": "2023-01-17T17:18:03.000Z",
      "manageableState": "unmanaged",
      "type": "Flow"
    },
    {
      "createdById": "0053f00000145zgAAA",
      "createdByName": "Nathan Wylder",
      "createdDate": "2023-01-31T15:41:59.000Z",
      "fileName": "flows/Project_Calculate_Opportunity_Score.flow",
      "fullName": "Project_Calculate_Opportunity_Score",
      "id": "30154000000aH2iAAE",
      "lastModifiedById": "0053f00000145zgAAA",
      "lastModifiedByName": "Nathan Wylder",
      "lastModifiedDate": "2023-01-31T15:42:27.000Z",
      "manageableState": "unmanaged",
      "type": "Flow"
    },
    {
      "createdById": "0053f0000019P7FAAU",
      "createdByName": "Simplus Admin",
      "createdDate": "2022-04-13T15:31:39.000Z",
      "fileName": "flows/Case_Calculate_Case_Prioritization.flow",
      "fullName": "Case_Calculate_Case_Prioritization",
      "id": "3013f000000TUysAAG",
      "lastModifiedById": "0053f00000145zgAAA",
      "lastModifiedByName": "Nathan Wylder",
      "lastModifiedDate": "2022-05-03T12:54:14.000Z",
      "manageableState": "unmanaged",
      "type": "Flow"
    },
    {
      "createdById": "00541000003Aq3qAAC",
      "createdByName": "Jessica Deal",
      "createdDate": "2017-06-01T19:47:11.000Z",
      "fileName": "flows/Create_Project_Contact_Role_PB.flow",
      "fullName": "Create_Project_Contact_Role_PB",
      "id": "30141000000RuUSAA0",
      "lastModifiedById": "00541000003Aq3qAAC",
      "lastModifiedByName": "Jessica Deal",
      "lastModifiedDate": "2017-06-01T19:50:17.000Z",
      "manageableState": "unmanaged",
      "type": "Flow"
    },
    {
      "createdById": "00541000004SyXBAA0",
      "createdByName": "Zack Patrick",
      "createdDate": "2022-08-25T19:38:28.000Z",
      "fileName": "flows/Municipal_Approvals_Created_or_Edited.flow",
      "fullName": "Municipal_Approvals_Created_or_Edited",
      "id": "3013f000000TVI4AAO",
      "lastModifiedById": "00541000004SyXBAA0",
      "lastModifiedByName": "Zack Patrick",
      "lastModifiedDate": "2022-08-25T19:47:06.000Z",
      "manageableState": "unmanaged",
      "type": "Flow"
    },
    {
      "createdById": "0053f00000145zgAAA",
      "createdByName": "Nathan Wylder",
      "createdDate": "2021-12-09T20:41:40.000Z",
      "fileName": "flows/ESR_Reviewer_Weighted_Score.flow",
      "fullName": "ESR_Reviewer_Weighted_Score",
      "id": "3013f000000PIPsAAO",
      "lastModifiedById": "0053f00000145zgAAA",
      "lastModifiedByName": "Nathan Wylder",
      "lastModifiedDate": "2021-12-09T20:41:44.000Z",
      "manageableState": "unmanaged",
      "type": "Flow"
    },
    {
      "createdById": "0053f0000019P7FAAU",
      "createdByName": "Simplus Admin",
      "createdDate": "2021-02-01T22:57:27.000Z",
      "fileName": "flows/Advance_Approval_Request_Notification.flow",
      "fullName": "Advance_Approval_Request_Notification",
      "id": "3013f0000008SUzAAM",
      "lastModifiedById": "00541000004SyXBAA0",
      "lastModifiedByName": "Zack Patrick",
      "lastModifiedDate": "2022-07-05T21:04:11.000Z",
      "manageableState": "unmanaged",
      "type": "Flow"
    },
    {
      "createdById": "00541000004SMkpAAG",
      "createdByName": "SFDC Support",
      "createdDate": "2020-09-01T00:51:07.000Z",
      "fileName": "flows/Opportunity_to_Case_Sync.flow",
      "fullName": "Opportunity_to_Case_Sync",
      "id": "3013f0000008QfvAAE",
      "lastModifiedById": "00541000004SyXBAA0",
      "lastModifiedByName": "Zack Patrick",
      "lastModifiedDate": "2021-06-07T15:21:42.000Z",
      "manageableState": "unmanaged",
      "type": "Flow"
    },
    {
      "createdById": "00541000004SyXBAA0",
      "createdByName": "Zack Patrick",
      "createdDate": "2022-11-17T15:09:16.000Z",
      "fileName": "flows/Quote_After_CreateOrUpdate.flow",
      "fullName": "Quote_After_CreateOrUpdate",
      "id": "30154000000a0kxAAA",
      "lastModifiedById": "00541000004SyXBAA0",
      "lastModifiedByName": "Zack Patrick",
      "lastModifiedDate": "2022-11-17T15:09:57.000Z",
      "manageableState": "unmanaged",
      "type": "Flow"
    },
    {
      "createdById": "00541000004SyXBAA0",
      "createdByName": "Zack Patrick",
      "createdDate": "2021-05-21T19:27:16.000Z",
      "fileName": "flows/Task_Processes.flow",
      "fullName": "Task_Processes",
      "id": "3013f000000CbruAAC",
      "lastModifiedById": "00541000004SyXBAA0",
      "lastModifiedByName": "Zack Patrick",
      "lastModifiedDate": "2021-05-21T19:44:32.000Z",
      "manageableState": "unmanaged",
      "type": "Flow"
    },
    {
      "createdById": "0053f000000U5CCAA0",
      "createdByName": "Pooja Dendukoori",
      "createdDate": "2022-07-13T14:48:21.000Z",
      "fileName": "flows/Attachment_Case_Email_alert_for_Existing_Rejected_Closed.flow",
      "fullName": "Attachment_Case_Email_alert_for_Existing_Rejected_Closed",
      "id": "3013f000000TV8xAAG",
      "lastModifiedById": "0053f000000U5CCAA0",
      "lastModifiedByName": "Pooja Dendukoori",
      "lastModifiedDate": "2022-07-13T14:54:17.000Z",
      "manageableState": "unmanaged",
      "type": "Flow"
    },
    {
      "createdById": "0053f00000145zgAAA",
      "createdByName": "Nathan Wylder",
      "createdDate": "2021-09-08T19:19:31.000Z",
      "fileName": "flows/ADS_Sync_Quote_and_Quote_Line_to_Oracle.flow",
      "fullName": "ADS_Sync_Quote_and_Quote_Line_to_Oracle",
      "id": "3013f000000PHw7AAG",
      "lastModifiedById": "00541000004SyXBAA0",
      "lastModifiedByName": "Zack Patrick",
      "lastModifiedDate": "2022-11-10T20:06:35.000Z",
      "manageableState": "unmanaged",
      "type": "Flow"
    },
    {
      "createdById": "00541000004SyXBAA0",
      "createdByName": "Zack Patrick",
      "createdDate": "2022-08-03T14:20:01.000Z",
      "fileName": "flows/Clear_Case_Status_Timetracking.flow",
      "fullName": "Clear_Case_Status_Timetracking",
      "id": "3013f000000TVDdAAO",
      "lastModifiedById": "00541000004SyXBAA0",
      "lastModifiedByName": "Zack Patrick",
      "lastModifiedDate": "2022-08-03T14:20:07.000Z",
      "manageableState": "unmanaged",
      "type": "Flow"
    },
    {
      "createdById": "0053f0000016G9aAAE",
      "createdByName": "Levi Kurtright",
      "createdDate": "2020-12-14T19:50:11.000Z",
      "fileName": "flows/Amend_Quote_V2.flow",
      "fullName": "Amend_Quote_V2",
      "id": "3013f0000008RkXAAU",
      "lastModifiedById": "0053f0000016G9aAAE",
      "lastModifiedByName": "Levi Kurtright",
      "lastModifiedDate": "2020-12-15T14:27:58.000Z",
      "manageableState": "unmanaged",
      "type": "Flow"
    },
    {
      "createdById": "0053f0000019P7FAAU",
      "createdByName": "Simplus Admin",
      "createdDate": "2022-04-19T20:45:10.000Z",
      "fileName": "flows/Case_Calculate_Case_Coordinator_Time.flow",
      "fullName": "Case_Calculate_Case_Coordinator_Time",
      "id": "3013f000000TV00AAG",
      "lastModifiedById": "0053f0000019P7FAAU",
      "lastModifiedByName": "Simplus Admin",
      "lastModifiedDate": "2022-04-19T20:45:14.000Z",
      "manageableState": "unmanaged",
      "type": "Flow"
    },
    {
      "createdById": "0053f00000145zgAAA",
      "createdByName": "Nathan Wylder",
      "createdDate": "2022-12-15T21:53:38.000Z",
      "fileName": "flows/Wrike_Campaign_Creator.flow",
      "fullName": "Wrike_Campaign_Creator",
      "id": "30154000000a7SlAAI",
      "lastModifiedById": "0053f00000145zgAAA",
      "lastModifiedByName": "Nathan Wylder",
      "lastModifiedDate": "2022-12-15T21:53:43.000Z",
      "manageableState": "unmanaged",
      "type": "Flow"
    },
    {
      "createdById": "0053f000000qKaxAAE",
      "createdByName": "Rajasekhar Vempati",
      "createdDate": "2022-09-23T11:39:36.000Z",
      "fileName": "flows/Before_Created_OR_Updated.flow",
      "fullName": "Before_Created_OR_Updated",
      "id": "30154000000ZgmtAAC",
      "lastModifiedById": "0053f000000qKaxAAE",
      "lastModifiedByName": "Rajasekhar Vempati",
      "lastModifiedDate": "2022-09-27T11:48:25.000Z",
      "manageableState": "unmanaged",
      "type": "Flow"
    },
    {
      "createdById": "0053f00000145zgAAA",
      "createdByName": "Nathan Wylder",
      "createdDate": "2021-04-01T13:50:01.000Z",
      "fileName": "flows/Maintenance_Window_Flow.flow",
      "fullName": "Maintenance_Window_Flow",
      "id": "3013f000000CbGTAA0",
      "lastModifiedById": "0053f00000145zgAAA",
      "lastModifiedByName": "Nathan Wylder",
      "lastModifiedDate": "2021-04-03T00:00:47.000Z",
      "manageableState": "unmanaged",
      "type": "Flow"
    },
    {
      "createdById": "0053f00000145zgAAA",
      "createdByName": "Nathan Wylder",
      "createdDate": "2022-10-26T20:24:50.000Z",
      "fileName": "flows/Sub_Flow_Contact_Path_FormAssembly.flow",
      "fullName": "Sub_Flow_Contact_Path_FormAssembly",
      "id": "30154000000Zt5YAAS",
      "lastModifiedById": "0053f00000145zgAAA",
      "lastModifiedByName": "Nathan Wylder",
      "lastModifiedDate": "2022-10-26T20:24:53.000Z",
      "manageableState": "unmanaged",
      "type": "Flow"
    },
    {
      "createdById": "0053f000000Ze23AAC",
      "createdByName": "Will Burke",
      "createdDate": "2019-09-14T00:21:23.000Z",
      "fileName": "flows/Populate_Entitlements_to_Cases.flow",
      "fullName": "Populate_Entitlements_to_Cases",
      "id": "3013f0000008OThAAM",
      "lastModifiedById": "00541000004SyXBAA0",
      "lastModifiedByName": "Zack Patrick",
      "lastModifiedDate": "2023-01-24T17:52:52.000Z",
      "manageableState": "unmanaged",
      "type": "Flow"
    },
    {
      "createdById": "0053f000000Ze23AAC",
      "createdByName": "Will Burke",
      "createdDate": "2019-09-24T17:31:04.000Z",
      "fileName": "flows/Complete_Milestones_Upon_Case_Close.flow",
      "fullName": "Complete_Milestones_Upon_Case_Close",
      "id": "3013f0000008OWqAAM",
      "lastModifiedById": "00541000004SyXBAA0",
      "lastModifiedByName": "Zack Patrick",
      "lastModifiedDate": "2021-09-09T19:27:52.000Z",
      "manageableState": "unmanaged",
      "type": "Flow"
    },
    {
      "createdById": "00541000004SyXBAA0",
      "createdByName": "Zack Patrick",
      "createdDate": "2022-06-27T14:16:39.000Z",
      "fileName": "flows/Project_Edited.flow",
      "fullName": "Project_Edited",
      "id": "3013f000000TV85AAG",
      "lastModifiedById": "00541000004SyXBAA0",
      "lastModifiedByName": "Zack Patrick",
      "lastModifiedDate": "2022-06-27T18:30:50.000Z",
      "manageableState": "unmanaged",
      "type": "Flow"
    },
    {
      "createdById": "0053f000000U5CCAA0",
      "createdByName": "Pooja Dendukoori",
      "createdDate": "2022-09-08T18:17:32.000Z",
      "fileName": "flows/Workflow_to_Flow_Case_Created.flow",
      "fullName": "Workflow_to_Flow_Case_Created",
      "id": "3013f000000TVIOAA4",
      "lastModifiedById": "0053f000000U5CCAA0",
      "lastModifiedByName": "Pooja Dendukoori",
      "lastModifiedDate": "2022-09-08T18:17:47.000Z",
      "manageableState": "unmanaged",
      "type": "Flow"
    },
    {
      "createdById": "0053f00000145zgAAA",
      "createdByName": "Nathan Wylder",
      "createdDate": "2022-10-14T19:54:14.000Z",
      "fileName": "flows/Update_Contact_record_with_Docusign_status.flow",
      "fullName": "Update_Contact_record_with_Docusign_status",
      "id": "30154000000ZpG3AAK",
      "lastModifiedById": "0053f00000145zgAAA",
      "lastModifiedByName": "Nathan Wylder",
      "lastModifiedDate": "2022-10-14T19:54:19.000Z",
      "manageableState": "unmanaged",
      "type": "Flow"
    },
    {
      "createdById": "0053f0000016G9aAAE",
      "createdByName": "Levi Kurtright",
      "createdDate": "2020-12-12T01:18:22.000Z",
      "fileName": "flows/Cloned_Quote_should_not_be_in_Approved_Status.flow",
      "fullName": "Cloned_Quote_should_not_be_in_Approved_Status",
      "id": "3013f0000008Rg6AAE",
      "lastModifiedById": "0053f00000145zgAAA",
      "lastModifiedByName": "Nathan Wylder",
      "lastModifiedDate": "2021-09-08T19:23:04.000Z",
      "manageableState": "unmanaged",
      "type": "Flow"
    },
    {
      "createdById": "0053f0000019P7FAAU",
      "createdByName": "Simplus Admin",
      "createdDate": "2021-07-31T00:01:22.000Z",
      "fileName": "flows/Create_Small_Project_Quote_Request.flow",
      "fullName": "Create_Small_Project_Quote_Request",
      "id": "3013f000000CcHNAA0",
      "lastModifiedById": "0053f0000019P7FAAU",
      "lastModifiedByName": "Simplus Admin",
      "lastModifiedDate": "2021-07-31T01:42:09.000Z",
      "manageableState": "unmanaged",
      "type": "Flow"
    },
    {
      "createdById": "0053f00000145zgAAA",
      "createdByName": "Nathan Wylder",
      "createdDate": "2022-04-25T21:40:07.000Z",
      "fileName": "flows/remove_perm_set_assignments_on_deactivate.flow",
      "fullName": "remove_perm_set_assignments_on_deactivate",
      "id": "3013f000000TV0KAAW",
      "lastModifiedById": "0053f00000145zgAAA",
      "lastModifiedByName": "Nathan Wylder",
      "lastModifiedDate": "2022-04-25T21:48:03.000Z",
      "manageableState": "unmanaged",
      "type": "Flow"
    },
    {
      "createdById": "00541000004SMkpAAG",
      "createdByName": "SFDC Support",
      "createdDate": "2020-09-01T00:51:10.000Z",
      "fileName": "flows/Update_Sales_Rep_and_EPM_on_Case.flow",
      "fullName": "Update_Sales_Rep_and_EPM_on_Case",
      "id": "3013f0000008QfwAAE",
      "lastModifiedById": "00541000004SMkpAAG",
      "lastModifiedByName": "SFDC Support",
      "lastModifiedDate": "2020-09-01T13:56:37.000Z",
      "manageableState": "unmanaged",
      "type": "Flow"
    },
    {
      "createdById": "00541000004SyXBAA0",
      "createdByName": "Zack Patrick",
      "createdDate": "2023-02-14T16:29:20.000Z",
      "fileName": "flows/Order_Created_or_Edited_AFTER.flow",
      "fullName": "Order_Created_or_Edited_AFTER",
      "id": "30154000000aM4jAAE",
      "lastModifiedById": "00541000004SyXBAA0",
      "lastModifiedByName": "Zack Patrick",
      "lastModifiedDate": "2023-02-14T16:29:26.000Z",
      "manageableState": "unmanaged",
      "type": "Flow"
    },
    {
      "createdById": "0053f000001F7USAA0",
      "createdByName": "Nathan Cox",
      "createdDate": "2022-06-23T19:27:28.000Z",
      "fileName": "flows/Contact_Auto_Update_Mailing_Country.flow",
      "fullName": "Contact_Auto_Update_Mailing_Country",
      "id": "3013f000000TV7fAAG",
      "lastModifiedById": "0053f000001F7USAA0",
      "lastModifiedByName": "Nathan Cox",
      "lastModifiedDate": "2022-06-23T19:34:37.000Z",
      "manageableState": "unmanaged",
      "type": "Flow"
    },
    {
      "createdById": "0053f000000Ze23AAC",
      "createdByName": "Will Burke",
      "createdDate": "2019-09-14T00:28:46.000Z",
      "fileName": "flows/Task_Complete_Notification.flow",
      "fullName": "Task_Complete_Notification",
      "id": "3013f0000008OTxAAM",
      "lastModifiedById": "0053f000000Ze23AAC",
      "lastModifiedByName": "Will Burke",
      "lastModifiedDate": "2019-09-14T00:28:50.000Z",
      "manageableState": "unmanaged",
      "type": "Flow"
    },
    {
      "createdById": "0053f00000145zgAAA",
      "createdByName": "Nathan Wylder",
      "createdDate": "2022-10-22T00:46:05.000Z",
      "fileName": "flows/Case_Escalation_Notifications.flow",
      "fullName": "Case_Escalation_Notifications",
      "id": "30154000000ZrfjAAC",
      "lastModifiedById": "0053f00000145zgAAA",
      "lastModifiedByName": "Nathan Wylder",
      "lastModifiedDate": "2022-10-22T00:50:17.000Z",
      "manageableState": "unmanaged",
      "type": "Flow"
    },
    {
      "createdById": "00541000004SMkpAAG",
      "createdByName": "SFDC Support",
      "createdDate": "2018-05-03T22:18:27.000Z",
      "fileName": "flows/Populate_Expected_Completion_Date_with_Requested_Date.flow",
      "fullName": "Populate_Expected_Completion_Date_with_Requested_Date",
      "id": "30141000000kUymAAE",
      "lastModifiedById": "00541000004SMkpAAG",
      "lastModifiedByName": "SFDC Support",
      "lastModifiedDate": "2018-05-03T22:24:16.000Z",
      "manageableState": "unmanaged",
      "type": "Flow"
    },
    {
      "createdById": "0053f000000U5CCAA0",
      "createdByName": "Pooja Dendukoori",
      "createdDate": "2022-09-29T13:26:13.000Z",
      "fileName": "flows/Send_docusign_notification_to_Zone_admin.flow",
      "fullName": "Send_docusign_notification_to_Zone_admin",
      "id": "30154000000ZjZTAA0",
      "lastModifiedById": "0053f000000U5CCAA0",
      "lastModifiedByName": "Pooja Dendukoori",
      "lastModifiedDate": "2022-09-29T13:26:16.000Z",
      "manageableState": "unmanaged",
      "type": "Flow"
    },
    {
      "createdById": "005410000065SDyAAM",
      "createdByName": "Cole Baughn",
      "createdDate": "2018-08-29T22:45:24.000Z",
      "fileName": "flows/Update_Project_when_Case_Closes.flow",
      "fullName": "Update_Project_when_Case_Closes",
      "id": "30141000000KlPxAAK",
      "lastModifiedById": "00541000003Aq3qAAC",
      "lastModifiedByName": "Jessica Deal",
      "lastModifiedDate": "2019-05-21T17:45:51.000Z",
      "manageableState": "unmanaged",
      "type": "Flow"
    },
    {
      "createdById": "0053f00000145zgAAA",
      "createdByName": "Nathan Wylder",
      "createdDate": "2023-01-09T22:02:30.000Z",
      "fileName": "flows/Convert_Leads.flow",
      "fullName": "Convert_Leads",
      "id": "30154000000aBBoAAM",
      "lastModifiedById": "0053f00000145zgAAA",
      "lastModifiedByName": "Nathan Wylder",
      "lastModifiedDate": "2023-01-09T22:03:37.000Z",
      "manageableState": "unmanaged",
      "type": "Flow"
    },
    {
      "createdById": "00541000004SyXBAA0",
      "createdByName": "Zack Patrick",
      "createdDate": "2022-10-12T17:46:31.000Z",
      "fileName": "flows/New_Item_Request_Created.flow",
      "fullName": "New_Item_Request_Created",
      "id": "30154000000ZoNrAAK",
      "lastModifiedById": "00541000004SyXBAA0",
      "lastModifiedByName": "Zack Patrick",
      "lastModifiedDate": "2022-10-12T17:46:37.000Z",
      "manageableState": "unmanaged",
      "type": "Flow"
    },
    {
      "createdById": "00541000004SyXBAA0",
      "createdByName": "Zack Patrick",
      "createdDate": "2022-06-15T19:37:29.000Z",
      "fileName": "flows/Task_Created.flow",
      "fullName": "Task_Created",
      "id": "3013f000000TV4qAAG",
      "lastModifiedById": "00541000004SyXBAA0",
      "lastModifiedByName": "Zack Patrick",
      "lastModifiedDate": "2022-06-15T19:37:34.000Z",
      "manageableState": "unmanaged",
      "type": "Flow"
    },
    {
      "createdById": "0053f00000145zgAAA",
      "createdByName": "Nathan Wylder",
      "createdDate": "2022-05-09T14:04:10.000Z",
      "fileName": "flows/Quote_Template.flow",
      "fullName": "Quote_Template",
      "id": "3013f000000TV1GAAW",
      "lastModifiedById": "0053f00000145zgAAA",
      "lastModifiedByName": "Nathan Wylder",
      "lastModifiedDate": "2022-07-29T13:12:30.000Z",
      "manageableState": "unmanaged",
      "type": "Flow"
    },
    {
      "createdById": "0053f00000145zgAAA",
      "createdByName": "Nathan Wylder",
      "createdDate": "2021-06-07T10:10:32.000Z",
      "fileName": "flows/Update_Quote_end_date.flow",
      "fullName": "Update_Quote_end_date",
      "id": "3013f000000Cbz9AAC",
      "lastModifiedById": "0053f00000145zgAAA",
      "lastModifiedByName": "Nathan Wylder",
      "lastModifiedDate": "2021-06-07T10:10:32.000Z",
      "manageableState": "unmanaged",
      "type": "Flow"
    },
    {
      "createdById": "00541000004SyXBAA0",
      "createdByName": "Zack Patrick",
      "createdDate": "2022-05-12T19:19:39.000Z",
      "fileName": "flows/Quote_Created.flow",
      "fullName": "Quote_Created",
      "id": "3013f000000TV1hAAG",
      "lastModifiedById": "0053f00000145zgAAA",
      "lastModifiedByName": "Nathan Wylder",
      "lastModifiedDate": "2022-07-29T13:12:47.000Z",
      "manageableState": "unmanaged",
      "type": "Flow"
    },
    {
      "createdById": "0053f000000U5CCAA0",
      "createdByName": "Pooja Dendukoori",
      "createdDate": "2022-07-18T12:44:09.000Z",
      "fileName": "flows/Attachment_Email_Alerts.flow",
      "fullName": "Attachment_Email_Alerts",
      "id": "3013f000000TV9bAAG",
      "lastModifiedById": "0053f000000U5CCAA0",
      "lastModifiedByName": "Pooja Dendukoori",
      "lastModifiedDate": "2022-07-18T12:59:56.000Z",
      "manageableState": "unmanaged",
      "type": "Flow"
    },
    {
      "createdById": "0053f00000145zgAAA",
      "createdByName": "Nathan Wylder",
      "createdDate": "2022-05-09T14:04:10.000Z",
      "fileName": "flows/Set_External_Id_Product_Option.flow",
      "fullName": "Set_External_Id_Product_Option",
      "id": "3013f000000TV1HAAW",
      "lastModifiedById": "0053f00000145zgAAA",
      "lastModifiedByName": "Nathan Wylder",
      "lastModifiedDate": "2022-05-09T14:27:20.000Z",
      "manageableState": "unmanaged",
      "type": "Flow"
    },
    {
      "createdById": "0053f000000U5CCAA0",
      "createdByName": "Pooja Dendukoori",
      "createdDate": "2022-03-04T13:05:13.000Z",
      "fileName": "flows/Sizing_Request_Child_Bring_over_Parent_Info.flow",
      "fullName": "Sizing_Request_Child_Bring_over_Parent_Info",
      "id": "3013f000000TUu7AAG",
      "lastModifiedById": "0053f000000U5CCAA0",
      "lastModifiedByName": "Pooja Dendukoori",
      "lastModifiedDate": "2022-03-04T13:05:16.000Z",
      "manageableState": "unmanaged",
      "type": "Flow"
    },
    {
      "createdById": "0053f00000145zgAAA",
      "createdByName": "Nathan Wylder",
      "createdDate": "2021-01-11T22:51:59.000Z",
      "fileName": "flows/IPM_Status_to_Closed_Inactive.flow",
      "fullName": "IPM_Status_to_Closed_Inactive",
      "id": "3013f0000008S9YAAU",
      "lastModifiedById": "0053f00000145zgAAA",
      "lastModifiedByName": "Nathan Wylder",
      "lastModifiedDate": "2021-01-11T22:57:05.000Z",
      "manageableState": "unmanaged",
      "type": "Flow"
    },
    {
      "createdById": "0053f00000145zgAAA",
      "createdByName": "Nathan Wylder",
      "createdDate": "2021-12-09T20:44:39.000Z",
      "fileName": "flows/ESR_Technician_Weighted_Score.flow",
      "fullName": "ESR_Technician_Weighted_Score",
      "id": "3013f000000PIQ2AAO",
      "lastModifiedById": "0053f00000145zgAAA",
      "lastModifiedByName": "Nathan Wylder",
      "lastModifiedDate": "2021-12-09T20:44:42.000Z",
      "manageableState": "unmanaged",
      "type": "Flow"
    },
    {
      "createdById": "0053f000000U5CCAA0",
      "createdByName": "Pooja Dendukoori",
      "createdDate": "2021-08-18T13:47:39.000Z",
      "fileName": "flows/Send_Nyloplast_email_Alert.flow",
      "fullName": "Send_Nyloplast_email_Alert",
      "id": "3013f000000PHo3AAG",
      "lastModifiedById": "0053f000000U5CCAA0",
      "lastModifiedByName": "Pooja Dendukoori",
      "lastModifiedDate": "2021-08-18T13:47:42.000Z",
      "manageableState": "unmanaged",
      "type": "Flow"
    },
    {
      "createdById": "0053f000000qKaxAAE",
      "createdByName": "Rajasekhar Vempati",
      "createdDate": "2022-07-29T13:08:56.000Z",
      "fileName": "flows/Quote_Before_Created_Updated.flow",
      "fullName": "Quote_Before_Created_Updated",
      "id": "3013f000000TVAGAA4",
      "lastModifiedById": "0053f000000qKaxAAE",
      "lastModifiedByName": "Rajasekhar Vempati",
      "lastModifiedDate": "2022-07-29T13:12:52.000Z",
      "manageableState": "unmanaged",
      "type": "Flow"
    },
    {
      "createdById": "00541000004SyXBAA0",
      "createdByName": "Zack Patrick",
      "createdDate": "2023-02-03T16:22:34.000Z",
      "fileName": "flows/Project_Review_Form_Record_Type_Handler.flow",
      "fullName": "Project_Review_Form_Record_Type_Handler",
      "id": "30154000000aInBAAU",
      "lastModifiedById": "00541000004SyXBAA0",
      "lastModifiedByName": "Zack Patrick",
      "lastModifiedDate": "2023-02-03T18:19:19.000Z",
      "manageableState": "unmanaged",
      "type": "Flow"
    },
    {
      "createdById": "0053f000000U5CCAA0",
      "createdByName": "Pooja Dendukoori",
      "createdDate": "2022-05-25T13:21:35.000Z",
      "fileName": "flows/Workflow_to_Flow_Case_Closed.flow",
      "fullName": "Workflow_to_Flow_Case_Closed",
      "id": "3013f000000TV3dAAG",
      "lastModifiedById": "0053f000000U5CCAA0",
      "lastModifiedByName": "Pooja Dendukoori",
      "lastModifiedDate": "2022-05-25T13:21:38.000Z",
      "manageableState": "unmanaged",
      "type": "Flow"
    },
    {
      "createdById": "00541000004SyXBAA0",
      "createdByName": "Zack Patrick",
      "createdDate": "2022-11-08T14:54:43.000Z",
      "fileName": "flows/Order_Created_or_Edited.flow",
      "fullName": "Order_Created_or_Edited",
      "id": "30154000000ZyDNAA0",
      "lastModifiedById": "00541000004SyXBAA0",
      "lastModifiedByName": "Zack Patrick",
      "lastModifiedDate": "2023-01-17T19:20:55.000Z",
      "manageableState": "unmanaged",
      "type": "Flow"
    },
    {
      "createdById": "0053f0000019P7FAAU",
      "createdByName": "Simplus Admin",
      "createdDate": "2021-08-07T00:01:03.000Z",
      "fileName": "flows/ESR_Weighted_Score.flow",
      "fullName": "ESR_Weighted_Score",
      "id": "3013f000000CcMzAAK",
      "lastModifiedById": "0053f0000019P7FAAU",
      "lastModifiedByName": "Simplus Admin",
      "lastModifiedDate": "2021-08-07T00:01:03.000Z",
      "manageableState": "unmanaged",
      "type": "Flow"
    },
    {
      "createdById": "0053f000000U5CCAA0",
      "createdByName": "Pooja Dendukoori",
      "createdDate": "2022-01-07T14:06:28.000Z",
      "fileName": "flows/Lead_Routing_Rules.flow",
      "fullName": "Lead_Routing_Rules",
      "id": "3013f000000PIWoAAO",
      "lastModifiedById": "0053f000000U5CCAA0",
      "lastModifiedByName": "Pooja Dendukoori",
      "lastModifiedDate": "2022-01-07T14:06:32.000Z",
      "manageableState": "unmanaged",
      "type": "Flow"
    },
    {
      "createdById": "0053f000000qKaxAAE",
      "createdByName": "Rajasekhar Vempati",
      "createdDate": "2022-07-29T15:09:14.000Z",
      "fileName": "flows/Mark_Cloned_as_Primary.flow",
      "fullName": "Mark_Cloned_as_Primary",
      "id": "3013f000000TVAjAAO",
      "lastModifiedById": "0053f000000qKaxAAE",
      "lastModifiedByName": "Rajasekhar Vempati",
      "lastModifiedDate": "2022-07-29T15:09:21.000Z",
      "manageableState": "unmanaged",
      "type": "Flow"
    },
    {
      "createdById": "0053f0000016G9aAAE",
      "createdByName": "Levi Kurtright",
      "createdDate": "2020-11-30T20:18:12.000Z",
      "fileName": "flows/Amen.flow",
      "fullName": "Amen",
      "id": "3013f0000008RYWAA2",
      "lastModifiedById": "0053f0000016G9aAAE",
      "lastModifiedByName": "Levi Kurtright",
      "lastModifiedDate": "2020-12-15T14:28:54.000Z",
      "manageableState": "unmanaged",
      "type": "Flow"
    },
    {
      "createdById": "00541000004SyXBAA0",
      "createdByName": "Zack Patrick",
      "createdDate": "2023-01-17T20:06:41.000Z",
      "fileName": "flows/Order_Created_AFTER.flow",
      "fullName": "Order_Created_AFTER",
      "id": "30154000000aD2FAAU",
      "lastModifiedById": "00541000004SyXBAA0",
      "lastModifiedByName": "Zack Patrick",
      "lastModifiedDate": "2023-01-17T20:07:33.000Z",
      "manageableState": "unmanaged",
      "type": "Flow"
    },
    {
      "createdById": "00541000004SyXBAA0",
      "createdByName": "Zack Patrick",
      "createdDate": "2022-07-15T17:16:19.000Z",
      "fileName": "flows/Quote_Request_Edited.flow",
      "fullName": "Quote_Request_Edited",
      "id": "3013f000000TV9RAAW",
      "lastModifiedById": "00541000004SyXBAA0",
      "lastModifiedByName": "Zack Patrick",
      "lastModifiedDate": "2022-07-15T17:25:24.000Z",
      "manageableState": "unmanaged",
      "type": "Flow"
    },
    {
      "createdById": "0053f000000Ze23AAC",
      "createdByName": "Will Burke",
      "createdDate": "2019-09-14T00:25:54.000Z",
      "fileName": "flows/CSR_Case_Assignment_Notification.flow",
      "fullName": "CSR_Case_Assignment_Notification",
      "id": "3013f0000008OTrAAM",
      "lastModifiedById": "00541000004SyXBAA0",
      "lastModifiedByName": "Zack Patrick",
      "lastModifiedDate": "2021-09-09T19:27:46.000Z",
      "manageableState": "unmanaged",
      "type": "Flow"
    },
    {
      "createdById": "00541000004SyXBAA0",
      "createdByName": "Zack Patrick",
      "createdDate": "2021-06-08T15:35:16.000Z",
      "fileName": "flows/Order_Process.flow",
      "fullName": "Order_Process",
      "id": "3013f000000CbznAAC",
      "lastModifiedById": "00541000004SyXBAA0",
      "lastModifiedByName": "Zack Patrick",
      "lastModifiedDate": "2021-06-08T17:02:28.000Z",
      "manageableState": "unmanaged",
      "type": "Flow"
    },
    {
      "createdById": "0053f00000145zgAAA",
      "createdByName": "Nathan Wylder",
      "createdDate": "2022-10-31T17:43:18.000Z",
      "fileName": "flows/Customer_Feedback_Notifications.flow",
      "fullName": "Customer_Feedback_Notifications",
      "id": "30154000000Zw1FAAS",
      "lastModifiedById": "0053f00000145zgAAA",
      "lastModifiedByName": "Nathan Wylder",
      "lastModifiedDate": "2022-10-31T17:43:25.000Z",
      "manageableState": "unmanaged",
      "type": "Flow"
    },
    {
      "createdById": "0053f0000019P7FAAU",
      "createdByName": "Simplus Admin",
      "createdDate": "2021-08-07T00:01:02.000Z",
      "fileName": "flows/ESR_Technician_Capture.flow",
      "fullName": "ESR_Technician_Capture",
      "id": "3013f000000CcMxAAK",
      "lastModifiedById": "0053f0000019P7FAAU",
      "lastModifiedByName": "Simplus Admin",
      "lastModifiedDate": "2021-08-09T00:09:56.000Z",
      "manageableState": "unmanaged",
      "type": "Flow"
    },
    {
      "createdById": "0053f0000016G9aAAE",
      "createdByName": "Levi Kurtright",
      "createdDate": "2020-12-12T18:53:09.000Z",
      "fileName": "flows/Advanced_Approvals_Mobile_Notification.flow",
      "fullName": "Advanced_Approvals_Mobile_Notification",
      "id": "3013f0000008RiJAAU",
      "lastModifiedById": "0053f0000019P7FAAU",
      "lastModifiedByName": "Simplus Admin",
      "lastModifiedDate": "2021-01-29T22:05:09.000Z",
      "manageableState": "unmanaged",
      "type": "Flow"
    },
    {
      "createdById": "00541000004SyXBAA0",
      "createdByName": "Zack Patrick",
      "createdDate": "2021-05-05T19:04:02.000Z",
      "fileName": "flows/Update_Project_Owner_to_Rep.flow",
      "fullName": "Update_Project_Owner_to_Rep",
      "id": "3013f000000Cbk9AAC",
      "lastModifiedById": "00541000004SyXBAA0",
      "lastModifiedByName": "Zack Patrick",
      "lastModifiedDate": "2021-05-05T19:08:15.000Z",
      "manageableState": "unmanaged",
      "type": "Flow"
    },
    {
      "createdById": "0053f00000145zgAAA",
      "createdByName": "Nathan Wylder",
      "createdDate": "2021-08-23T14:23:20.000Z",
      "fileName": "flows/User_Timestamps.flow",
      "fullName": "User_Timestamps",
      "id": "3013f000000PHqTAAW",
      "lastModifiedById": "0053f00000145zgAAA",
      "lastModifiedByName": "Nathan Wylder",
      "lastModifiedDate": "2021-08-23T18:01:59.000Z",
      "manageableState": "unmanaged",
      "type": "Flow"
    },
    {
      "createdById": "0053f00000145zgAAA",
      "createdByName": "Nathan Wylder",
      "createdDate": "2023-01-25T21:00:54.000Z",
      "fileName": "flows/Form_Assembly_Flow.flow",
      "fullName": "Form_Assembly_Flow",
      "id": "30154000000aFDpAAM",
      "lastModifiedById": "0053f00000145zgAAA",
      "lastModifiedByName": "Nathan Wylder",
      "lastModifiedDate": "2023-01-25T21:03:55.000Z",
      "manageableState": "unmanaged",
      "type": "Flow"
    },
    {
      "createdById": "00541000004SyXBAA0",
      "createdByName": "Zack Patrick",
      "createdDate": "2022-10-12T19:28:43.000Z",
      "fileName": "flows/Advanced_Approvals_Created_or_Edited.flow",
      "fullName": "Advanced_Approvals_Created_or_Edited",
      "id": "30154000000ZoPxAAK",
      "lastModifiedById": "00541000004SyXBAA0",
      "lastModifiedByName": "Zack Patrick",
      "lastModifiedDate": "2022-10-12T19:28:46.000Z",
      "manageableState": "unmanaged",
      "type": "Flow"
    },
    {
      "createdById": "0053f00000145zgAAA",
      "createdByName": "Nathan Wylder",
      "createdDate": "2023-01-09T21:48:12.000Z",
      "fileName": "flows/Update_Form_Submission_on_Lead_Conversion.flow",
      "fullName": "Update_Form_Submission_on_Lead_Conversion",
      "id": "30154000000aBBfAAM",
      "lastModifiedById": "0053f00000145zgAAA",
      "lastModifiedByName": "Nathan Wylder",
      "lastModifiedDate": "2023-01-09T21:48:13.000Z",
      "manageableState": "unmanaged",
      "type": "Flow"
    },
    {
      "createdById": "00541000004SyXBAA0",
      "createdByName": "Zack Patrick",
      "createdDate": "2023-01-31T18:07:45.000Z",
      "fileName": "flows/Case_Milestones.flow",
      "fullName": "Case_Milestones",
      "id": "30154000000aH8WAAU",
      "lastModifiedById": "00541000004SyXBAA0",
      "lastModifiedByName": "Zack Patrick",
      "lastModifiedDate": "2023-02-01T21:53:01.000Z",
      "manageableState": "unmanaged",
      "type": "Flow"
    },
    {
      "createdById": "00541000004SyXBAA0",
      "createdByName": "Zack Patrick",
      "createdDate": "2023-02-07T16:24:52.000Z",
      "fileName": "flows/Project_Edited_BEFORE.flow",
      "fullName": "Project_Edited_BEFORE",
      "id": "30154000000aJYCAA2",
      "lastModifiedById": "00541000004SyXBAA0",
      "lastModifiedByName": "Zack Patrick",
      "lastModifiedDate": "2023-02-07T16:25:05.000Z",
      "manageableState": "unmanaged",
      "type": "Flow"
    },
    {
      "createdById": "0053f00000145zgAAA",
      "createdByName": "Nathan Wylder",
      "createdDate": "2021-12-01T14:58:39.000Z",
      "fileName": "flows/Ag_Lead_Process.flow",
      "fullName": "Ag_Lead_Process",
      "id": "3013f000000PIO1AAO",
      "lastModifiedById": "0053f00000145zgAAA",
      "lastModifiedByName": "Nathan Wylder",
      "lastModifiedDate": "2021-12-01T15:02:49.000Z",
      "manageableState": "unmanaged",
      "type": "Flow"
    },
    {
      "createdById": "00541000004SyXBAA0",
      "createdByName": "Zack Patrick",
      "createdDate": "2022-07-21T20:10:56.000Z",
      "fileName": "flows/New_Item_Request_Updated.flow",
      "fullName": "New_Item_Request_Updated",
      "id": "3013f000000TV9wAAG",
      "lastModifiedById": "00541000004SyXBAA0",
      "lastModifiedByName": "Zack Patrick",
      "lastModifiedDate": "2022-07-21T20:14:53.000Z",
      "manageableState": "unmanaged",
      "type": "Flow"
    },
    {
      "createdById": "0053f00000145zgAAA",
      "createdByName": "Nathan Wylder",
      "createdDate": "2022-05-09T14:36:23.000Z",
      "fileName": "flows/Show_Watermark.flow",
      "fullName": "Show_Watermark",
      "id": "3013f000000TV1SAAW",
      "lastModifiedById": "0053f00000145zgAAA",
      "lastModifiedByName": "Nathan Wylder",
      "lastModifiedDate": "2022-07-29T13:12:32.000Z",
      "manageableState": "unmanaged",
      "type": "Flow"
    },
    {
      "createdById": "0053f000000Ze23AAC",
      "createdByName": "Will Burke",
      "createdDate": "2019-09-13T23:38:35.000Z",
      "fileName": "flows/Task_update_case_outbound_call_count.flow",
      "fullName": "Task_update_case_outbound_call_count",
      "id": "3013f0000008OTcAAM",
      "lastModifiedById": "0053f000000Ze23AAC",
      "lastModifiedByName": "Will Burke",
      "lastModifiedDate": "2019-09-14T00:29:09.000Z",
      "manageableState": "unmanaged",
      "type": "Flow"
    },
    {
      "createdById": "00541000004SyXBAA0",
      "createdByName": "Zack Patrick",
      "createdDate": "2023-01-24T19:30:18.000Z",
      "fileName": "flows/Case_Created_BEFORE.flow",
      "fullName": "Case_Created_BEFORE",
      "id": "30154000000aEeyAAE",
      "lastModifiedById": "00541000004SyXBAA0",
      "lastModifiedByName": "Zack Patrick",
      "lastModifiedDate": "2023-01-24T19:30:22.000Z",
      "manageableState": "unmanaged",
      "type": "Flow"
    },
    {
      "createdById": "00541000004SyXBAA0",
      "createdByName": "Zack Patrick",
      "createdDate": "2022-10-31T18:56:04.000Z",
      "fileName": "flows/Order_Rollups_for_Project.flow",
      "fullName": "Order_Rollups_for_Project",
      "id": "30154000000Zw3fAAC",
      "lastModifiedById": "00541000004SyXBAA0",
      "lastModifiedByName": "Zack Patrick",
      "lastModifiedDate": "2022-11-08T14:54:16.000Z",
      "manageableState": "unmanaged",
      "type": "Flow"
    },
    {
      "createdById": "0053f0000019P7FAAU",
      "createdByName": "Simplus Admin",
      "createdDate": "2021-08-07T00:01:03.000Z",
      "fileName": "flows/Plan_Review_ESR_Score.flow",
      "fullName": "Plan_Review_ESR_Score",
      "id": "3013f000000CcN0AAK",
      "lastModifiedById": "0053f0000019P7FAAU",
      "lastModifiedByName": "Simplus Admin",
      "lastModifiedDate": "2021-08-09T00:09:17.000Z",
      "manageableState": "unmanaged",
      "type": "Flow"
    },
    {
      "createdById": "00541000004SyXBAA0",
      "createdByName": "Zack Patrick",
      "createdDate": "2022-10-05T13:56:58.000Z",
      "fileName": "flows/Takeoff_and_Shop_Drawing_Email_Alerts.flow",
      "fullName": "Takeoff_and_Shop_Drawing_Email_Alerts",
      "id": "30154000000Zm2hAAC",
      "lastModifiedById": "00541000004SyXBAA0",
      "lastModifiedByName": "Zack Patrick",
      "lastModifiedDate": "2022-10-05T13:57:04.000Z",
      "manageableState": "unmanaged",
      "type": "Flow"
    },
    {
      "createdById": "00541000004SyXBAA0",
      "createdByName": "Zack Patrick",
      "createdDate": "2022-07-15T17:09:47.000Z",
      "fileName": "flows/Project_Created.flow",
      "fullName": "Project_Created",
      "id": "3013f000000TV9MAAW",
      "lastModifiedById": "00541000004SyXBAA0",
      "lastModifiedByName": "Zack Patrick",
      "lastModifiedDate": "2022-07-15T17:13:54.000Z",
      "manageableState": "unmanaged",
      "type": "Flow"
    },
    {
      "createdById": "0053f00000145zgAAA",
      "createdByName": "Nathan Wylder",
      "createdDate": "2021-01-11T22:51:59.000Z",
      "fileName": "flows/Do_Nothing.flow",
      "fullName": "Do_Nothing",
      "id": "3013f0000008S9XAAU",
      "lastModifiedById": "0053f00000145zgAAA",
      "lastModifiedByName": "Nathan Wylder",
      "lastModifiedDate": "2021-01-11T22:55:52.000Z",
      "manageableState": "unmanaged",
      "type": "Flow"
    },
    {
      "createdById": "00541000004SyXBAA0",
      "createdByName": "Zack Patrick",
      "createdDate": "2022-10-28T20:18:46.000Z",
      "fileName": "flows/Update_Quote_Record_Type_based_on_Approval_Status.flow",
      "fullName": "Update_Quote_Record_Type_based_on_Approval_Status",
      "id": "30154000000ZuAeAAK",
      "lastModifiedById": "00541000004SyXBAA0",
      "lastModifiedByName": "Zack Patrick",
      "lastModifiedDate": "2022-10-28T20:18:59.000Z",
      "manageableState": "unmanaged",
      "type": "Flow"
    },
    {
      "createdById": "00541000004SyXBAA0",
      "createdByName": "Zack Patrick",
      "createdDate": "2021-05-21T19:27:13.000Z",
      "fileName": "flows/Event_Processes.flow",
      "fullName": "Event_Processes",
      "id": "3013f000000CbrtAAC",
      "lastModifiedById": "00541000004SyXBAA0",
      "lastModifiedByName": "Zack Patrick",
      "lastModifiedDate": "2021-05-21T19:44:22.000Z",
      "manageableState": "unmanaged",
      "type": "Flow"
    },
    {
      "createdById": "00541000003Aq3qAAC",
      "createdByName": "Jessica Deal",
      "createdDate": "2017-06-01T19:47:06.000Z",
      "fileName": "flows/Create_Project_Contact_Role_Flow.flow",
      "fullName": "Create_Project_Contact_Role_Flow",
      "id": "30141000000RuUQAA0",
      "lastModifiedById": "00541000003Aq3qAAC",
      "lastModifiedByName": "Jessica Deal",
      "lastModifiedDate": "2017-06-01T19:50:17.000Z",
      "manageableState": "unmanaged",
      "type": "Flow"
    }
  ]
}