{
  "status": 0,
  "result": [
    {
      "createdById": "00541000004SyXBAA0",
      "createdByName": "Zack Patrick",
      "createdDate": "2021-12-17T01:18:17.000Z",
      "fileName": "flowDefinitions/Sizing_Request_Child_Bring_over_Parent_Info.flowDefinition",
      "fullName": "Sizing_Request_Child_Bring_over_Parent_Info",
      "id": "3003f000000GqABAA0",
      "lastModifiedById": "0053f000000U5CCAA0",
      "lastModifiedByName": "Pooja Dendukoori",
      "lastModifiedDate": "2022-03-04T13:05:16.000Z",
      "manageableState": "unmanaged",
      "type": "FlowDefinition"
    },
    {
      "createdById": "00541000004SyXBAA0",
      "createdByName": "Zack Patrick",
      "createdDate": "2021-05-21T19:27:16.000Z",
      "fileName": "flowDefinitions/Task_Processes.flowDefinition",
      "fullName": "Task_Processes",
      "id": "3003f000000TQ9nAAG",
      "lastModifiedById": "00541000004SyXBAA0",
      "lastModifiedByName": "Zack Patrick",
      "lastModifiedDate": "2021-05-21T19:44:32.000Z",
      "manageableState": "unmanaged",
      "type": "FlowDefinition"
    },
    {
      "createdById": "00541000004SyXBAA0",
      "createdByName": "Zack Patrick",
      "createdDate": "2021-11-02T15:24:16.000Z",
      "fileName": "flowDefinitions/Pardot_Form_Re_submission.flowDefinition",
      "fullName": "Pardot_Form_Re_submission",
      "id": "3003f000000Gq7gAAC",
      "lastModifiedById": "00541000004SyXBAA0",
      "lastModifiedByName": "Zack Patrick",
      "lastModifiedDate": "2022-02-08T15:23:59.000Z",
      "manageableState": "unmanaged",
      "type": "FlowDefinition"
    },
    {
      "createdById": "0053f00000145zgAAA",
      "createdByName": "Nathan Wylder",
      "createdDate": "2022-05-09T14:04:10.000Z",
      "fileName": "flowDefinitions/Show_Watermark.flowDefinition",
      "fullName": "Show_Watermark",
      "id": "3003f000000XcrjAAC",
      "lastModifiedById": "0053f00000145zgAAA",
      "lastModifiedByName": "Nathan Wylder",
      "lastModifiedDate": "2022-07-29T13:12:32.000Z",
      "manageableState": "unmanaged",
      "type": "FlowDefinition"
    },
    {
      "createdById": "00541000004SyXBAA0",
      "createdByName": "Zack Patrick",
      "createdDate": "2023-02-07T16:24:52.000Z",
      "fileName": "flowDefinitions/Project_Edited_BEFORE.flowDefinition",
      "fullName": "Project_Edited_BEFORE",
      "id": "30054000000HVzeAAG",
      "lastModifiedById": "00541000004SyXBAA0",
      "lastModifiedByName": "Zack Patrick",
      "lastModifiedDate": "2023-02-07T16:25:05.000Z",
      "manageableState": "unmanaged",
      "type": "FlowDefinition"
    },
    {
      "createdById": "0053f0000019P7FAAU",
      "createdByName": "Simplus Admin",
      "createdDate": "2021-08-07T00:01:02.000Z",
      "fileName": "flowDefinitions/ESR_Technician_Capture.flowDefinition",
      "fullName": "ESR_Technician_Capture",
      "id": "3003f000000TQHmAAO",
      "lastModifiedById": "0053f0000019P7FAAU",
      "lastModifiedByName": "Simplus Admin",
      "lastModifiedDate": "2021-08-09T00:09:56.000Z",
      "manageableState": "unmanaged",
      "type": "FlowDefinition"
    },
    {
      "createdById": "00541000004SyXBAA0",
      "createdByName": "Zack Patrick",
      "createdDate": "2022-11-08T14:54:43.000Z",
      "fileName": "flowDefinitions/Order_Created_or_Edited.flowDefinition",
      "fullName": "Order_Created_or_Edited",
      "id": "30054000000HSg5AAG",
      "lastModifiedById": "00541000004SyXBAA0",
      "lastModifiedByName": "Zack Patrick",
      "lastModifiedDate": "2023-01-17T19:20:55.000Z",
      "manageableState": "unmanaged",
      "type": "FlowDefinition"
    },
    {
      "createdById": "0053f0000019P7FAAU",
      "createdByName": "Simplus Admin",
      "createdDate": "2021-08-07T00:01:03.000Z",
      "fileName": "flowDefinitions/ESR_Weighted_Score.flowDefinition",
      "fullName": "ESR_Weighted_Score",
      "id": "3003f000000TQHoAAO",
      "lastModifiedById": "0053f0000019P7FAAU",
      "lastModifiedByName": "Simplus Admin",
      "lastModifiedDate": "2021-08-07T00:01:03.000Z",
      "manageableState": "unmanaged",
      "type": "FlowDefinition"
    },
    {
      "createdById": "00541000004SyXBAA0",
      "createdByName": "Zack Patrick",
      "createdDate": "2020-11-20T21:04:51.000Z",
      "fileName": "flowDefinitions/Attachment_Case_Email_Alerts_Rejected_On_Hold.flowDefinition",
      "fullName": "Attachment_Case_Email_Alerts_Rejected_On_Hold",
      "id": "3003f0000004FQxAAM",
      "lastModifiedById": "0053f00000145zgAAA",
      "lastModifiedByName": "Nathan Wylder",
      "lastModifiedDate": "2022-05-26T17:14:13.000Z",
      "manageableState": "unmanaged",
      "type": "FlowDefinition"
    },
    {
      "createdById": "00541000004SyXBAA0",
      "createdByName": "Zack Patrick",
      "createdDate": "2022-05-05T19:26:52.000Z",
      "fileName": "flowDefinitions/New_Item_Request_Updated.flowDefinition",
      "fullName": "New_Item_Request_Updated",
      "id": "3003f000000XcrQAAS",
      "lastModifiedById": "00541000004SyXBAA0",
      "lastModifiedByName": "Zack Patrick",
      "lastModifiedDate": "2022-07-21T20:14:53.000Z",
      "manageableState": "unmanaged",
      "type": "FlowDefinition"
    },
    {
      "createdById": "0053f00000145zgAAA",
      "createdByName": "Nathan Wylder",
      "createdDate": "2021-06-04T18:10:56.000Z",
      "fileName": "flowDefinitions/Update_Quote_end_date.flowDefinition",
      "fullName": "Update_Quote_end_date",
      "id": "3003f000000TQAuAAO",
      "lastModifiedById": "0053f00000145zgAAA",
      "lastModifiedByName": "Nathan Wylder",
      "lastModifiedDate": "2021-06-07T10:12:45.000Z",
      "manageableState": "unmanaged",
      "type": "FlowDefinition"
    },
    {
      "createdById": "00541000004SyXBAA0",
      "createdByName": "Zack Patrick",
      "createdDate": "2023-01-17T19:51:55.000Z",
      "fileName": "flowDefinitions/Order_Created_AFTER.flowDefinition",
      "fullName": "Order_Created_AFTER",
      "id": "30054000000HUrUAAW",
      "lastModifiedById": "00541000004SyXBAA0",
      "lastModifiedByName": "Zack Patrick",
      "lastModifiedDate": "2023-01-17T20:07:33.000Z",
      "manageableState": "unmanaged",
      "type": "FlowDefinition"
    },
    {
      "createdById": "0053f000000U5CCAA0",
      "createdByName": "Pooja Dendukoori",
      "createdDate": "2022-09-20T13:04:30.000Z",
      "fileName": "flowDefinitions/Send_docusign_notification_to_Zone_admin.flowDefinition",
      "fullName": "Send_docusign_notification_to_Zone_admin",
      "id": "30054000000HPOUAA4",
      "lastModifiedById": "0053f000000U5CCAA0",
      "lastModifiedByName": "Pooja Dendukoori",
      "lastModifiedDate": "2022-09-29T13:26:16.000Z",
      "manageableState": "unmanaged",
      "type": "FlowDefinition"
    },
    {
      "createdById": "0053f0000019P7FAAU",
      "createdByName": "Simplus Admin",
      "createdDate": "2021-08-07T00:01:03.000Z",
      "fileName": "flowDefinitions/ESR_Technician_Weighted_Score.flowDefinition",
      "fullName": "ESR_Technician_Weighted_Score",
      "id": "3003f000000TQHnAAO",
      "lastModifiedById": "0053f00000145zgAAA",
      "lastModifiedByName": "Nathan Wylder",
      "lastModifiedDate": "2021-12-09T20:44:42.000Z",
      "manageableState": "unmanaged",
      "type": "FlowDefinition"
    },
    {
      "createdById": "00541000004SyXBAA0",
      "createdByName": "Zack Patrick",
      "createdDate": "2022-10-04T19:52:29.000Z",
      "fileName": "flowDefinitions/Advanced_Approvals_Created_or_Edited.flowDefinition",
      "fullName": "Advanced_Approvals_Created_or_Edited",
      "id": "30054000000HQOnAAO",
      "lastModifiedById": "00541000004SyXBAA0",
      "lastModifiedByName": "Zack Patrick",
      "lastModifiedDate": "2022-10-12T19:28:46.000Z",
      "manageableState": "unmanaged",
      "type": "FlowDefinition"
    },
    {
      "createdById": "00541000004SyXBAA0",
      "createdByName": "Zack Patrick",
      "createdDate": "2021-09-04T00:03:17.000Z",
      "fileName": "flowDefinitions/End_Date_30_Days_or_1_Year.flowDefinition",
      "fullName": "End_Date_30_Days_or_1_Year",
      "id": "3003f000000GpuwAAC",
      "lastModifiedById": "00541000004SyXBAA0",
      "lastModifiedByName": "Zack Patrick",
      "lastModifiedDate": "2022-02-10T20:23:05.000Z",
      "manageableState": "unmanaged",
      "type": "FlowDefinition"
    },
    {
      "createdById": "00541000004SyXBAA0",
      "createdByName": "Zack Patrick",
      "createdDate": "2022-08-25T19:38:28.000Z",
      "fileName": "flowDefinitions/Municipal_Approvals_Created_or_Edited.flowDefinition",
      "fullName": "Municipal_Approvals_Created_or_Edited",
      "id": "3003f000000Xcw5AAC",
      "lastModifiedById": "00541000004SyXBAA0",
      "lastModifiedByName": "Zack Patrick",
      "lastModifiedDate": "2022-08-25T19:47:06.000Z",
      "manageableState": "unmanaged",
      "type": "FlowDefinition"
    },
    {
      "createdById": "00541000004SyXBAA0",
      "createdByName": "Zack Patrick",
      "createdDate": "2022-07-15T17:16:19.000Z",
      "fileName": "flowDefinitions/Quote_Request_Edited.flowDefinition",
      "fullName": "Quote_Request_Edited",
      "id": "3003f000000Xcv2AAC",
      "lastModifiedById": "00541000004SyXBAA0",
      "lastModifiedByName": "Zack Patrick",
      "lastModifiedDate": "2022-07-15T17:25:24.000Z",
      "manageableState": "unmanaged",
      "type": "FlowDefinition"
    },
    {
      "createdById": "0053f000000U5CCAA0",
      "createdByName": "Pooja Dendukoori",
      "createdDate": "2022-09-20T13:04:25.000Z",
      "fileName": "flowDefinitions/Update_Contact_record_with_Docusign_status.flowDefinition",
      "fullName": "Update_Contact_record_with_Docusign_status",
      "id": "30054000000HPOSAA4",
      "lastModifiedById": "0053f00000145zgAAA",
      "lastModifiedByName": "Nathan Wylder",
      "lastModifiedDate": "2022-10-14T19:54:19.000Z",
      "manageableState": "unmanaged",
      "type": "FlowDefinition"
    },
    {
      "createdById": "0053f0000019P7FAAU",
      "createdByName": "Simplus Admin",
      "createdDate": "2022-03-18T22:00:52.000Z",
      "fileName": "flowDefinitions/Project_Calculate_Opportunity_Score.flowDefinition",
      "fullName": "Project_Calculate_Opportunity_Score",
      "id": "3003f000000XcpsAAC",
      "lastModifiedById": "0053f00000145zgAAA",
      "lastModifiedByName": "Nathan Wylder",
      "lastModifiedDate": "2023-01-31T15:42:27.000Z",
      "manageableState": "unmanaged",
      "type": "FlowDefinition"
    },
    {
      "createdById": "00541000004SMkpAAG",
      "createdByName": "SFDC Support",
      "createdDate": "2018-05-03T22:18:27.000Z",
      "fileName": "flowDefinitions/Populate_Expected_Completion_Date_with_Requested_Date.flowDefinition",
      "fullName": "Populate_Expected_Completion_Date_with_Requested_Date",
      "id": "30041000000XekVAAS",
      "lastModifiedById": "00541000004SMkpAAG",
      "lastModifiedByName": "SFDC Support",
      "lastModifiedDate": "2018-05-03T22:24:16.000Z",
      "manageableState": "unmanaged",
      "type": "FlowDefinition"
    },
    {
      "createdById": "00541000004SyXBAA0",
      "createdByName": "Zack Patrick",
      "createdDate": "2022-10-31T15:07:37.000Z",
      "fileName": "flowDefinitions/Order_Rollups_for_Project.flowDefinition",
      "fullName": "Order_Rollups_for_Project",
      "id": "30054000000HSRtAAO",
      "lastModifiedById": "00541000004SyXBAA0",
      "lastModifiedByName": "Zack Patrick",
      "lastModifiedDate": "2022-11-08T14:54:16.000Z",
      "manageableState": "unmanaged",
      "type": "FlowDefinition"
    },
    {
      "createdById": "00541000004SyXBAA0",
      "createdByName": "Zack Patrick",
      "createdDate": "2021-04-15T22:59:10.000Z",
      "fileName": "flowDefinitions/ADS_Quote_Request_Process.flowDefinition",
      "fullName": "ADS_Quote_Request_Process",
      "id": "3003f000000TQ4XAAW",
      "lastModifiedById": "00541000004SyXBAA0",
      "lastModifiedByName": "Zack Patrick",
      "lastModifiedDate": "2021-05-06T14:47:40.000Z",
      "manageableState": "unmanaged",
      "type": "FlowDefinition"
    },
    {
      "createdById": "00541000004SMkpAAG",
      "createdByName": "SFDC Support",
      "createdDate": "2018-03-09T23:01:03.000Z",
      "fileName": "flowDefinitions/Opportunity_to_Case_Sync.flowDefinition",
      "fullName": "Opportunity_to_Case_Sync",
      "id": "30041000000JX0cAAG",
      "lastModifiedById": "00541000004SyXBAA0",
      "lastModifiedByName": "Zack Patrick",
      "lastModifiedDate": "2021-06-07T15:21:42.000Z",
      "manageableState": "unmanaged",
      "type": "FlowDefinition"
    },
    {
      "createdById": "0053f00000145zgAAA",
      "createdByName": "Nathan Wylder",
      "createdDate": "2021-01-11T22:51:59.000Z",
      "fileName": "flowDefinitions/IPM_Status_to_Closed_Inactive.flowDefinition",
      "fullName": "IPM_Status_to_Closed_Inactive",
      "id": "3003f0000004FWwAAM",
      "lastModifiedById": "0053f00000145zgAAA",
      "lastModifiedByName": "Nathan Wylder",
      "lastModifiedDate": "2021-01-11T22:57:05.000Z",
      "manageableState": "unmanaged",
      "type": "FlowDefinition"
    },
    {
      "createdById": "0053f000000Ze23AAC",
      "createdByName": "Will Burke",
      "createdDate": "2019-09-13T23:38:32.000Z",
      "fileName": "flowDefinitions/CSR_Case_Assignment_Notification.flowDefinition",
      "fullName": "CSR_Case_Assignment_Notification",
      "id": "3003f0000004EsLAAU",
      "lastModifiedById": "00541000004SyXBAA0",
      "lastModifiedByName": "Zack Patrick",
      "lastModifiedDate": "2021-09-09T19:27:46.000Z",
      "manageableState": "unmanaged",
      "type": "FlowDefinition"
    },
    {
      "createdById": "0053f000000U5CCAA0",
      "createdByName": "Pooja Dendukoori",
      "createdDate": "2022-03-18T14:59:35.000Z",
      "fileName": "flowDefinitions/Workflow_to_Flow_Case_Created.flowDefinition",
      "fullName": "Workflow_to_Flow_Case_Created",
      "id": "3003f000000XcpTAAS",
      "lastModifiedById": "0053f000000U5CCAA0",
      "lastModifiedByName": "Pooja Dendukoori",
      "lastModifiedDate": "2022-09-08T18:17:47.000Z",
      "manageableState": "unmanaged",
      "type": "FlowDefinition"
    },
    {
      "createdById": "0053f000000qKaxAAE",
      "createdByName": "Rajasekhar Vempati",
      "createdDate": "2022-09-20T12:34:16.000Z",
      "fileName": "flowDefinitions/Before_Created_OR_Updated.flowDefinition",
      "fullName": "Before_Created_OR_Updated",
      "id": "30054000000HPO8AAO",
      "lastModifiedById": "0053f000000qKaxAAE",
      "lastModifiedByName": "Rajasekhar Vempati",
      "lastModifiedDate": "2022-09-27T11:48:25.000Z",
      "manageableState": "unmanaged",
      "type": "FlowDefinition"
    },
    {
      "createdById": "00541000004SyXBAA0",
      "createdByName": "Zack Patrick",
      "createdDate": "2022-05-05T19:26:52.000Z",
      "fileName": "flowDefinitions/New_Item_Request_Created.flowDefinition",
      "fullName": "New_Item_Request_Created",
      "id": "3003f000000XcrPAAS",
      "lastModifiedById": "00541000004SyXBAA0",
      "lastModifiedByName": "Zack Patrick",
      "lastModifiedDate": "2022-10-12T17:46:37.000Z",
      "manageableState": "unmanaged",
      "type": "FlowDefinition"
    },
    {
      "createdById": "0053f000000U5CCAA0",
      "createdByName": "Pooja Dendukoori",
      "createdDate": "2022-03-18T14:59:38.000Z",
      "fileName": "flowDefinitions/Workflow_to_Flow_migration_for_case_2.flowDefinition",
      "fullName": "Workflow_to_Flow_migration_for_case_2",
      "id": "3003f000000XcpUAAS",
      "lastModifiedById": "0053f00000145zgAAA",
      "lastModifiedByName": "Nathan Wylder",
      "lastModifiedDate": "2023-01-17T17:18:03.000Z",
      "manageableState": "unmanaged",
      "type": "FlowDefinition"
    },
    {
      "createdById": "0053f00000145zgAAA",
      "createdByName": "Nathan Wylder",
      "createdDate": "2021-04-03T00:21:57.000Z",
      "fileName": "flowDefinitions/ADS_Sync_Quote_and_Quote_Line_to_Oracle.flowDefinition",
      "fullName": "ADS_Sync_Quote_and_Quote_Line_to_Oracle",
      "id": "3003f000000TPuNAAW",
      "lastModifiedById": "00541000004SyXBAA0",
      "lastModifiedByName": "Zack Patrick",
      "lastModifiedDate": "2022-11-17T13:55:41.000Z",
      "manageableState": "unmanaged",
      "type": "FlowDefinition"
    },
    {
      "createdById": "0053f00000145zgAAA",
      "createdByName": "Nathan Wylder",
      "createdDate": "2021-12-01T14:58:39.000Z",
      "fileName": "flowDefinitions/Ag_Lead_Process.flowDefinition",
      "fullName": "Ag_Lead_Process",
      "id": "3003f000000Gq8oAAC",
      "lastModifiedById": "0053f00000145zgAAA",
      "lastModifiedByName": "Nathan Wylder",
      "lastModifiedDate": "2021-12-01T15:02:49.000Z",
      "manageableState": "unmanaged",
      "type": "FlowDefinition"
    },
    {
      "createdById": "00541000004SMkpAAG",
      "createdByName": "SFDC Support",
      "createdDate": "2018-03-09T23:01:06.000Z",
      "fileName": "flowDefinitions/Update_Sales_Rep_and_EPM_on_Case.flowDefinition",
      "fullName": "Update_Sales_Rep_and_EPM_on_Case",
      "id": "30041000000JX0dAAG",
      "lastModifiedById": "00541000004SMkpAAG",
      "lastModifiedByName": "SFDC Support",
      "lastModifiedDate": "2020-09-01T13:56:37.000Z",
      "manageableState": "unmanaged",
      "type": "FlowDefinition"
    },
    {
      "createdById": "0053f00000145zgAAA",
      "createdByName": "Nathan Wylder",
      "createdDate": "2021-01-11T22:51:58.000Z",
      "fileName": "flowDefinitions/Do_Nothing.flowDefinition",
      "fullName": "Do_Nothing",
      "id": "3003f0000004FWvAAM",
      "lastModifiedById": "0053f00000145zgAAA",
      "lastModifiedByName": "Nathan Wylder",
      "lastModifiedDate": "2021-05-12T19:57:11.000Z",
      "manageableState": "unmanaged",
      "type": "FlowDefinition"
    },
    {
      "createdById": "00541000004SyXBAA0",
      "createdByName": "Zack Patrick",
      "createdDate": "2021-04-27T20:02:56.000Z",
      "fileName": "flowDefinitions/Order_Process.flowDefinition",
      "fullName": "Order_Process",
      "id": "3003f000000TQ7RAAW",
      "lastModifiedById": "00541000004SyXBAA0",
      "lastModifiedByName": "Zack Patrick",
      "lastModifiedDate": "2021-06-08T17:02:28.000Z",
      "manageableState": "unmanaged",
      "type": "FlowDefinition"
    },
    {
      "createdById": "0053f0000016G9aAAE",
      "createdByName": "Levi Kurtright",
      "createdDate": "2020-12-12T18:51:29.000Z",
      "fileName": "flowDefinitions/Advanced_Approvals_Mobile_Notification.flowDefinition",
      "fullName": "Advanced_Approvals_Mobile_Notification",
      "id": "3003f0000004FUGAA2",
      "lastModifiedById": "0053f0000019P7FAAU",
      "lastModifiedByName": "Simplus Admin",
      "lastModifiedDate": "2021-01-29T22:05:09.000Z",
      "manageableState": "unmanaged",
      "type": "FlowDefinition"
    },
    {
      "createdById": "00541000004SyXBAA0",
      "createdByName": "Zack Patrick",
      "createdDate": "2023-01-24T19:23:01.000Z",
      "fileName": "flowDefinitions/Case_Created_BEFORE.flowDefinition",
      "fullName": "Case_Created_BEFORE",
      "id": "30054000000HV6tAAG",
      "lastModifiedById": "00541000004SyXBAA0",
      "lastModifiedByName": "Zack Patrick",
      "lastModifiedDate": "2023-01-24T19:30:23.000Z",
      "manageableState": "unmanaged",
      "type": "FlowDefinition"
    },
    {
      "createdById": "00541000004SyXBAA0",
      "createdByName": "Zack Patrick",
      "createdDate": "2022-10-26T13:56:27.000Z",
      "fileName": "flowDefinitions/Sub_Flow_Contact_Path_FormAssembly.flowDefinition",
      "fullName": "Sub_Flow_Contact_Path_FormAssembly",
      "id": "30054000000HR4ZAAW",
      "lastModifiedById": "0053f00000145zgAAA",
      "lastModifiedByName": "Nathan Wylder",
      "lastModifiedDate": "2022-10-26T20:24:53.000Z",
      "manageableState": "unmanaged",
      "type": "FlowDefinition"
    },
    {
      "createdById": "00541000004SyXBAA0",
      "createdByName": "Zack Patrick",
      "createdDate": "2022-06-16T20:42:44.000Z",
      "fileName": "flowDefinitions/Order_Created.flowDefinition",
      "fullName": "Order_Created",
      "id": "3003f000000XcscAAC",
      "lastModifiedById": "00541000004SyXBAA0",
      "lastModifiedByName": "Zack Patrick",
      "lastModifiedDate": "2022-08-29T14:56:32.000Z",
      "manageableState": "unmanaged",
      "type": "FlowDefinition"
    },
    {
      "createdById": "0053f000000qKaxAAE",
      "createdByName": "Rajasekhar Vempati",
      "createdDate": "2022-07-29T13:08:56.000Z",
      "fileName": "flowDefinitions/Quote_Before_Created_Updated.flowDefinition",
      "fullName": "Quote_Before_Created_Updated",
      "id": "3003f000000XcvXAAS",
      "lastModifiedById": "0053f000000qKaxAAE",
      "lastModifiedByName": "Rajasekhar Vempati",
      "lastModifiedDate": "2022-07-29T13:12:53.000Z",
      "manageableState": "unmanaged",
      "type": "FlowDefinition"
    },
    {
      "createdById": "00541000004SyXBAA0",
      "createdByName": "Zack Patrick",
      "createdDate": "2022-06-27T14:16:36.000Z",
      "fileName": "flowDefinitions/Project_Created.flowDefinition",
      "fullName": "Project_Created",
      "id": "3003f000000XcuiAAC",
      "lastModifiedById": "00541000004SyXBAA0",
      "lastModifiedByName": "Zack Patrick",
      "lastModifiedDate": "2022-07-15T17:13:54.000Z",
      "manageableState": "unmanaged",
      "type": "FlowDefinition"
    },
    {
      "createdById": "0053f00000145zgAAA",
      "createdByName": "Nathan Wylder",
      "createdDate": "2022-05-09T14:04:10.000Z",
      "fileName": "flowDefinitions/Quote_Template.flowDefinition",
      "fullName": "Quote_Template",
      "id": "3003f000000XcrhAAC",
      "lastModifiedById": "0053f00000145zgAAA",
      "lastModifiedByName": "Nathan Wylder",
      "lastModifiedDate": "2022-07-29T13:12:30.000Z",
      "manageableState": "unmanaged",
      "type": "FlowDefinition"
    },
    {
      "createdById": "0053f000000Ze23AAC",
      "createdByName": "Will Burke",
      "createdDate": "2019-09-13T23:38:32.000Z",
      "fileName": "flowDefinitions/Complete_First_Response_Milestone.flowDefinition",
      "fullName": "Complete_First_Response_Milestone",
      "id": "3003f0000004EsMAAU",
      "lastModifiedById": "00541000004SyXBAA0",
      "lastModifiedByName": "Zack Patrick",
      "lastModifiedDate": "2021-09-09T19:27:39.000Z",
      "manageableState": "unmanaged",
      "type": "FlowDefinition"
    },
    {
      "createdById": "0053f000000U5CCAA0",
      "createdByName": "Pooja Dendukoori",
      "createdDate": "2022-05-20T13:33:13.000Z",
      "fileName": "flowDefinitions/Workflow_to_Flow_migration_for_case.flowDefinition",
      "fullName": "Workflow_to_Flow_migration_for_case",
      "id": "3003f000000XcrtAAC",
      "lastModifiedById": "0053f000000U5CCAA0",
      "lastModifiedByName": "Pooja Dendukoori",
      "lastModifiedDate": "2022-09-08T18:28:15.000Z",
      "manageableState": "unmanaged",
      "type": "FlowDefinition"
    },
    {
      "createdById": "00541000004SyXBAA0",
      "createdByName": "Zack Patrick",
      "createdDate": "2020-10-16T20:04:03.000Z",
      "fileName": "flowDefinitions/Update_Project_Owner_to_Rep.flowDefinition",
      "fullName": "Update_Project_Owner_to_Rep",
      "id": "3003f0000004FOXAA2",
      "lastModifiedById": "00541000004SyXBAA0",
      "lastModifiedByName": "Zack Patrick",
      "lastModifiedDate": "2021-05-05T19:08:15.000Z",
      "manageableState": "unmanaged",
      "type": "FlowDefinition"
    },
    {
      "createdById": "00541000004SyXBAA0",
      "createdByName": "Zack Patrick",
      "createdDate": "2021-09-17T00:16:02.000Z",
      "fileName": "flowDefinitions/Project_Review_Form_Record_Type_Handler.flowDefinition",
      "fullName": "Project_Review_Form_Record_Type_Handler",
      "id": "3003f000000GpwnAAC",
      "lastModifiedById": "00541000004SyXBAA0",
      "lastModifiedByName": "Zack Patrick",
      "lastModifiedDate": "2023-02-03T18:19:19.000Z",
      "manageableState": "unmanaged",
      "type": "FlowDefinition"
    },
    {
      "createdById": "005410000065SDyAAM",
      "createdByName": "Cole Baughn",
      "createdDate": "2018-10-12T21:17:00.000Z",
      "fileName": "flowDefinitions/Create_Small_Project_Quote_Request.flowDefinition",
      "fullName": "Create_Small_Project_Quote_Request",
      "id": "30041000000Jcb6AAC",
      "lastModifiedById": "0053f0000019P7FAAU",
      "lastModifiedByName": "Simplus Admin",
      "lastModifiedDate": "2021-07-31T01:42:09.000Z",
      "manageableState": "unmanaged",
      "type": "FlowDefinition"
    },
    {
      "createdById": "0053f0000019P7FAAU",
      "createdByName": "Simplus Admin",
      "createdDate": "2021-01-29T22:00:21.000Z",
      "fileName": "flowDefinitions/Advance_Approval_Request_Notification.flowDefinition",
      "fullName": "Advance_Approval_Request_Notification",
      "id": "3003f0000004Fb7AAE",
      "lastModifiedById": "00541000004SyXBAA0",
      "lastModifiedByName": "Zack Patrick",
      "lastModifiedDate": "2022-07-05T21:04:11.000Z",
      "manageableState": "unmanaged",
      "type": "FlowDefinition"
    },
    {
      "createdById": "00541000004SyXBAA0",
      "createdByName": "Zack Patrick",
      "createdDate": "2022-03-11T19:58:24.000Z",
      "fileName": "flowDefinitions/Task_Created.flowDefinition",
      "fullName": "Task_Created",
      "id": "3003f000000Xcp4AAC",
      "lastModifiedById": "00541000004SyXBAA0",
      "lastModifiedByName": "Zack Patrick",
      "lastModifiedDate": "2022-06-15T19:37:34.000Z",
      "manageableState": "unmanaged",
      "type": "FlowDefinition"
    },
    {
      "createdById": "0053f000000U5CCAA0",
      "createdByName": "Pooja Dendukoori",
      "createdDate": "2022-02-18T14:42:32.000Z",
      "fileName": "flowDefinitions/Workflow_to_Flow_Case_Closed.flowDefinition",
      "fullName": "Workflow_to_Flow_Case_Closed",
      "id": "3003f000000XcnDAAS",
      "lastModifiedById": "0053f000000U5CCAA0",
      "lastModifiedByName": "Pooja Dendukoori",
      "lastModifiedDate": "2022-05-25T13:21:38.000Z",
      "manageableState": "unmanaged",
      "type": "FlowDefinition"
    },
    {
      "createdById": "00541000004SyXBAA0",
      "createdByName": "Zack Patrick",
      "createdDate": "2023-01-17T19:21:32.000Z",
      "fileName": "flowDefinitions/Order_Created_or_Edited_AFTER.flowDefinition",
      "fullName": "Order_Created_or_Edited_AFTER",
      "id": "30054000000HUqvAAG",
      "lastModifiedById": "00541000004SyXBAA0",
      "lastModifiedByName": "Zack Patrick",
      "lastModifiedDate": "2023-02-14T16:36:25.000Z",
      "manageableState": "unmanaged",
      "type": "FlowDefinition"
    },
    {
      "createdById": "0053f00000145zgAAA",
      "createdByName": "Nathan Wylder",
      "createdDate": "2023-01-27T16:42:25.000Z",
      "fileName": "flowDefinitions/Account_InsertOrUpdate_Before.flowDefinition",
      "fullName": "Account_InsertOrUpdate_Before",
      "id": "30054000000HVG0AAO",
      "lastModifiedById": "0053f00000145zgAAA",
      "lastModifiedByName": "Nathan Wylder",
      "lastModifiedDate": "2023-01-27T16:42:27.000Z",
      "manageableState": "unmanaged",
      "type": "FlowDefinition"
    },
    {
      "createdById": "005410000064gGzAAI",
      "createdByName": "Daniel Adler",
      "createdDate": "2018-07-09T21:18:59.000Z",
      "fileName": "flowDefinitions/Update_Project_when_Case_Closes.flowDefinition",
      "fullName": "Update_Project_when_Case_Closes",
      "id": "30041000000Xg2cAAC",
      "lastModifiedById": "00541000003Aq3qAAC",
      "lastModifiedByName": "Jessica Deal",
      "lastModifiedDate": "2019-05-21T17:45:51.000Z",
      "manageableState": "unmanaged",
      "type": "FlowDefinition"
    },
    {
      "createdById": "0053f00000145zgAAA",
      "createdByName": "Nathan Wylder",
      "createdDate": "2022-05-09T14:04:10.000Z",
      "fileName": "flowDefinitions/Set_External_Id_Product_Option.flowDefinition",
      "fullName": "Set_External_Id_Product_Option",
      "id": "3003f000000XcriAAC",
      "lastModifiedById": "0053f00000145zgAAA",
      "lastModifiedByName": "Nathan Wylder",
      "lastModifiedDate": "2022-05-09T14:27:20.000Z",
      "manageableState": "unmanaged",
      "type": "FlowDefinition"
    },
    {
      "createdById": "0053f0000019P7FAAU",
      "createdByName": "Simplus Admin",
      "createdDate": "2021-08-07T00:01:03.000Z",
      "fileName": "flowDefinitions/Plan_Review_ESR_Score.flowDefinition",
      "fullName": "Plan_Review_ESR_Score",
      "id": "3003f000000TQHpAAO",
      "lastModifiedById": "0053f0000019P7FAAU",
      "lastModifiedByName": "Simplus Admin",
      "lastModifiedDate": "2021-08-09T00:09:17.000Z",
      "manageableState": "unmanaged",
      "type": "FlowDefinition"
    },
    {
      "createdById": "0053f00000145zgAAA",
      "createdByName": "Nathan Wylder",
      "createdDate": "2023-01-09T18:07:58.000Z",
      "fileName": "flowDefinitions/Convert_Leads.flowDefinition",
      "fullName": "Convert_Leads",
      "id": "30054000000HUUQAA4",
      "lastModifiedById": "0053f00000145zgAAA",
      "lastModifiedByName": "Nathan Wylder",
      "lastModifiedDate": "2023-01-09T22:03:37.000Z",
      "manageableState": "unmanaged",
      "type": "FlowDefinition"
    },
    {
      "createdById": "00541000004SyXBAA0",
      "createdByName": "Zack Patrick",
      "createdDate": "2021-05-21T19:27:13.000Z",
      "fileName": "flowDefinitions/Event_Processes.flowDefinition",
      "fullName": "Event_Processes",
      "id": "3003f000000TQ9mAAG",
      "lastModifiedById": "00541000004SyXBAA0",
      "lastModifiedByName": "Zack Patrick",
      "lastModifiedDate": "2021-05-21T19:44:22.000Z",
      "manageableState": "unmanaged",
      "type": "FlowDefinition"
    },
    {
      "createdById": "00541000004SyXBAA0",
      "createdByName": "Zack Patrick",
      "createdDate": "2022-06-24T19:37:40.000Z",
      "fileName": "flowDefinitions/Project_Created_or_Edited.flowDefinition",
      "fullName": "Project_Created_or_Edited",
      "id": "3003f000000XcuTAAS",
      "lastModifiedById": "00541000004SyXBAA0",
      "lastModifiedByName": "Zack Patrick",
      "lastModifiedDate": "2022-07-15T17:12:54.000Z",
      "manageableState": "unmanaged",
      "type": "FlowDefinition"
    },
    {
      "createdById": "0053f00000145zgAAA",
      "createdByName": "Nathan Wylder",
      "createdDate": "2022-09-29T15:12:02.000Z",
      "fileName": "flowDefinitions/Case_Escalation_Notifications.flowDefinition",
      "fullName": "Case_Escalation_Notifications",
      "id": "30054000000HQ78AAG",
      "lastModifiedById": "0053f00000145zgAAA",
      "lastModifiedByName": "Nathan Wylder",
      "lastModifiedDate": "2022-10-22T00:50:17.000Z",
      "manageableState": "unmanaged",
      "type": "FlowDefinition"
    },
    {
      "createdById": "0053f00000145zgAAA",
      "createdByName": "Nathan Wylder",
      "createdDate": "2022-09-29T15:12:02.000Z",
      "fileName": "flowDefinitions/Customer_Feedback_Notifications.flowDefinition",
      "fullName": "Customer_Feedback_Notifications",
      "id": "30054000000HQ79AAG",
      "lastModifiedById": "0053f00000145zgAAA",
      "lastModifiedByName": "Nathan Wylder",
      "lastModifiedDate": "2022-10-31T17:43:25.000Z",
      "manageableState": "unmanaged",
      "type": "FlowDefinition"
    },
    {
      "createdById": "0053f0000016G9aAAE",
      "createdByName": "Levi Kurtright",
      "createdDate": "2020-11-30T20:18:12.000Z",
      "fileName": "flowDefinitions/Amen.flowDefinition",
      "fullName": "Amen",
      "id": "3003f0000004FSAAA2",
      "lastModifiedById": "0053f0000016G9aAAE",
      "lastModifiedByName": "Levi Kurtright",
      "lastModifiedDate": "2020-12-15T14:28:54.000Z",
      "manageableState": "unmanaged",
      "type": "FlowDefinition"
    },
    {
      "createdById": "00541000004SyXBAA0",
      "createdByName": "Zack Patrick",
      "createdDate": "2022-09-21T18:31:27.000Z",
      "fileName": "flowDefinitions/Form_Assembly_Flow.flowDefinition",
      "fullName": "Form_Assembly_Flow",
      "id": "30054000000HPUBAA4",
      "lastModifiedById": "0053f00000145zgAAA",
      "lastModifiedByName": "Nathan Wylder",
      "lastModifiedDate": "2023-01-25T21:03:55.000Z",
      "manageableState": "unmanaged",
      "type": "FlowDefinition"
    },
    {
      "createdById": "0053f00000145zgAAA",
      "createdByName": "Nathan Wylder",
      "createdDate": "2023-01-09T21:43:50.000Z",
      "fileName": "flowDefinitions/Update_Form_Submission_on_Lead_Conversion.flowDefinition",
      "fullName": "Update_Form_Submission_on_Lead_Conversion",
      "id": "30054000000HUUzAAO",
      "lastModifiedById": "0053f00000145zgAAA",
      "lastModifiedByName": "Nathan Wylder",
      "lastModifiedDate": "2023-01-09T21:48:13.000Z",
      "manageableState": "unmanaged",
      "type": "FlowDefinition"
    },
    {
      "createdById": "00541000003Aq3qAAC",
      "createdByName": "Jessica Deal",
      "createdDate": "2017-06-01T19:47:06.000Z",
      "fileName": "flowDefinitions/Create_Project_Contact_Role_Flow.flowDefinition",
      "fullName": "Create_Project_Contact_Role_Flow",
      "id": "30041000000EoJJAA0",
      "lastModifiedById": "00541000003Aq3qAAC",
      "lastModifiedByName": "Jessica Deal",
      "lastModifiedDate": "2017-06-01T19:50:17.000Z",
      "manageableState": "unmanaged",
      "type": "FlowDefinition"
    },
    {
      "createdById": "0053f0000019P7FAAU",
      "createdByName": "Simplus Admin",
      "createdDate": "2022-04-18T06:12:37.000Z",
      "fileName": "flowDefinitions/Case_Calculate_Case_Coordinator_Time.flowDefinition",
      "fullName": "Case_Calculate_Case_Coordinator_Time",
      "id": "3003f000000XcqWAAS",
      "lastModifiedById": "0053f0000019P7FAAU",
      "lastModifiedByName": "Simplus Admin",
      "lastModifiedDate": "2022-04-19T20:45:14.000Z",
      "manageableState": "unmanaged",
      "type": "FlowDefinition"
    },
    {
      "createdById": "0053f000000Ze23AAC",
      "createdByName": "Will Burke",
      "createdDate": "2019-09-13T23:38:34.000Z",
      "fileName": "flowDefinitions/Complete_Milestones_Upon_Case_Close.flowDefinition",
      "fullName": "Complete_Milestones_Upon_Case_Close",
      "id": "3003f0000004EsNAAU",
      "lastModifiedById": "00541000004SyXBAA0",
      "lastModifiedByName": "Zack Patrick",
      "lastModifiedDate": "2021-09-09T19:27:52.000Z",
      "manageableState": "unmanaged",
      "type": "FlowDefinition"
    },
    {
      "createdById": "0053f00000145zgAAA",
      "createdByName": "Nathan Wylder",
      "createdDate": "2022-05-26T14:55:12.000Z",
      "fileName": "flowDefinitions/Attachment_Email_Alerts.flowDefinition",
      "fullName": "Attachment_Email_Alerts",
      "id": "3003f000000XcsSAAS",
      "lastModifiedById": "0053f000000U5CCAA0",
      "lastModifiedByName": "Pooja Dendukoori",
      "lastModifiedDate": "2022-07-18T12:59:56.000Z",
      "manageableState": "unmanaged",
      "type": "FlowDefinition"
    },
    {
      "createdById": "0053f000000U5CCAA0",
      "createdByName": "Pooja Dendukoori",
      "createdDate": "2022-07-13T14:48:20.000Z",
      "fileName": "flowDefinitions/Attachment_Case_Email_alert_for_Existing_Rejected_Closed.flowDefinition",
      "fullName": "Attachment_Case_Email_alert_for_Existing_Rejected_Closed",
      "id": "3003f000000XcusAAC",
      "lastModifiedById": "0053f000000U5CCAA0",
      "lastModifiedByName": "Pooja Dendukoori",
      "lastModifiedDate": "2022-07-13T14:54:17.000Z",
      "manageableState": "unmanaged",
      "type": "FlowDefinition"
    },
    {
      "createdById": "0053f0000016G9aAAE",
      "createdByName": "Levi Kurtright",
      "createdDate": "2020-11-30T20:18:14.000Z",
      "fileName": "flowDefinitions/Cloned_Quote_should_not_be_in_Approved_Status.flowDefinition",
      "fullName": "Cloned_Quote_should_not_be_in_Approved_Status",
      "id": "3003f0000004FSCAA2",
      "lastModifiedById": "0053f00000145zgAAA",
      "lastModifiedByName": "Nathan Wylder",
      "lastModifiedDate": "2021-09-08T19:23:04.000Z",
      "manageableState": "unmanaged",
      "type": "FlowDefinition"
    },
    {
      "createdById": "0053f000001F7USAA0",
      "createdByName": "Nathan Cox",
      "createdDate": "2022-06-23T19:27:28.000Z",
      "fileName": "flowDefinitions/Contact_Auto_Update_Mailing_Country.flowDefinition",
      "fullName": "Contact_Auto_Update_Mailing_Country",
      "id": "3003f000000XcuJAAS",
      "lastModifiedById": "0053f000001F7USAA0",
      "lastModifiedByName": "Nathan Cox",
      "lastModifiedDate": "2022-06-23T19:34:37.000Z",
      "manageableState": "unmanaged",
      "type": "FlowDefinition"
    },
    {
      "createdById": "0053f0000019P7FAAU",
      "createdByName": "Simplus Admin",
      "createdDate": "2022-04-12T11:17:49.000Z",
      "fileName": "flowDefinitions/Case_Calculate_Case_Prioritization.flowDefinition",
      "fullName": "Case_Calculate_Case_Prioritization",
      "id": "3003f000000XcqCAAS",
      "lastModifiedById": "0053f00000145zgAAA",
      "lastModifiedByName": "Nathan Wylder",
      "lastModifiedDate": "2022-05-03T12:54:14.000Z",
      "manageableState": "unmanaged",
      "type": "FlowDefinition"
    },
    {
      "createdById": "005410000064gGzAAI",
      "createdByName": "Daniel Adler",
      "createdDate": "2018-07-09T21:18:57.000Z",
      "fileName": "flowDefinitions/Clear_Case_Status_Timetracking.flowDefinition",
      "fullName": "Clear_Case_Status_Timetracking",
      "id": "30041000000Xg2aAAC",
      "lastModifiedById": "00541000004SyXBAA0",
      "lastModifiedByName": "Zack Patrick",
      "lastModifiedDate": "2022-08-03T14:20:07.000Z",
      "manageableState": "unmanaged",
      "type": "FlowDefinition"
    },
    {
      "createdById": "005410000064gGzAAI",
      "createdByName": "Daniel Adler",
      "createdDate": "2018-07-09T21:18:59.000Z",
      "fileName": "flowDefinitions/Populate_Entitlements_to_Cases.flowDefinition",
      "fullName": "Populate_Entitlements_to_Cases",
      "id": "30041000000Xg2bAAC",
      "lastModifiedById": "00541000004SyXBAA0",
      "lastModifiedByName": "Zack Patrick",
      "lastModifiedDate": "2023-01-24T17:52:52.000Z",
      "manageableState": "unmanaged",
      "type": "FlowDefinition"
    },
    {
      "createdById": "0053f00000145zgAAA",
      "createdByName": "Nathan Wylder",
      "createdDate": "2022-05-09T14:04:09.000Z",
      "fileName": "flowDefinitions/Hide_Watermark.flowDefinition",
      "fullName": "Hide_Watermark",
      "id": "3003f000000XcrfAAC",
      "lastModifiedById": "0053f00000145zgAAA",
      "lastModifiedByName": "Nathan Wylder",
      "lastModifiedDate": "2022-07-29T13:12:27.000Z",
      "manageableState": "unmanaged",
      "type": "FlowDefinition"
    },
    {
      "createdById": "0053f00000145zgAAA",
      "createdByName": "Nathan Wylder",
      "createdDate": "2022-04-14T20:01:00.000Z",
      "fileName": "flowDefinitions/remove_perm_set_assignments_on_deactivate.flowDefinition",
      "fullName": "remove_perm_set_assignments_on_deactivate",
      "id": "3003f000000XcqMAAS",
      "lastModifiedById": "0053f00000145zgAAA",
      "lastModifiedByName": "Nathan Wylder",
      "lastModifiedDate": "2022-04-25T21:48:03.000Z",
      "manageableState": "unmanaged",
      "type": "FlowDefinition"
    },
    {
      "createdById": "0053f00000145zgAAA",
      "createdByName": "Nathan Wylder",
      "createdDate": "2021-08-23T14:23:20.000Z",
      "fileName": "flowDefinitions/User_Timestamps.flowDefinition",
      "fullName": "User_Timestamps",
      "id": "3003f000000GptyAAC",
      "lastModifiedById": "0053f00000145zgAAA",
      "lastModifiedByName": "Nathan Wylder",
      "lastModifiedDate": "2021-08-23T18:01:59.000Z",
      "manageableState": "unmanaged",
      "type": "FlowDefinition"
    },
    {
      "createdById": "0053f000000qKaxAAE",
      "createdByName": "Rajasekhar Vempati",
      "createdDate": "2022-07-29T13:08:52.000Z",
      "fileName": "flowDefinitions/Quote_After_CreateOrUpdate.flowDefinition",
      "fullName": "Quote_After_CreateOrUpdate",
      "id": "3003f000000XcvWAAS",
      "lastModifiedById": "00541000004SyXBAA0",
      "lastModifiedByName": "Zack Patrick",
      "lastModifiedDate": "2022-11-17T15:09:57.000Z",
      "manageableState": "unmanaged",
      "type": "FlowDefinition"
    },
    {
      "createdById": "0053f000000U5CCAA0",
      "createdByName": "Pooja Dendukoori",
      "createdDate": "2021-07-23T11:46:13.000Z",
      "fileName": "flowDefinitions/Send_Nyloplast_email_Alert.flowDefinition",
      "fullName": "Send_Nyloplast_email_Alert",
      "id": "3003f000000TQE8AAO",
      "lastModifiedById": "0053f000000U5CCAA0",
      "lastModifiedByName": "Pooja Dendukoori",
      "lastModifiedDate": "2021-08-18T13:47:42.000Z",
      "manageableState": "unmanaged",
      "type": "FlowDefinition"
    },
    {
      "createdById": "00541000004SyXBAA0",
      "createdByName": "Zack Patrick",
      "createdDate": "2022-10-05T13:56:58.000Z",
      "fileName": "flowDefinitions/Takeoff_and_Shop_Drawing_Email_Alerts.flowDefinition",
      "fullName": "Takeoff_and_Shop_Drawing_Email_Alerts",
      "id": "30054000000HQPvAAO",
      "lastModifiedById": "00541000004SyXBAA0",
      "lastModifiedByName": "Zack Patrick",
      "lastModifiedDate": "2022-10-05T13:57:04.000Z",
      "manageableState": "unmanaged",
      "type": "FlowDefinition"
    },
    {
      "createdById": "0053f00000145zgAAA",
      "createdByName": "Nathan Wylder",
      "createdDate": "2021-04-01T13:50:01.000Z",
      "fileName": "flowDefinitions/Maintenance_Window_Flow.flowDefinition",
      "fullName": "Maintenance_Window_Flow",
      "id": "3003f000000TPs2AAG",
      "lastModifiedById": "0053f00000145zgAAA",
      "lastModifiedByName": "Nathan Wylder",
      "lastModifiedDate": "2021-04-03T00:00:47.000Z",
      "manageableState": "unmanaged",
      "type": "FlowDefinition"
    },
    {
      "createdById": "00541000004SyXBAA0",
      "createdByName": "Zack Patrick",
      "createdDate": "2022-02-11T14:09:56.000Z",
      "fileName": "flowDefinitions/Quote_Created.flowDefinition",
      "fullName": "Quote_Created",
      "id": "3003f000000Xcn3AAC",
      "lastModifiedById": "0053f00000145zgAAA",
      "lastModifiedByName": "Nathan Wylder",
      "lastModifiedDate": "2022-07-29T13:12:47.000Z",
      "manageableState": "unmanaged",
      "type": "FlowDefinition"
    },
    {
      "createdById": "0053f000000U5CCAA0",
      "createdByName": "Pooja Dendukoori",
      "createdDate": "2022-09-20T13:04:30.000Z",
      "fileName": "flowDefinitions/Update_Zone_Admin_for_Contact.flowDefinition",
      "fullName": "Update_Zone_Admin_for_Contact",
      "id": "30054000000HPOTAA4",
      "lastModifiedById": "0053f000000U5CCAA0",
      "lastModifiedByName": "Pooja Dendukoori",
      "lastModifiedDate": "2022-09-29T13:20:00.000Z",
      "manageableState": "unmanaged",
      "type": "FlowDefinition"
    },
    {
      "createdById": "0053f0000019P7FAAU",
      "createdByName": "Simplus Admin",
      "createdDate": "2021-08-07T00:01:00.000Z",
      "fileName": "flowDefinitions/ESR_Reviewer_Weighted_Score.flowDefinition",
      "fullName": "ESR_Reviewer_Weighted_Score",
      "id": "3003f000000TQHlAAO",
      "lastModifiedById": "0053f00000145zgAAA",
      "lastModifiedByName": "Nathan Wylder",
      "lastModifiedDate": "2021-12-09T20:41:44.000Z",
      "manageableState": "unmanaged",
      "type": "FlowDefinition"
    },
    {
      "createdById": "00541000003Aq3qAAC",
      "createdByName": "Jessica Deal",
      "createdDate": "2017-06-01T19:47:10.000Z",
      "fileName": "flowDefinitions/Create_Project_Contact_Role_PB.flowDefinition",
      "fullName": "Create_Project_Contact_Role_PB",
      "id": "30041000000EoJKAA0",
      "lastModifiedById": "00541000003Aq3qAAC",
      "lastModifiedByName": "Jessica Deal",
      "lastModifiedDate": "2017-06-01T19:50:17.000Z",
      "manageableState": "unmanaged",
      "type": "FlowDefinition"
    },
    {
      "createdById": "00541000004SyXBAA0",
      "createdByName": "Zack Patrick",
      "createdDate": "2023-01-24T17:44:59.000Z",
      "fileName": "flowDefinitions/Case_Milestones.flowDefinition",
      "fullName": "Case_Milestones",
      "id": "30054000000HV6FAAW",
      "lastModifiedById": "00541000004SyXBAA0",
      "lastModifiedByName": "Zack Patrick",
      "lastModifiedDate": "2023-02-01T21:53:01.000Z",
      "manageableState": "unmanaged",
      "type": "FlowDefinition"
    },
    {
      "createdById": "0053f00000145zgAAA",
      "createdByName": "Nathan Wylder",
      "createdDate": "2022-12-15T21:53:38.000Z",
      "fileName": "flowDefinitions/Wrike_Campaign_Creator.flowDefinition",
      "fullName": "Wrike_Campaign_Creator",
      "id": "30054000000HU6YAAW",
      "lastModifiedById": "0053f00000145zgAAA",
      "lastModifiedByName": "Nathan Wylder",
      "lastModifiedDate": "2022-12-15T21:53:43.000Z",
      "manageableState": "unmanaged",
      "type": "FlowDefinition"
    },
    {
      "createdById": "0053f0000016G9aAAE",
      "createdByName": "Levi Kurtright",
      "createdDate": "2020-11-30T20:18:12.000Z",
      "fileName": "flowDefinitions/Amend_Quote_V2.flowDefinition",
      "fullName": "Amend_Quote_V2",
      "id": "3003f0000004FSBAA2",
      "lastModifiedById": "00541000004SyXBAA0",
      "lastModifiedByName": "Zack Patrick",
      "lastModifiedDate": "2020-12-15T15:15:26.000Z",
      "manageableState": "unmanaged",
      "type": "FlowDefinition"
    },
    {
      "createdById": "0053f0000016G9aAAE",
      "createdByName": "Levi Kurtright",
      "createdDate": "2020-11-30T20:18:14.000Z",
      "fileName": "flowDefinitions/Update_Quote_Record_Type_based_on_Approval_Status.flowDefinition",
      "fullName": "Update_Quote_Record_Type_based_on_Approval_Status",
      "id": "3003f0000004FSEAA2",
      "lastModifiedById": "00541000004SyXBAA0",
      "lastModifiedByName": "Zack Patrick",
      "lastModifiedDate": "2022-11-10T15:50:43.000Z",
      "manageableState": "unmanaged",
      "type": "FlowDefinition"
    },
    {
      "createdById": "00541000004SyXBAA0",
      "createdByName": "Zack Patrick",
      "createdDate": "2022-06-27T14:16:39.000Z",
      "fileName": "flowDefinitions/Project_Edited.flowDefinition",
      "fullName": "Project_Edited",
      "id": "3003f000000XcujAAC",
      "lastModifiedById": "00541000004SyXBAA0",
      "lastModifiedByName": "Zack Patrick",
      "lastModifiedDate": "2022-06-27T18:30:50.000Z",
      "manageableState": "unmanaged",
      "type": "FlowDefinition"
    },
    {
      "createdById": "0053f00000145zgAAA",
      "createdByName": "Nathan Wylder",
      "createdDate": "2022-05-09T14:04:10.000Z",
      "fileName": "flowDefinitions/Mark_Cloned_as_Primary.flowDefinition",
      "fullName": "Mark_Cloned_as_Primary",
      "id": "3003f000000XcrgAAC",
      "lastModifiedById": "0053f000000qKaxAAE",
      "lastModifiedByName": "Rajasekhar Vempati",
      "lastModifiedDate": "2022-07-29T15:09:21.000Z",
      "manageableState": "unmanaged",
      "type": "FlowDefinition"
    },
    {
      "createdById": "0053f000001F7USAA0",
      "createdByName": "Nathan Cox",
      "createdDate": "2021-08-24T03:19:23.000Z",
      "fileName": "flowDefinitions/Lead_Routing_Rules.flowDefinition",
      "fullName": "Lead_Routing_Rules",
      "id": "3003f000000Gpu8AAC",
      "lastModifiedById": "0053f000000U5CCAA0",
      "lastModifiedByName": "Pooja Dendukoori",
      "lastModifiedDate": "2022-01-07T14:06:32.000Z",
      "manageableState": "unmanaged",
      "type": "FlowDefinition"
    },
    {
      "createdById": "0053f000000Ze23AAC",
      "createdByName": "Will Burke",
      "createdDate": "2019-09-13T23:38:35.000Z",
      "fileName": "flowDefinitions/Task_Complete_Notification.flowDefinition",
      "fullName": "Task_Complete_Notification",
      "id": "3003f0000004EsOAAU",
      "lastModifiedById": "0053f000000Ze23AAC",
      "lastModifiedByName": "Will Burke",
      "lastModifiedDate": "2019-09-14T00:28:50.000Z",
      "manageableState": "unmanaged",
      "type": "FlowDefinition"
    },
    {
      "createdById": "0053f0000016G9aAAE",
      "createdByName": "Levi Kurtright",
      "createdDate": "2020-12-12T02:22:44.000Z",
      "fileName": "flowDefinitions/Advanced_Approvals_Custom_Notification.flowDefinition",
      "fullName": "Advanced_Approvals_Custom_Notification",
      "id": "3003f0000004FUBAA2",
      "lastModifiedById": "0053f0000019P7FAAU",
      "lastModifiedByName": "Simplus Admin",
      "lastModifiedDate": "2021-01-29T22:05:03.000Z",
      "manageableState": "unmanaged",
      "type": "FlowDefinition"
    },
    {
      "createdById": "0053f000000Ze23AAC",
      "createdByName": "Will Burke",
      "createdDate": "2019-09-13T23:38:35.000Z",
      "fileName": "flowDefinitions/Task_update_case_outbound_call_count.flowDefinition",
      "fullName": "Task_update_case_outbound_call_count",
      "id": "3003f0000004EsPAAU",
      "lastModifiedById": "0053f000000Ze23AAC",
      "lastModifiedByName": "Will Burke",
      "lastModifiedDate": "2019-09-14T00:29:09.000Z",
      "manageableState": "unmanaged",
      "type": "FlowDefinition"
    },
    {
      "createdById": "0053f00000145zgAAA",
      "createdByName": "Nathan Wylder",
      "createdDate": "2022-05-09T14:04:08.000Z",
      "fileName": "flowDefinitions/Canada_Approval.flowDefinition",
      "fullName": "Canada_Approval",
      "id": "3003f000000XcreAAC",
      "lastModifiedById": "00541000004SyXBAA0",
      "lastModifiedByName": "Zack Patrick",
      "lastModifiedDate": "2022-10-28T20:17:46.000Z",
      "manageableState": "unmanaged",
      "type": "FlowDefinition"
    }
  ]
}