{
  "status": 0,
  "result": [
    {
      "createdById": "00541000002RzpjAAC",
      "createdByName": "Dylan Gerow",
      "createdDate": "2017-05-02T15:26:08.000Z",
      "fileName": "globalValueSets/SBQQ__ContractingMethod.globalValueSet",
      "fullName": "SBQQ__ContractingMethod",
      "id": "0Nt41000000PK7MCAW",
      "lastModifiedById": "00541000002RzpjAAC",
      "lastModifiedByName": "Dylan Gerow",
      "lastModifiedDate": "2017-05-02T15:26:08.000Z",
      "manageableState": "installed",
      "namespacePrefix": "SBQQ",
      "type": "GlobalValueSet"
    },
    {
      "createdById": "0053f00000145zgAAA",
      "createdByName": "Nathan Wylder",
      "createdDate": "2020-12-02T20:23:23.000Z",
      "fileName": "globalValueSets/CountryNames.globalValueSet",
      "fullName": "CountryNames",
      "id": "0Nt3f000000CadDCAS",
      "lastModifiedById": "0053f00000145zgAAA",
      "lastModifiedByName": "Nathan Wylder",
      "lastModifiedDate": "2020-12-02T20:23:23.000Z",
      "manageableState": "unmanaged",
      "type": "GlobalValueSet"
    },
    {
      "createdById": "0053f000001F7USAA0",
      "createdByName": "Nathan Cox",
      "createdDate": "2022-06-17T20:24:23.000Z",
      "fileName": "globalValueSets/Preferred_Language.globalValueSet",
      "fullName": "Preferred_Language",
      "id": "0Nt3f000000KywjCAC",
      "lastModifiedById": "0053f000001F7USAA0",
      "lastModifiedByName": "Nathan Cox",
      "lastModifiedDate": "2022-06-17T20:24:23.000Z",
      "manageableState": "unmanaged",
      "type": "GlobalValueSet"
    },
    {
      "createdById": "00541000003Aq3qAAC",
      "createdByName": "Jessica Deal",
      "createdDate": "2017-06-01T19:40:27.000Z",
      "fileName": "globalValueSets/Quantity_Unit_of_Measure.globalValueSet",
      "fullName": "Quantity_Unit_of_Measure",
      "id": "0Nt41000000PKcjCAG",
      "lastModifiedById": "00541000003Aq3qAAC",
      "lastModifiedByName": "Jessica Deal",
      "lastModifiedDate": "2017-06-01T19:40:27.000Z",
      "manageableState": "unmanaged",
      "type": "GlobalValueSet"
    },
    {
      "createdById": "00541000003Aq3qAAC",
      "createdByName": "Jessica Deal",
      "createdDate": "2017-06-01T19:40:27.000Z",
      "fileName": "globalValueSets/Pricing_Methods.globalValueSet",
      "fullName": "Pricing_Methods",
      "id": "0Nt41000000PKchCAG",
      "lastModifiedById": "00541000003Aq3qAAC",
      "lastModifiedByName": "Jessica Deal",
      "lastModifiedDate": "2017-06-01T19:40:27.000Z",
      "manageableState": "unmanaged",
      "type": "GlobalValueSet"
    },
    {
      "createdById": "00541000003Aq3qAAC",
      "createdByName": "Jessica Deal",
      "createdDate": "2017-06-01T19:40:27.000Z",
      "fileName": "globalValueSets/Fuel_Surcharge.globalValueSet",
      "fullName": "Fuel_Surcharge",
      "id": "0Nt41000000PKceCAG",
      "lastModifiedById": "00541000003Aq3qAAC",
      "lastModifiedByName": "Jessica Deal",
      "lastModifiedDate": "2017-06-01T19:40:27.000Z",
      "manageableState": "unmanaged",
      "type": "GlobalValueSet"
    },
    {
      "createdById": "00541000002RzrVAAS",
      "createdByName": "Salesforce CPQ",
      "createdDate": "2018-11-09T06:57:19.000Z",
      "fileName": "globalValueSets/SBQQ__SubscriptionType.globalValueSet",
      "fullName": "SBQQ__SubscriptionType",
      "id": "0Nt41000000HB64CAG",
      "lastModifiedById": "00541000002RzrVAAS",
      "lastModifiedByName": "Salesforce CPQ",
      "lastModifiedDate": "2018-11-09T06:57:19.000Z",
      "manageableState": "installed",
      "namespacePrefix": "SBQQ",
      "type": "GlobalValueSet"
    },
    {
      "createdById": "00541000002RzpjAAC",
      "createdByName": "Dylan Gerow",
      "createdDate": "2017-03-31T15:13:12.000Z",
      "fileName": "globalValueSets/SBQQ__PriceModel.globalValueSet",
      "fullName": "SBQQ__PriceModel",
      "id": "0Nt41000000CgrDCAS",
      "lastModifiedById": "00541000002RzpjAAC",
      "lastModifiedByName": "Dylan Gerow",
      "lastModifiedDate": "2017-03-31T15:13:12.000Z",
      "manageableState": "installed",
      "namespacePrefix": "SBQQ",
      "type": "GlobalValueSet"
    },
    {
      "createdById": "00541000003Aq3qAAC",
      "createdByName": "Jessica Deal",
      "createdDate": "2017-06-01T19:40:27.000Z",
      "fileName": "globalValueSets/Product_Family.globalValueSet",
      "fullName": "Product_Family",
      "id": "0Nt41000000PKciCAG",
      "lastModifiedById": "00541000003Aq3qAAC",
      "lastModifiedByName": "Jessica Deal",
      "lastModifiedDate": "2017-06-01T19:40:27.000Z",
      "manageableState": "unmanaged",
      "type": "GlobalValueSet"
    },
    {
      "createdById": "00541000002RzpjAAC",
      "createdByName": "Dylan Gerow",
      "createdDate": "2017-03-31T15:13:12.000Z",
      "fileName": "globalValueSets/SBQQ__PriceType.globalValueSet",
      "fullName": "SBQQ__PriceType",
      "id": "0Nt41000000CgrECAS",
      "lastModifiedById": "00541000002RzpjAAC",
      "lastModifiedByName": "Dylan Gerow",
      "lastModifiedDate": "2017-03-31T15:13:12.000Z",
      "manageableState": "installed",
      "namespacePrefix": "SBQQ",
      "type": "GlobalValueSet"
    },
    {
      "createdById": "00541000003Aq3qAAC",
      "createdByName": "Jessica Deal",
      "createdDate": "2017-06-01T19:40:27.000Z",
      "fileName": "globalValueSets/Sharing_Access_Level.globalValueSet",
      "fullName": "Sharing_Access_Level",
      "id": "0Nt41000000PKckCAG",
      "lastModifiedById": "00541000003Aq3qAAC",
      "lastModifiedByName": "Jessica Deal",
      "lastModifiedDate": "2017-06-01T19:40:27.000Z",
      "manageableState": "unmanaged",
      "type": "GlobalValueSet"
    },
    {
      "createdById": "00541000002RzpjAAC",
      "createdByName": "Dylan Gerow",
      "createdDate": "2017-05-02T15:26:08.000Z",
      "fileName": "globalValueSets/SBQQ__PaperSize.globalValueSet",
      "fullName": "SBQQ__PaperSize",
      "id": "0Nt41000000PK7OCAW",
      "lastModifiedById": "00541000002RzpjAAC",
      "lastModifiedByName": "Dylan Gerow",
      "lastModifiedDate": "2017-05-02T15:26:08.000Z",
      "manageableState": "installed",
      "namespacePrefix": "SBQQ",
      "type": "GlobalValueSet"
    },
    {
      "createdById": "00541000003Aq3qAAC",
      "createdByName": "Jessica Deal",
      "createdDate": "2017-06-01T19:40:27.000Z",
      "fileName": "globalValueSets/Negotiation_Phase.globalValueSet",
      "fullName": "Negotiation_Phase",
      "id": "0Nt41000000PKcgCAG",
      "lastModifiedById": "00541000003Aq3qAAC",
      "lastModifiedByName": "Jessica Deal",
      "lastModifiedDate": "2017-06-01T19:40:27.000Z",
      "manageableState": "unmanaged",
      "type": "GlobalValueSet"
    },
    {
      "createdById": "00541000002RzpjAAC",
      "createdByName": "Dylan Gerow",
      "createdDate": "2017-05-02T15:26:08.000Z",
      "fileName": "globalValueSets/SBQQ__OrderProductStatus.globalValueSet",
      "fullName": "SBQQ__OrderProductStatus",
      "id": "0Nt41000000PK7NCAW",
      "lastModifiedById": "00541000002RzpjAAC",
      "lastModifiedByName": "Dylan Gerow",
      "lastModifiedDate": "2017-05-02T15:26:08.000Z",
      "manageableState": "installed",
      "namespacePrefix": "SBQQ",
      "type": "GlobalValueSet"
    },
    {
      "createdById": "00541000002RzpjAAC",
      "createdByName": "Dylan Gerow",
      "createdDate": "2017-03-31T15:13:12.000Z",
      "fileName": "globalValueSets/SBQQ__SubscriptionPricing.globalValueSet",
      "fullName": "SBQQ__SubscriptionPricing",
      "id": "0Nt41000000CgrFCAS",
      "lastModifiedById": "00541000002RzpjAAC",
      "lastModifiedByName": "Dylan Gerow",
      "lastModifiedDate": "2017-03-31T15:13:12.000Z",
      "manageableState": "installed",
      "namespacePrefix": "SBQQ",
      "type": "GlobalValueSet"
    },
    {
      "createdById": "00541000002RzpjAAC",
      "createdByName": "Dylan Gerow",
      "createdDate": "2017-03-31T15:13:12.000Z",
      "fileName": "globalValueSets/SBQQ__JobStatus.globalValueSet",
      "fullName": "SBQQ__JobStatus",
      "id": "0Nt41000000CgrBCAS",
      "lastModifiedById": "00541000002RzpjAAC",
      "lastModifiedByName": "Dylan Gerow",
      "lastModifiedDate": "2017-03-31T15:13:12.000Z",
      "manageableState": "installed",
      "namespacePrefix": "SBQQ",
      "type": "GlobalValueSet"
    },
    {
      "createdById": "0053f000000qKaxAAE",
      "createdByName": "Rajasekhar Vempati",
      "createdDate": "2022-11-15T10:05:56.000Z",
      "fileName": "globalValueSets/Company_Brand.globalValueSet",
      "fullName": "Company_Brand",
      "id": "0Nt54000000Zm0FCAS",
      "lastModifiedById": "0053f000000qKaxAAE",
      "lastModifiedByName": "Rajasekhar Vempati",
      "lastModifiedDate": "2022-11-15T10:05:56.000Z",
      "manageableState": "unmanaged",
      "type": "GlobalValueSet"
    },
    {
      "createdById": "00541000003Aq3qAAC",
      "createdByName": "Jessica Deal",
      "createdDate": "2017-06-01T19:40:27.000Z",
      "fileName": "globalValueSets/Account_Team_Role.globalValueSet",
      "fullName": "Account_Team_Role",
      "id": "0Nt41000000PKcdCAG",
      "lastModifiedById": "00541000003Aq3qAAC",
      "lastModifiedByName": "Jessica Deal",
      "lastModifiedDate": "2017-06-01T19:40:27.000Z",
      "manageableState": "unmanaged",
      "type": "GlobalValueSet"
    },
    {
      "createdById": "00541000002RzpjAAC",
      "createdByName": "Dylan Gerow",
      "createdDate": "2017-03-31T15:13:12.000Z",
      "fileName": "globalValueSets/SBQQ__PaymentTerm.globalValueSet",
      "fullName": "SBQQ__PaymentTerm",
      "id": "0Nt41000000CgrCCAS",
      "lastModifiedById": "00541000002RzpjAAC",
      "lastModifiedByName": "Dylan Gerow",
      "lastModifiedDate": "2017-03-31T15:13:12.000Z",
      "manageableState": "installed",
      "namespacePrefix": "SBQQ",
      "type": "GlobalValueSet"
    },
    {
      "createdById": "00541000002RzpjAAC",
      "createdByName": "Dylan Gerow",
      "createdDate": "2017-05-02T15:26:07.000Z",
      "fileName": "globalValueSets/SBQQ__ContractAction.globalValueSet",
      "fullName": "SBQQ__ContractAction",
      "id": "0Nt41000000PK7LCAW",
      "lastModifiedById": "00541000002RzpjAAC",
      "lastModifiedByName": "Dylan Gerow",
      "lastModifiedDate": "2017-05-02T15:26:07.000Z",
      "manageableState": "installed",
      "namespacePrefix": "SBQQ",
      "type": "GlobalValueSet"
    },
    {
      "createdById": "00541000002RzpjAAC",
      "createdByName": "Dylan Gerow",
      "createdDate": "2017-03-31T15:13:11.000Z",
      "fileName": "globalValueSets/SBQQ__BillingType.globalValueSet",
      "fullName": "SBQQ__BillingType",
      "id": "0Nt41000000Cgr9CAC",
      "lastModifiedById": "00541000002RzpjAAC",
      "lastModifiedByName": "Dylan Gerow",
      "lastModifiedDate": "2017-03-31T15:13:11.000Z",
      "manageableState": "installed",
      "namespacePrefix": "SBQQ",
      "type": "GlobalValueSet"
    },
    {
      "createdById": "00541000002RzrVAAS",
      "createdByName": "Salesforce CPQ",
      "createdDate": "2018-11-09T06:10:54.000Z",
      "fileName": "globalValueSets/SBQQ__BookingsIndicator.globalValueSet",
      "fullName": "SBQQ__BookingsIndicator",
      "id": "0Nt41000000HB5zCAG",
      "lastModifiedById": "00541000002RzrVAAS",
      "lastModifiedByName": "Salesforce CPQ",
      "lastModifiedDate": "2018-11-09T06:10:54.000Z",
      "manageableState": "installed",
      "namespacePrefix": "SBQQ",
      "type": "GlobalValueSet"
    },
    {
      "createdById": "00541000002RzpjAAC",
      "createdByName": "Dylan Gerow",
      "createdDate": "2017-03-31T15:13:11.000Z",
      "fileName": "globalValueSets/SBQQ__BillingFrequency.globalValueSet",
      "fullName": "SBQQ__BillingFrequency",
      "id": "0Nt41000000Cgr8CAC",
      "lastModifiedById": "00541000002RzpjAAC",
      "lastModifiedByName": "Dylan Gerow",
      "lastModifiedDate": "2017-03-31T15:13:11.000Z",
      "manageableState": "installed",
      "namespacePrefix": "SBQQ",
      "type": "GlobalValueSet"
    },
    {
      "createdById": "00541000002RzpjAAC",
      "createdByName": "Dylan Gerow",
      "createdDate": "2017-03-31T15:13:11.000Z",
      "fileName": "globalValueSets/SBQQ__ChargeType.globalValueSet",
      "fullName": "SBQQ__ChargeType",
      "id": "0Nt41000000CgrACAS",
      "lastModifiedById": "00541000002RzpjAAC",
      "lastModifiedByName": "Dylan Gerow",
      "lastModifiedDate": "2017-03-31T15:13:11.000Z",
      "manageableState": "installed",
      "namespacePrefix": "SBQQ",
      "type": "GlobalValueSet"
    },
    {
      "createdById": "00541000003Aq3qAAC",
      "createdByName": "Jessica Deal",
      "createdDate": "2017-06-01T19:40:27.000Z",
      "fileName": "globalValueSets/Fuel_Surcharge_Type.globalValueSet",
      "fullName": "Fuel_Surcharge_Type",
      "id": "0Nt41000000PKcfCAG",
      "lastModifiedById": "00541000003Aq3qAAC",
      "lastModifiedByName": "Jessica Deal",
      "lastModifiedDate": "2017-06-01T19:40:27.000Z",
      "manageableState": "unmanaged",
      "type": "GlobalValueSet"
    }
  ]
}