{
  "status": 0,
  "result": [
    {
      "createdById": "00541000003Aq3qAAC",
      "createdByName": "Jessica Deal",
      "createdDate": "2017-06-06T14:03:17.000Z",
      "fileName": "groups/Engineering_Services_Users.group",
      "fullName": "Engineering_Services_Users",
      "id": "00G41000002ODChEAO",
      "lastModifiedById": "0053f000000U5CCAA0",
      "lastModifiedByName": "Pooja Dendukoori",
      "lastModifiedDate": "2022-09-06T17:57:34.000Z",
      "type": "Group"
    },
    {
      "createdById": "0052M000009LfFNQA0",
      "createdByName": "David Hetrick",
      "createdDate": "2021-01-07T20:45:16.000Z",
      "fileName": "groups/Maxime_and_Team.group",
      "fullName": "Maxime_and_Team",
      "id": "00G3f000000dVxLEAU",
      "lastModifiedById": "0053f00000145zgAAA",
      "lastModifiedByName": "Nathan Wylder",
      "lastModifiedDate": "2021-03-01T13:36:17.000Z",
      "type": "Group"
    },
    {
      "createdById": "00541000004SyXBAA0",
      "createdByName": "Zack Patrick",
      "createdDate": "2020-07-27T19:16:12.000Z",
      "fileName": "groups/Northeast_Zone.group",
      "fullName": "Northeast_Zone",
      "id": "00G3f000000cpZCEAY",
      "lastModifiedById": "0053f000000U5CCAA0",
      "lastModifiedByName": "Pooja Dendukoori",
      "lastModifiedDate": "2022-09-06T17:56:01.000Z",
      "type": "Group"
    },
    {
      "createdById": "00541000002RzpkAAC",
      "createdByName": "Sarah Labadie",
      "createdDate": "2017-06-07T20:34:28.000Z",
      "fileName": "groups/Regional_Sales_Managers.group",
      "fullName": "Regional_Sales_Managers",
      "id": "00G41000002OEHEEA4",
      "lastModifiedById": "0053f000000U5CCAA0",
      "lastModifiedByName": "Pooja Dendukoori",
      "lastModifiedDate": "2022-07-22T14:15:30.000Z",
      "type": "Group"
    },
    {
      "createdById": "0053f000000Ze23AAC",
      "createdByName": "Will Burke",
      "createdDate": "2019-09-13T23:38:10.000Z",
      "fileName": "groups/Southeast_Region_CSR.group",
      "fullName": "Southeast_Region_CSR",
      "id": "00G3f000000clA1EAI",
      "lastModifiedById": "0053f000000Ze23AAC",
      "lastModifiedByName": "Will Burke",
      "lastModifiedDate": "2019-09-13T23:38:10.000Z",
      "type": "Group"
    },
    {
      "createdById": "0053f000000Ze23AAC",
      "createdByName": "Will Burke",
      "createdDate": "2019-09-13T23:38:10.000Z",
      "fileName": "groups/New_York_Region_CSR.group",
      "fullName": "New_York_Region_CSR",
      "id": "00G3f000000cl9tEAA",
      "lastModifiedById": "0053f000000Ze23AAC",
      "lastModifiedByName": "Will Burke",
      "lastModifiedDate": "2019-09-13T23:38:10.000Z",
      "type": "Group"
    },
    {
      "createdById": "0053f000000Ze23AAC",
      "createdByName": "Will Burke",
      "createdDate": "2019-09-13T23:38:10.000Z",
      "fileName": "groups/New_England_Region_CSR.group",
      "fullName": "New_England_Region_CSR",
      "id": "00G3f000000cl9sEAA",
      "lastModifiedById": "0053f000000Ze23AAC",
      "lastModifiedByName": "Will Burke",
      "lastModifiedDate": "2019-09-13T23:38:10.000Z",
      "type": "Group"
    },
    {
      "createdById": "0053f000000Ze23AAC",
      "createdByName": "Will Burke",
      "createdDate": "2019-09-13T23:38:10.000Z",
      "fileName": "groups/Franklin_Office_CSR.group",
      "fullName": "Franklin_Office_CSR",
      "id": "00G3f000000cl9lEAA",
      "lastModifiedById": "0053f000000Ze23AAC",
      "lastModifiedByName": "Will Burke",
      "lastModifiedDate": "2019-09-13T23:38:10.000Z",
      "type": "Group"
    },
    {
      "createdById": "0053f000000Ze23AAC",
      "createdByName": "Will Burke",
      "createdDate": "2019-09-13T23:38:10.000Z",
      "fileName": "groups/South_Central_Region_CSR.group",
      "fullName": "South_Central_Region_CSR",
      "id": "00G3f000000cl9zEAA",
      "lastModifiedById": "0053f000000Ze23AAC",
      "lastModifiedByName": "Will Burke",
      "lastModifiedDate": "2019-09-13T23:38:10.000Z",
      "type": "Group"
    },
    {
      "createdById": "0053f000000Ze23AAC",
      "createdByName": "Will Burke",
      "createdDate": "2019-09-13T23:38:10.000Z",
      "fileName": "groups/CSR_Supervisors_and_Above.group",
      "fullName": "CSR_Supervisors_and_Above",
      "id": "00G3f000000cl9gEAA",
      "lastModifiedById": "0053f000000Ze23AAC",
      "lastModifiedByName": "Will Burke",
      "lastModifiedDate": "2019-09-13T23:38:10.000Z",
      "type": "Group"
    },
    {
      "createdById": "00541000003Aq3qAAC",
      "createdByName": "Jessica Deal",
      "createdDate": "2018-05-30T18:20:35.000Z",
      "fileName": "groups/Marketing.group",
      "fullName": "Marketing",
      "id": "00G41000002vvmBEAQ",
      "lastModifiedById": "0053f00000145zgAAA",
      "lastModifiedByName": "Nathan Wylder",
      "lastModifiedDate": "2020-01-21T19:47:46.000Z",
      "type": "Group"
    },
    {
      "createdById": "00541000004SyXBAA0",
      "createdByName": "Zack Patrick",
      "createdDate": "2020-08-05T13:34:11.000Z",
      "fileName": "groups/South_Central_Zone.group",
      "fullName": "South_Central_Zone",
      "id": "00G3f000000cpdTEAQ",
      "lastModifiedById": "0053f00000145zgAAA",
      "lastModifiedByName": "Nathan Wylder",
      "lastModifiedDate": "2020-12-08T19:53:36.000Z",
      "type": "Group"
    },
    {
      "createdById": "00541000003Aq3qAAC",
      "createdByName": "Jessica Deal",
      "createdDate": "2019-05-16T14:00:08.000Z",
      "fileName": "groups/Duraslot.group",
      "fullName": "Duraslot",
      "id": "00G2M000002me2xUAA",
      "lastModifiedById": "0053f000000U5CCAA0",
      "lastModifiedByName": "Pooja Dendukoori",
      "lastModifiedDate": "2022-09-13T17:36:44.000Z",
      "type": "Group"
    },
    {
      "createdById": "00541000004SyXBAA0",
      "createdByName": "Zack Patrick",
      "createdDate": "2021-01-12T21:37:28.000Z",
      "fileName": "groups/Northeast_Ohio_Sales_Reps.group",
      "fullName": "Northeast_Ohio_Sales_Reps",
      "id": "00G3f000000dWInEAM",
      "lastModifiedById": "00541000004SyXBAA0",
      "lastModifiedByName": "Zack Patrick",
      "lastModifiedDate": "2021-01-12T21:37:28.000Z",
      "type": "Group"
    },
    {
      "createdById": "0052M000009LfFNQA0",
      "createdByName": "David Hetrick",
      "createdDate": "2020-03-26T14:19:19.000Z",
      "fileName": "groups/Craig_Dahlgren.group",
      "fullName": "Craig_Dahlgren",
      "id": "00G3f000000cnh4EAA",
      "lastModifiedById": "0052M000009LfFNQA0",
      "lastModifiedByName": "David Hetrick",
      "lastModifiedDate": "2020-03-26T14:19:19.000Z",
      "type": "Group"
    },
    {
      "createdById": "0052M000009LfFNQA0",
      "createdByName": "David Hetrick",
      "createdDate": "2020-03-25T18:07:48.000Z",
      "fileName": "groups/ISR_Leaders.group",
      "fullName": "ISR_Leaders",
      "id": "00G3f000000cngkEAA",
      "lastModifiedById": "00541000004SyXBAA0",
      "lastModifiedByName": "Zack Patrick",
      "lastModifiedDate": "2021-09-20T12:46:18.000Z",
      "type": "Group"
    },
    {
      "createdById": "0053f000000Ze23AAC",
      "createdByName": "Will Burke",
      "createdDate": "2019-09-13T23:38:10.000Z",
      "fileName": "groups/Florida_Region_CSR.group",
      "fullName": "Florida_Region_CSR",
      "id": "00G3f000000cl9kEAA",
      "lastModifiedById": "0053f000000Ze23AAC",
      "lastModifiedByName": "Will Burke",
      "lastModifiedDate": "2019-09-13T23:38:10.000Z",
      "type": "Group"
    },
    {
      "createdById": "0052M000009LfFNQA0",
      "createdByName": "David Hetrick",
      "createdDate": "2020-10-21T15:27:09.000Z",
      "fileName": "groups/David_Garrett.group",
      "fullName": "David_Garrett",
      "id": "00G3f000000dSRqEAM",
      "lastModifiedById": "0052M000009LfFNQA0",
      "lastModifiedByName": "David Hetrick",
      "lastModifiedDate": "2020-10-21T15:27:09.000Z",
      "type": "Group"
    },
    {
      "createdById": "0053f00000145zgAAA",
      "createdByName": "Nathan Wylder",
      "createdDate": "2022-12-08T20:58:43.000Z",
      "fileName": "groups/ADS_Employees.group",
      "fullName": "ADS_Employees",
      "id": "00G54000009QEUUEA4",
      "lastModifiedById": "0053f00000145zgAAA",
      "lastModifiedByName": "Nathan Wylder",
      "lastModifiedDate": "2022-12-08T20:58:43.000Z",
      "type": "Group"
    },
    {
      "createdById": "0053f000000Ze23AAC",
      "createdByName": "Will Burke",
      "createdDate": "2019-09-13T23:38:10.000Z",
      "fileName": "groups/London_Office_CSR.group",
      "fullName": "London_Office_CSR",
      "id": "00G3f000000cl9nEAA",
      "lastModifiedById": "0053f000000Ze23AAC",
      "lastModifiedByName": "Will Burke",
      "lastModifiedDate": "2019-09-13T23:38:10.000Z",
      "type": "Group"
    },
    {
      "createdById": "00541000004SyXBAA0",
      "createdByName": "Zack Patrick",
      "createdDate": "2022-02-22T13:54:34.000Z",
      "fileName": "groups/Geosynthetics.group",
      "fullName": "Geosynthetics",
      "id": "00G3f000000qIonEAE",
      "lastModifiedById": "00541000004SyXBAA0",
      "lastModifiedByName": "Zack Patrick",
      "lastModifiedDate": "2022-02-22T13:56:03.000Z",
      "type": "Group"
    },
    {
      "createdById": "0052M000009LfFNQA0",
      "createdByName": "David Hetrick",
      "createdDate": "2020-04-21T18:47:26.000Z",
      "fileName": "groups/Tom_DePrince.group",
      "fullName": "Tom_DePrince",
      "id": "00G3f000000coJ3EAI",
      "lastModifiedById": "0052M000009LfFNQA0",
      "lastModifiedByName": "David Hetrick",
      "lastModifiedDate": "2020-04-21T18:47:26.000Z",
      "type": "Group"
    },
    {
      "createdById": "0053f000000Ze23AAC",
      "createdByName": "Will Burke",
      "createdDate": "2019-09-13T23:38:10.000Z",
      "fileName": "groups/Mid_Atlantic_Region_CSR.group",
      "fullName": "Mid_Atlantic_Region_CSR",
      "id": "00G3f000000cl9oEAA",
      "lastModifiedById": "0053f000000Ze23AAC",
      "lastModifiedByName": "Will Burke",
      "lastModifiedDate": "2019-09-13T23:38:10.000Z",
      "type": "Group"
    },
    {
      "createdById": "00541000004SyXBAA0",
      "createdByName": "Zack Patrick",
      "createdDate": "2022-02-08T20:53:19.000Z",
      "fileName": "groups/Access_to_Colorado.group",
      "fullName": "Access_to_Colorado",
      "id": "00G3f000000qIDwEAM",
      "lastModifiedById": "00541000004SyXBAA0",
      "lastModifiedByName": "Zack Patrick",
      "lastModifiedDate": "2022-02-08T20:53:19.000Z",
      "type": "Group"
    },
    {
      "createdById": "00541000003Aq3qAAC",
      "createdByName": "Jessica Deal",
      "createdDate": "2019-03-25T18:58:29.000Z",
      "fileName": "groups/Quality.group",
      "fullName": "Quality",
      "id": "00G2M000002mV0uUAE",
      "lastModifiedById": "0053f000000U5CCAA0",
      "lastModifiedByName": "Pooja Dendukoori",
      "lastModifiedDate": "2021-10-11T15:15:07.000Z",
      "type": "Group"
    },
    {
      "createdById": "00541000003Aq3qAAC",
      "createdByName": "Jessica Deal",
      "createdDate": "2019-08-29T02:57:51.000Z",
      "fileName": "groups/International.group",
      "fullName": "International",
      "id": "00G3f000000ckjCEAQ",
      "lastModifiedById": "0053f00000145zgAAA",
      "lastModifiedByName": "Nathan Wylder",
      "lastModifiedDate": "2021-09-01T14:23:21.000Z",
      "type": "Group"
    },
    {
      "createdById": "00541000004SyXBAA0",
      "createdByName": "Zack Patrick",
      "createdDate": "2021-11-30T16:02:14.000Z",
      "fileName": "groups/Access_to_AR_Projects.group",
      "fullName": "Access_to_AR_Projects",
      "id": "00G3f000000N8qGEAS",
      "lastModifiedById": "00541000004SyXBAA0",
      "lastModifiedByName": "Zack Patrick",
      "lastModifiedDate": "2021-11-30T17:59:00.000Z",
      "type": "Group"
    },
    {
      "createdById": "00541000004SyXBAA0",
      "createdByName": "Zack Patrick",
      "createdDate": "2022-02-17T18:30:32.000Z",
      "fileName": "groups/EPM_Leadership.group",
      "fullName": "EPM_Leadership",
      "id": "00G3f000000qIloEAE",
      "lastModifiedById": "00541000004SyXBAA0",
      "lastModifiedByName": "Zack Patrick",
      "lastModifiedDate": "2022-02-17T18:30:32.000Z",
      "type": "Group"
    },
    {
      "createdById": "0053f000000Ze23AAC",
      "createdByName": "Will Burke",
      "createdDate": "2019-09-13T23:38:10.000Z",
      "fileName": "groups/Northeast_Region_CSR.group",
      "fullName": "Northeast_Region_CSR",
      "id": "00G3f000000cl9vEAA",
      "lastModifiedById": "0053f000000Ze23AAC",
      "lastModifiedByName": "Will Burke",
      "lastModifiedDate": "2019-09-13T23:38:10.000Z",
      "type": "Group"
    },
    {
      "createdById": "00541000004SyXBAA0",
      "createdByName": "Zack Patrick",
      "createdDate": "2020-09-22T17:50:54.000Z",
      "fileName": "groups/List_View_Beta_Testing_Group.group",
      "fullName": "List_View_Beta_Testing_Group",
      "id": "00G3f000000dPK8EAM",
      "lastModifiedById": "00541000004SyXBAA0",
      "lastModifiedByName": "Zack Patrick",
      "lastModifiedDate": "2020-09-25T17:45:11.000Z",
      "type": "Group"
    },
    {
      "createdById": "00541000004SyXBAA0",
      "createdByName": "Zack Patrick",
      "createdDate": "2020-09-22T13:13:23.000Z",
      "fileName": "groups/NJ_PA.group",
      "fullName": "NJ_PA",
      "id": "00G3f000000dPEyEAM",
      "lastModifiedById": "00541000004SyXBAA0",
      "lastModifiedByName": "Zack Patrick",
      "lastModifiedDate": "2022-09-06T20:24:18.000Z",
      "type": "Group"
    },
    {
      "createdById": "0053f000000Ze23AAC",
      "createdByName": "Will Burke",
      "createdDate": "2019-09-13T23:38:10.000Z",
      "fileName": "groups/Atlantic_Coast_Region_CSR.group",
      "fullName": "Atlantic_Coast_Region_CSR",
      "id": "00G3f000000cl9fEAA",
      "lastModifiedById": "0053f000000Ze23AAC",
      "lastModifiedByName": "Will Burke",
      "lastModifiedDate": "2019-09-13T23:38:10.000Z",
      "type": "Group"
    },
    {
      "createdById": "0052M000009LfFNQA0",
      "createdByName": "David Hetrick",
      "createdDate": "2020-01-06T14:23:27.000Z",
      "fileName": "groups/QF_reports.group",
      "fullName": "QF_reports",
      "id": "00G3f000000cmdkEAA",
      "lastModifiedById": "0053f000000U5CCAA0",
      "lastModifiedByName": "Pooja Dendukoori",
      "lastModifiedDate": "2021-11-16T13:44:45.000Z",
      "type": "Group"
    },
    {
      "createdById": "0053f000000Ze23AAC",
      "createdByName": "Will Burke",
      "createdDate": "2019-09-13T23:38:10.000Z",
      "fileName": "groups/East_Central_Region_CSR.group",
      "fullName": "East_Central_Region_CSR",
      "id": "00G3f000000cl9iEAA",
      "lastModifiedById": "0053f000000Ze23AAC",
      "lastModifiedByName": "Will Burke",
      "lastModifiedDate": "2019-09-13T23:38:10.000Z",
      "type": "Group"
    },
    {
      "createdById": "00541000003Aq3qAAC",
      "createdByName": "Jessica Deal",
      "createdDate": "2017-10-30T13:24:33.000Z",
      "fileName": "groups/APM.group",
      "fullName": "APM",
      "id": "00G41000001m2WwEAI",
      "lastModifiedById": "00541000004SyXBAA0",
      "lastModifiedByName": "Zack Patrick",
      "lastModifiedDate": "2022-08-09T15:47:58.000Z",
      "type": "Group"
    },
    {
      "createdById": "00541000003Aq3qAAC",
      "createdByName": "Jessica Deal",
      "createdDate": "2020-05-18T15:47:39.000Z",
      "fileName": "groups/Edit_All_Accounts.group",
      "fullName": "Edit_All_Accounts",
      "id": "00G3f000000cocFEAQ",
      "lastModifiedById": "00541000004SyXBAA0",
      "lastModifiedByName": "Zack Patrick",
      "lastModifiedDate": "2021-02-01T20:07:13.000Z",
      "type": "Group"
    },
    {
      "createdById": "00541000004SyXBAA0",
      "createdByName": "Zack Patrick",
      "createdDate": "2021-01-07T18:17:38.000Z",
      "fileName": "groups/Houston.group",
      "fullName": "Houston",
      "id": "00G3f000000dVxGEAU",
      "lastModifiedById": "00541000004SyXBAA0",
      "lastModifiedByName": "Zack Patrick",
      "lastModifiedDate": "2022-05-18T20:28:49.000Z",
      "type": "Group"
    },
    {
      "createdById": "0053f000000Ze23AAC",
      "createdByName": "Will Burke",
      "createdDate": "2019-09-13T23:38:10.000Z",
      "fileName": "groups/Northeast_Zone_CSR.group",
      "fullName": "Northeast_Zone_CSR",
      "id": "00G3f000000cl9wEAA",
      "lastModifiedById": "0053f000000Ze23AAC",
      "lastModifiedByName": "Will Burke",
      "lastModifiedDate": "2019-09-13T23:38:10.000Z",
      "type": "Group"
    },
    {
      "createdById": "00541000004SyXBAA0",
      "createdByName": "Zack Patrick",
      "createdDate": "2021-12-14T14:36:45.000Z",
      "fileName": "groups/Access_to_MN.group",
      "fullName": "Access_to_MN",
      "id": "00G3f000000N9sDEAS",
      "lastModifiedById": "00541000004SyXBAA0",
      "lastModifiedByName": "Zack Patrick",
      "lastModifiedDate": "2021-12-14T14:36:45.000Z",
      "type": "Group"
    },
    {
      "createdById": "0053f00000145zgAAA",
      "createdByName": "Nathan Wylder",
      "createdDate": "2023-01-17T14:18:47.000Z",
      "fileName": "groups/Cultec_Engineering.group",
      "fullName": "Cultec_Engineering",
      "id": "00G54000009QwfxEAC",
      "lastModifiedById": "0053f00000145zgAAA",
      "lastModifiedByName": "Nathan Wylder",
      "lastModifiedDate": "2023-02-08T15:02:04.000Z",
      "type": "Group"
    },
    {
      "createdById": "0053f00000145zgAAA",
      "createdByName": "Nathan Wylder",
      "createdDate": "2022-09-22T19:58:13.000Z",
      "fileName": "groups/Northeast_Manufacturing_Region.group",
      "fullName": "Northeast_Manufacturing_Region",
      "id": "00G54000009BaEbEAK",
      "lastModifiedById": "0053f00000145zgAAA",
      "lastModifiedByName": "Nathan Wylder",
      "lastModifiedDate": "2022-10-21T21:48:02.000Z",
      "type": "Group"
    },
    {
      "createdById": "0053f000000Ze23AAC",
      "createdByName": "Will Burke",
      "createdDate": "2019-09-13T23:38:10.000Z",
      "fileName": "groups/California_Region_CSR.group",
      "fullName": "California_Region_CSR",
      "id": "00G3f000000cl9hEAA",
      "lastModifiedById": "0053f000000Ze23AAC",
      "lastModifiedByName": "Will Burke",
      "lastModifiedDate": "2019-09-13T23:38:10.000Z",
      "type": "Group"
    },
    {
      "createdById": "00541000004SyXBAA0",
      "createdByName": "Zack Patrick",
      "createdDate": "2020-09-03T18:55:39.000Z",
      "fileName": "groups/Arizona.group",
      "fullName": "Arizona",
      "id": "00G3f000000dO5lEAE",
      "lastModifiedById": "00541000004SyXBAA0",
      "lastModifiedByName": "Zack Patrick",
      "lastModifiedDate": "2020-09-03T18:55:39.000Z",
      "type": "Group"
    },
    {
      "createdById": "0052M000009LfFNQA0",
      "createdByName": "David Hetrick",
      "createdDate": "2020-04-16T18:54:45.000Z",
      "fileName": "groups/Custom_Fab.group",
      "fullName": "Custom_Fab",
      "id": "00G3f000000coFfEAI",
      "lastModifiedById": "0052M000009LfFNQA0",
      "lastModifiedByName": "David Hetrick",
      "lastModifiedDate": "2020-04-16T18:55:12.000Z",
      "type": "Group"
    },
    {
      "createdById": "00541000003Aq3qAAC",
      "createdByName": "Jessica Deal",
      "createdDate": "2018-11-13T19:24:55.000Z",
      "fileName": "groups/National_Accounts.group",
      "fullName": "National_Accounts",
      "id": "00G41000002mNVTEA2",
      "lastModifiedById": "0053f000000U5CCAA0",
      "lastModifiedByName": "Pooja Dendukoori",
      "lastModifiedDate": "2022-03-04T21:16:11.000Z",
      "type": "Group"
    },
    {
      "createdById": "0053f000000Ze23AAC",
      "createdByName": "Will Burke",
      "createdDate": "2019-09-13T23:38:10.000Z",
      "fileName": "groups/Texas_Region_CSR.group",
      "fullName": "Texas_Region_CSR",
      "id": "00G3f000000clA4EAI",
      "lastModifiedById": "0053f000000Ze23AAC",
      "lastModifiedByName": "Will Burke",
      "lastModifiedDate": "2019-09-13T23:38:10.000Z",
      "type": "Group"
    },
    {
      "createdById": "00541000003Aq3qAAC",
      "createdByName": "Jessica Deal",
      "createdDate": "2019-08-26T19:26:19.000Z",
      "fileName": "groups/IPM.group",
      "fullName": "IPM",
      "id": "00G3f000000ckhpEAA",
      "lastModifiedById": "0053f000000U5CCAA0",
      "lastModifiedByName": "Pooja Dendukoori",
      "lastModifiedDate": "2022-08-30T19:05:40.000Z",
      "type": "Group"
    },
    {
      "createdById": "00541000003Aq3qAAC",
      "createdByName": "Jessica Deal",
      "createdDate": "2018-10-17T18:23:07.000Z",
      "fileName": "groups/Interns.group",
      "fullName": "Interns",
      "id": "00G41000002mGFkEAM",
      "lastModifiedById": "00541000003Aq3qAAC",
      "lastModifiedByName": "Jessica Deal",
      "lastModifiedDate": "2018-10-17T18:23:07.000Z",
      "type": "Group"
    },
    {
      "createdById": "00541000002RzpjAAC",
      "createdByName": "Dylan Gerow",
      "createdDate": "2017-06-07T19:00:52.000Z",
      "fileName": "groups/Executive_Team.group",
      "fullName": "Executive_Team",
      "id": "00G41000002OEDgEAO",
      "lastModifiedById": "00541000004SyXBAA0",
      "lastModifiedByName": "Zack Patrick",
      "lastModifiedDate": "2020-07-01T12:40:44.000Z",
      "type": "Group"
    },
    {
      "createdById": "0053f000000Ze23AAC",
      "createdByName": "Will Burke",
      "createdDate": "2019-09-13T23:38:10.000Z",
      "fileName": "groups/West_Zone_CSR.group",
      "fullName": "West_Zone_CSR",
      "id": "00G3f000000clA6EAI",
      "lastModifiedById": "0053f000000Ze23AAC",
      "lastModifiedByName": "Will Burke",
      "lastModifiedDate": "2019-09-13T23:38:10.000Z",
      "type": "Group"
    },
    {
      "createdById": "00541000004SyXBAA0",
      "createdByName": "Zack Patrick",
      "createdDate": "2020-08-05T13:09:41.000Z",
      "fileName": "groups/MidSouth_Zone.group",
      "fullName": "MidSouth_Zone",
      "id": "00G3f000000cpd9EAA",
      "lastModifiedById": "0053f000000U5CCAA0",
      "lastModifiedByName": "Pooja Dendukoori",
      "lastModifiedDate": "2022-08-29T15:41:34.000Z",
      "type": "Group"
    },
    {
      "createdById": "00541000003Aq3qAAC",
      "createdByName": "Jessica Deal",
      "createdDate": "2017-08-17T13:58:20.000Z",
      "fileName": "groups/Engineering_Coordinators.group",
      "fullName": "Engineering_Coordinators",
      "id": "00G41000002P9YMEA0",
      "lastModifiedById": "0053f000000U5CCAA0",
      "lastModifiedByName": "Pooja Dendukoori",
      "lastModifiedDate": "2022-09-06T17:57:48.000Z",
      "type": "Group"
    },
    {
      "createdById": "00541000003Aq3qAAC",
      "createdByName": "Jessica Deal",
      "createdDate": "2017-09-05T19:44:56.000Z",
      "fileName": "groups/EPM.group",
      "fullName": "EPM",
      "id": "00G41000001lX4qEAE",
      "lastModifiedById": "0053f000000U5CCAA0",
      "lastModifiedByName": "Pooja Dendukoori",
      "lastModifiedDate": "2022-09-13T13:47:16.000Z",
      "type": "Group"
    },
    {
      "createdById": "0053f000000Ze23AAC",
      "createdByName": "Will Burke",
      "createdDate": "2019-09-13T23:38:10.000Z",
      "fileName": "groups/Mid_South_Region_CSR.group",
      "fullName": "Mid_South_Region_CSR",
      "id": "00G3f000000cl9pEAA",
      "lastModifiedById": "0053f000000Ze23AAC",
      "lastModifiedByName": "Will Burke",
      "lastModifiedDate": "2019-09-13T23:38:10.000Z",
      "type": "Group"
    },
    {
      "createdById": "00541000004SyXBAA0",
      "createdByName": "Zack Patrick",
      "createdDate": "2021-09-07T15:19:58.000Z",
      "fileName": "groups/ADSM_Sales.group",
      "fullName": "ADSM_Sales",
      "id": "00G3f000000MuF1EAK",
      "lastModifiedById": "0053f000000U5CCAA0",
      "lastModifiedByName": "Pooja Dendukoori",
      "lastModifiedDate": "2022-07-13T15:17:56.000Z",
      "type": "Group"
    },
    {
      "createdById": "0053f000000Ze23AAC",
      "createdByName": "Will Burke",
      "createdDate": "2019-09-13T23:38:10.000Z",
      "fileName": "groups/Southeast_Zone_CSR.group",
      "fullName": "Southeast_Zone_CSR",
      "id": "00G3f000000clA2EAI",
      "lastModifiedById": "0053f000000Ze23AAC",
      "lastModifiedByName": "Will Burke",
      "lastModifiedDate": "2019-09-13T23:38:10.000Z",
      "type": "Group"
    },
    {
      "createdById": "00541000004SyXBAA0",
      "createdByName": "Zack Patrick",
      "createdDate": "2021-02-22T20:50:34.000Z",
      "fileName": "groups/Texas_Danny_Hale.group",
      "fullName": "Texas_Danny_Hale",
      "id": "00G3f000000dY9YEAU",
      "lastModifiedById": "0053f000000U5CCAA0",
      "lastModifiedByName": "Pooja Dendukoori",
      "lastModifiedDate": "2022-08-29T15:41:04.000Z",
      "type": "Group"
    },
    {
      "createdById": "00541000004SyXBAA0",
      "createdByName": "Zack Patrick",
      "createdDate": "2022-07-07T12:54:04.000Z",
      "fileName": "groups/Access_to_BC_and_Alberta.group",
      "fullName": "Access_to_BC_and_Alberta",
      "id": "00G3f000000qWdUEAU",
      "lastModifiedById": "00541000004SyXBAA0",
      "lastModifiedByName": "Zack Patrick",
      "lastModifiedDate": "2022-07-07T12:54:04.000Z",
      "type": "Group"
    },
    {
      "createdById": "00541000003Aq3qAAC",
      "createdByName": "Jessica Deal",
      "createdDate": "2017-11-29T19:22:30.000Z",
      "fileName": "groups/Vendor.group",
      "fullName": "Vendor",
      "id": "00G41000002izviEAA",
      "lastModifiedById": "00541000004SyXBAA0",
      "lastModifiedByName": "Zack Patrick",
      "lastModifiedDate": "2022-08-15T17:08:02.000Z",
      "type": "Group"
    },
    {
      "createdById": "00541000003Aq3qAAC",
      "createdByName": "Jessica Deal",
      "createdDate": "2018-10-22T20:48:14.000Z",
      "fileName": "groups/ISE.group",
      "fullName": "ISE",
      "id": "00G41000002mHYlEAM",
      "lastModifiedById": "00541000004SyXBAA0",
      "lastModifiedByName": "Zack Patrick",
      "lastModifiedDate": "2022-08-17T14:00:22.000Z",
      "type": "Group"
    },
    {
      "createdById": "00541000004SyXBAA0",
      "createdByName": "Zack Patrick",
      "createdDate": "2020-09-03T15:45:59.000Z",
      "fileName": "groups/Market_Analysts.group",
      "fullName": "Market_Analysts",
      "id": "00G3f000000dO5bEAE",
      "lastModifiedById": "0053f000000U5CCAA0",
      "lastModifiedByName": "Pooja Dendukoori",
      "lastModifiedDate": "2022-09-06T13:22:27.000Z",
      "type": "Group"
    },
    {
      "createdById": "00541000003Aq3qAAC",
      "createdByName": "Jessica Deal",
      "createdDate": "2017-06-01T19:40:27.000Z",
      "fileName": "groups/Pricing_Users.group",
      "fullName": "Pricing_Users",
      "id": "00G41000002OANqEAO",
      "lastModifiedById": "0053f000000U5CCAA0",
      "lastModifiedByName": "Pooja Dendukoori",
      "lastModifiedDate": "2022-09-06T13:22:53.000Z",
      "type": "Group"
    },
    {
      "createdById": "00541000004SyXBAA0",
      "createdByName": "Zack Patrick",
      "createdDate": "2020-08-05T13:49:32.000Z",
      "fileName": "groups/Western_Zone.group",
      "fullName": "Western_Zone",
      "id": "00G3f000000cpdnEAA",
      "lastModifiedById": "0053f000000U5CCAA0",
      "lastModifiedByName": "Pooja Dendukoori",
      "lastModifiedDate": "2022-01-10T18:10:36.000Z",
      "type": "Group"
    },
    {
      "createdById": "00541000004SyXBAA0",
      "createdByName": "Zack Patrick",
      "createdDate": "2020-08-05T13:22:29.000Z",
      "fileName": "groups/Midwest_Zone.group",
      "fullName": "Midwest_Zone",
      "id": "00G3f000000cpdJEAQ",
      "lastModifiedById": "0053f000000U5CCAA0",
      "lastModifiedByName": "Pooja Dendukoori",
      "lastModifiedDate": "2021-07-19T12:19:38.000Z",
      "type": "Group"
    },
    {
      "createdById": "0053f000000Ze23AAC",
      "createdByName": "Will Burke",
      "createdDate": "2019-09-13T23:38:10.000Z",
      "fileName": "groups/Ag_Zone_CSR.group",
      "fullName": "Ag_Zone_CSR",
      "id": "00G3f000000cl9eEAA",
      "lastModifiedById": "0053f000000Ze23AAC",
      "lastModifiedByName": "Will Burke",
      "lastModifiedDate": "2019-09-13T23:38:10.000Z",
      "type": "Group"
    },
    {
      "createdById": "0052M000009LfFNQA0",
      "createdByName": "David Hetrick",
      "createdDate": "2020-03-04T21:50:47.000Z",
      "fileName": "groups/Rachel_Cleary.group",
      "fullName": "Rachel_Cleary",
      "id": "00G3f000000cnVXEAY",
      "lastModifiedById": "0053f00000145zgAAA",
      "lastModifiedByName": "Nathan Wylder",
      "lastModifiedDate": "2021-08-06T12:45:52.000Z",
      "type": "Group"
    },
    {
      "createdById": "00541000004SyXBAA0",
      "createdByName": "Zack Patrick",
      "createdDate": "2020-08-27T15:23:08.000Z",
      "fileName": "groups/Zone_Admins.group",
      "fullName": "Zone_Admins",
      "id": "00G3f000000dNfOEAU",
      "lastModifiedById": "0053f000000U5CCAA0",
      "lastModifiedByName": "Pooja Dendukoori",
      "lastModifiedDate": "2022-02-18T00:22:53.000Z",
      "type": "Group"
    },
    {
      "createdById": "0053f00000145zgAAA",
      "createdByName": "Nathan Wylder",
      "createdDate": "2020-01-24T16:13:54.000Z",
      "fileName": "groups/Admins.group",
      "fullName": "Admins",
      "id": "00G3f000000cn5eEAA",
      "lastModifiedById": "0053f000000U5CCAA0",
      "lastModifiedByName": "Pooja Dendukoori",
      "lastModifiedDate": "2022-05-05T13:03:49.000Z",
      "type": "Group"
    },
    {
      "createdById": "0052M000009LfFNQA0",
      "createdByName": "David Hetrick",
      "createdDate": "2020-08-14T13:13:33.000Z",
      "fileName": "groups/Power_Users.group",
      "fullName": "Power_Users",
      "id": "00G3f000000dMP0EAM",
      "lastModifiedById": "0053f000000U5CCAA0",
      "lastModifiedByName": "Pooja Dendukoori",
      "lastModifiedDate": "2022-05-17T15:53:34.000Z",
      "type": "Group"
    },
    {
      "createdById": "0053f000000Ze23AAC",
      "createdByName": "Will Burke",
      "createdDate": "2019-09-13T23:38:10.000Z",
      "fileName": "groups/South_Central_Zone_CSR.group",
      "fullName": "South_Central_Zone_CSR",
      "id": "00G3f000000clA0EAI",
      "lastModifiedById": "0053f000000Ze23AAC",
      "lastModifiedByName": "Will Burke",
      "lastModifiedDate": "2019-09-13T23:38:10.000Z",
      "type": "Group"
    },
    {
      "createdById": "0053f000000Ze23AAC",
      "createdByName": "Will Burke",
      "createdDate": "2019-09-13T23:38:10.000Z",
      "fileName": "groups/North_Central_Region_CSR.group",
      "fullName": "North_Central_Region_CSR",
      "id": "00G3f000000cl9uEAA",
      "lastModifiedById": "0053f000000Ze23AAC",
      "lastModifiedByName": "Will Burke",
      "lastModifiedDate": "2019-09-13T23:38:10.000Z",
      "type": "Group"
    },
    {
      "createdById": "00541000002RzpkAAC",
      "createdByName": "Sarah Labadie",
      "createdDate": "2017-06-07T20:33:46.000Z",
      "fileName": "groups/Sales_Reps.group",
      "fullName": "Sales_Reps",
      "id": "00G41000002OEGzEAO",
      "lastModifiedById": "0053f000000U5CCAA0",
      "lastModifiedByName": "Pooja Dendukoori",
      "lastModifiedDate": "2022-09-13T13:47:31.000Z",
      "type": "Group"
    },
    {
      "createdById": "00541000003Aq3qAAC",
      "createdByName": "Jessica Deal",
      "createdDate": "2017-06-07T13:33:13.000Z",
      "fileName": "groups/Customer_Service.group",
      "fullName": "Customer_Service",
      "id": "00G41000002ODstEAG",
      "lastModifiedById": "0053f00000145zgAAA",
      "lastModifiedByName": "Nathan Wylder",
      "lastModifiedDate": "2023-01-23T19:24:57.000Z",
      "type": "Group"
    },
    {
      "createdById": "00541000003Aq3qAAC",
      "createdByName": "Jessica Deal",
      "createdDate": "2017-06-28T12:51:42.000Z",
      "fileName": "groups/Nyloplast.group",
      "fullName": "Nyloplast",
      "id": "00G41000002OWR8EAO",
      "lastModifiedById": "00541000004SyXBAA0",
      "lastModifiedByName": "Zack Patrick",
      "lastModifiedDate": "2022-08-17T14:00:11.000Z",
      "type": "Group"
    },
    {
      "createdById": "00541000002RzpkAAC",
      "createdByName": "Sarah Labadie",
      "createdDate": "2017-06-07T20:34:02.000Z",
      "fileName": "groups/Zone_Managers.group",
      "fullName": "Zone_Managers",
      "id": "00G41000002OEH4EAO",
      "lastModifiedById": "00541000004SyXBAA0",
      "lastModifiedByName": "Zack Patrick",
      "lastModifiedDate": "2022-07-25T19:17:06.000Z",
      "type": "Group"
    },
    {
      "createdById": "0053f000000Ze23AAC",
      "createdByName": "Will Burke",
      "createdDate": "2019-09-13T23:38:10.000Z",
      "fileName": "groups/Findlay_Office_CSR.group",
      "fullName": "Findlay_Office_CSR",
      "id": "00G3f000000cl9jEAA",
      "lastModifiedById": "0053f000000Ze23AAC",
      "lastModifiedByName": "Will Burke",
      "lastModifiedDate": "2019-09-13T23:38:10.000Z",
      "type": "Group"
    },
    {
      "createdById": "0052M000009LfFNQA0",
      "createdByName": "David Hetrick",
      "createdDate": "2020-09-01T15:38:41.000Z",
      "fileName": "groups/Temp_Bryan_Garrett.group",
      "fullName": "Temp_Bryan_Garrett",
      "id": "00G3f000000dNyVEAU",
      "lastModifiedById": "0052M000009LfFNQA0",
      "lastModifiedByName": "David Hetrick",
      "lastModifiedDate": "2020-09-01T15:38:41.000Z",
      "type": "Group"
    },
    {
      "createdById": "0053f000000Ze23AAC",
      "createdByName": "Will Burke",
      "createdDate": "2019-09-13T23:38:10.000Z",
      "fileName": "groups/Ohio_Region_CSR.group",
      "fullName": "Ohio_Region_CSR",
      "id": "00G3f000000cl9yEAA",
      "lastModifiedById": "0053f000000Ze23AAC",
      "lastModifiedByName": "Will Burke",
      "lastModifiedDate": "2019-09-13T23:38:10.000Z",
      "type": "Group"
    },
    {
      "createdById": "0052M000009LfFNQA0",
      "createdByName": "David Hetrick",
      "createdDate": "2020-03-20T14:31:27.000Z",
      "fileName": "groups/Garrett_Klingler_Team.group",
      "fullName": "Garrett_Klingler_Team",
      "id": "00G3f000000cneZEAQ",
      "lastModifiedById": "0053f00000145zgAAA",
      "lastModifiedByName": "Nathan Wylder",
      "lastModifiedDate": "2020-06-30T20:17:28.000Z",
      "type": "Group"
    },
    {
      "createdById": "0053f00000145zgAAA",
      "createdByName": "Nathan Wylder",
      "createdDate": "2022-12-08T20:59:29.000Z",
      "fileName": "groups/Cultec_Employees.group",
      "fullName": "Cultec_Employees",
      "id": "00G54000009QEUZEA4",
      "lastModifiedById": "0053f00000145zgAAA",
      "lastModifiedByName": "Nathan Wylder",
      "lastModifiedDate": "2023-02-07T18:55:02.000Z",
      "type": "Group"
    },
    {
      "createdById": "0053f0000019P7FAAU",
      "createdByName": "Simplus Admin",
      "createdDate": "2021-07-31T00:01:06.000Z",
      "fileName": "groups/ADS_Mexicana_Coordinators.group",
      "fullName": "ADS_Mexicana_Coordinators",
      "id": "00G3f000000QsXhEAK",
      "lastModifiedById": "0053f000000U5CCAA0",
      "lastModifiedByName": "Pooja Dendukoori",
      "lastModifiedDate": "2022-06-07T19:28:35.000Z",
      "type": "Group"
    },
    {
      "createdById": "0052M000009LfFNQA0",
      "createdByName": "David Hetrick",
      "createdDate": "2020-03-23T19:46:03.000Z",
      "fileName": "groups/Municipal_Approvals.group",
      "fullName": "Municipal_Approvals",
      "id": "00G3f000000cngGEAQ",
      "lastModifiedById": "0053f000000U5CCAA0",
      "lastModifiedByName": "Pooja Dendukoori",
      "lastModifiedDate": "2022-05-05T13:04:11.000Z",
      "type": "Group"
    },
    {
      "createdById": "00541000003Aq3qAAC",
      "createdByName": "Jessica Deal",
      "createdDate": "2019-03-18T21:16:53.000Z",
      "fileName": "groups/Polyflex.group",
      "fullName": "Polyflex",
      "id": "00G2M000002mUoPUAU",
      "lastModifiedById": "0053f000000U5CCAA0",
      "lastModifiedByName": "Pooja Dendukoori",
      "lastModifiedDate": "2021-11-12T15:39:47.000Z",
      "type": "Group"
    },
    {
      "createdById": "0052M000009LfFNQA0",
      "createdByName": "David Hetrick",
      "createdDate": "2020-05-11T18:19:27.000Z",
      "fileName": "groups/Chris_Phelps.group",
      "fullName": "Chris_Phelps",
      "id": "00G3f000000coUuEAI",
      "lastModifiedById": "0052M000009LfFNQA0",
      "lastModifiedByName": "David Hetrick",
      "lastModifiedDate": "2020-05-12T14:30:23.000Z",
      "type": "Group"
    },
    {
      "createdById": "0053f000000Ze23AAC",
      "createdByName": "Will Burke",
      "createdDate": "2019-09-13T23:38:10.000Z",
      "fileName": "groups/Midwest_Zone_CSR.group",
      "fullName": "Midwest_Zone_CSR",
      "id": "00G3f000000cl9rEAA",
      "lastModifiedById": "0053f000000Ze23AAC",
      "lastModifiedByName": "Will Burke",
      "lastModifiedDate": "2019-09-13T23:38:10.000Z",
      "type": "Group"
    },
    {
      "createdById": "00541000004SyXBAA0",
      "createdByName": "Zack Patrick",
      "createdDate": "2019-01-18T14:12:09.000Z",
      "fileName": "groups/Sales_Agent.group",
      "fullName": "Sales_Agent",
      "id": "00G2M000002ZEARUA4",
      "lastModifiedById": "0053f00000145zgAAA",
      "lastModifiedByName": "Nathan Wylder",
      "lastModifiedDate": "2020-06-30T20:17:50.000Z",
      "type": "Group"
    },
    {
      "createdById": "0053f000000Ze23AAC",
      "createdByName": "Will Burke",
      "createdDate": "2019-09-13T23:38:10.000Z",
      "fileName": "groups/Northwest_Region_CSR.group",
      "fullName": "Northwest_Region_CSR",
      "id": "00G3f000000cl9xEAA",
      "lastModifiedById": "0053f000000Ze23AAC",
      "lastModifiedByName": "Will Burke",
      "lastModifiedDate": "2019-09-13T23:38:10.000Z",
      "type": "Group"
    },
    {
      "createdById": "00541000004SyXBAA0",
      "createdByName": "Zack Patrick",
      "createdDate": "2020-02-11T16:40:57.000Z",
      "fileName": "groups/Chicago.group",
      "fullName": "Chicago",
      "id": "00G3f000000cnEHEAY",
      "lastModifiedById": "00541000004SyXBAA0",
      "lastModifiedByName": "Zack Patrick",
      "lastModifiedDate": "2020-02-11T16:40:57.000Z",
      "type": "Group"
    },
    {
      "createdById": "00541000003Aq3qAAC",
      "createdByName": "Jessica Deal",
      "createdDate": "2020-02-26T16:39:18.000Z",
      "fileName": "groups/Canada_Commerical.group",
      "fullName": "Canada_Commerical",
      "id": "00G3f000000cnRpEAI",
      "lastModifiedById": "0053f000000U5CCAA0",
      "lastModifiedByName": "Pooja Dendukoori",
      "lastModifiedDate": "2022-08-08T18:43:05.000Z",
      "type": "Group"
    },
    {
      "createdById": "00541000003Aq3qAAC",
      "createdByName": "Jessica Deal",
      "createdDate": "2017-09-26T16:15:08.000Z",
      "fileName": "groups/Project_Team.group",
      "fullName": "Project_Team",
      "id": "00G41000001lnsqEAA",
      "lastModifiedById": "00541000003Aq3qAAC",
      "lastModifiedByName": "Jessica Deal",
      "lastModifiedDate": "2017-09-26T16:15:08.000Z",
      "type": "Group"
    },
    {
      "createdById": "0053f00000145zgAAA",
      "createdByName": "Nathan Wylder",
      "createdDate": "2022-03-02T15:32:14.000Z",
      "fileName": "groups/Integration_User.group",
      "fullName": "Integration_User",
      "id": "00G3f000000qJ34EAE",
      "lastModifiedById": "0053f00000145zgAAA",
      "lastModifiedByName": "Nathan Wylder",
      "lastModifiedDate": "2022-03-02T15:35:44.000Z",
      "type": "Group"
    },
    {
      "createdById": "0053f000000Ze23AAC",
      "createdByName": "Will Burke",
      "createdDate": "2019-09-13T23:38:10.000Z",
      "fileName": "groups/Southwest_Region_CSR.group",
      "fullName": "Southwest_Region_CSR",
      "id": "00G3f000000clA3EAI",
      "lastModifiedById": "0053f000000Ze23AAC",
      "lastModifiedByName": "Will Burke",
      "lastModifiedDate": "2019-09-13T23:38:10.000Z",
      "type": "Group"
    },
    {
      "createdById": "00541000004SyXBAA0",
      "createdByName": "Zack Patrick",
      "createdDate": "2022-02-28T18:38:55.000Z",
      "fileName": "groups/Access_to_California.group",
      "fullName": "Access_to_California",
      "id": "00G3f000000qIwNEAU",
      "lastModifiedById": "00541000004SyXBAA0",
      "lastModifiedByName": "Zack Patrick",
      "lastModifiedDate": "2022-02-28T18:38:55.000Z",
      "type": "Group"
    },
    {
      "createdById": "00541000004SyXBAA0",
      "createdByName": "Zack Patrick",
      "createdDate": "2022-04-28T17:56:42.000Z",
      "fileName": "groups/Edit_All_Projects.group",
      "fullName": "Edit_All_Projects",
      "id": "00G3f000000qNWAEA2",
      "lastModifiedById": "00541000004SyXBAA0",
      "lastModifiedByName": "Zack Patrick",
      "lastModifiedDate": "2022-04-28T17:56:42.000Z",
      "type": "Group"
    },
    {
      "createdById": "0053f000000Ze23AAC",
      "createdByName": "Will Burke",
      "createdDate": "2019-09-13T23:38:10.000Z",
      "fileName": "groups/Gulf_Coast_Region_CSR.group",
      "fullName": "Gulf_Coast_Region_CSR",
      "id": "00G3f000000cl9mEAA",
      "lastModifiedById": "0053f000000Ze23AAC",
      "lastModifiedByName": "Will Burke",
      "lastModifiedDate": "2019-09-13T23:38:10.000Z",
      "type": "Group"
    },
    {
      "createdById": "0053f000000Ze23AAC",
      "createdByName": "Will Burke",
      "createdDate": "2019-09-13T23:38:10.000Z",
      "fileName": "groups/Ag_Region_CSR.group",
      "fullName": "Ag_Region_CSR",
      "id": "00G3f000000cl9dEAA",
      "lastModifiedById": "0053f000000Ze23AAC",
      "lastModifiedByName": "Will Burke",
      "lastModifiedDate": "2019-09-13T23:38:10.000Z",
      "type": "Group"
    },
    {
      "createdById": "00541000003Aq3qAAC",
      "createdByName": "Jessica Deal",
      "createdDate": "2018-12-12T14:25:51.000Z",
      "fileName": "groups/Flexstorm.group",
      "fullName": "Flexstorm",
      "id": "00G2M000002ZDd7UAG",
      "lastModifiedById": "00541000004SyXBAA0",
      "lastModifiedByName": "Zack Patrick",
      "lastModifiedDate": "2022-05-16T21:16:24.000Z",
      "type": "Group"
    },
    {
      "createdById": "0052M000009LfFNQA0",
      "createdByName": "David Hetrick",
      "createdDate": "2020-05-05T20:59:00.000Z",
      "fileName": "groups/Robert_Lajoie.group",
      "fullName": "Robert_Lajoie",
      "id": "00G3f000000coR7EAI",
      "lastModifiedById": "0053f000000U5CCAA0",
      "lastModifiedByName": "Pooja Dendukoori",
      "lastModifiedDate": "2022-03-07T14:41:18.000Z",
      "type": "Group"
    },
    {
      "createdById": "0053f0000019P7FAAU",
      "createdByName": "Simplus Admin",
      "createdDate": "2021-07-31T00:01:06.000Z",
      "fileName": "groups/ADS_Mexicana_Admins.group",
      "fullName": "ADS_Mexicana_Admins",
      "id": "00G3f000000QsXgEAK",
      "lastModifiedById": "0053f000000U5CCAA0",
      "lastModifiedByName": "Pooja Dendukoori",
      "lastModifiedDate": "2022-06-07T19:28:44.000Z",
      "type": "Group"
    },
    {
      "createdById": "00541000003Aq3qAAC",
      "createdByName": "Jessica Deal",
      "createdDate": "2017-08-22T13:55:32.000Z",
      "fileName": "groups/BaySaver.group",
      "fullName": "BaySaver",
      "id": "00G41000002PCFlEAO",
      "lastModifiedById": "0053f000000U5CCAA0",
      "lastModifiedByName": "Pooja Dendukoori",
      "lastModifiedDate": "2022-12-05T14:57:02.000Z",
      "type": "Group"
    },
    {
      "createdById": "0053f000000Ze23AAC",
      "createdByName": "Will Burke",
      "createdDate": "2019-09-13T23:38:10.000Z",
      "fileName": "groups/Thorndale_Office_CSR.group",
      "fullName": "Thorndale_Office_CSR",
      "id": "00G3f000000clA5EAI",
      "lastModifiedById": "0053f000000Ze23AAC",
      "lastModifiedByName": "Will Burke",
      "lastModifiedDate": "2019-09-13T23:38:10.000Z",
      "type": "Group"
    },
    {
      "createdById": "00541000004SyXBAA0",
      "createdByName": "Zack Patrick",
      "createdDate": "2022-08-30T15:29:49.000Z",
      "fileName": "groups/Edit_Territories.group",
      "fullName": "Edit_Territories",
      "id": "00G3f000000qaUMEAY",
      "lastModifiedById": "00541000004SyXBAA0",
      "lastModifiedByName": "Zack Patrick",
      "lastModifiedDate": "2022-08-30T15:29:49.000Z",
      "type": "Group"
    },
    {
      "createdById": "00541000004SyXBAA0",
      "createdByName": "Zack Patrick",
      "createdDate": "2020-08-05T13:43:30.000Z",
      "fileName": "groups/Southeast_Zone.group",
      "fullName": "Southeast_Zone",
      "id": "00G3f000000cpddEAA",
      "lastModifiedById": "00541000004SyXBAA0",
      "lastModifiedByName": "Zack Patrick",
      "lastModifiedDate": "2020-08-05T13:43:30.000Z",
      "type": "Group"
    },
    {
      "createdById": "00541000003Aq3qAAC",
      "createdByName": "Jessica Deal",
      "createdDate": "2017-06-01T19:40:26.000Z",
      "fileName": "groups/Inside_Sales_Users.group",
      "fullName": "Inside_Sales_Users",
      "id": "00G41000002OANpEAO",
      "lastModifiedById": "0053f000000U5CCAA0",
      "lastModifiedByName": "Pooja Dendukoori",
      "lastModifiedDate": "2022-12-05T14:56:43.000Z",
      "type": "Group"
    },
    {
      "createdById": "0053f000000Ze23AAC",
      "createdByName": "Will Burke",
      "createdDate": "2019-09-13T23:38:10.000Z",
      "fileName": "groups/Midsouth_Zone_CSR.group",
      "fullName": "Midsouth_Zone_CSR",
      "id": "00G3f000000cl9qEAA",
      "lastModifiedById": "0053f000000Ze23AAC",
      "lastModifiedByName": "Will Burke",
      "lastModifiedDate": "2019-09-13T23:38:10.000Z",
      "type": "Group"
    }
  ]
}