{
  "status": 0,
  "result": [
    {
      "createdById": "00541000001bEDeAAM",
      "createdByName": "Eric Reo",
      "createdDate": "2016-12-22T15:47:21.000Z",
      "fileName": "homePageLayouts/Dashboard Home Page Default.homePageLayout",
      "fullName": "Dashboard Home Page Default",
      "id": "02T41000000Tqk3EAC",
      "lastModifiedById": "00541000003Aq3qAAC",
      "lastModifiedByName": "Jessica Deal",
      "lastModifiedDate": "2017-06-01T19:47:51.000Z",
      "manageableState": "unmanaged",
      "type": "HomePageLayout"
    }
  ]
}