{
  "status": 0,
  "result": [
    {
      "createdById": "0053f0000016G9aAAE",
      "createdByName": "Levi Kurtright",
      "createdDate": "2020-05-13T15:17:54.000Z",
      "fileName": "LeadConvertSettings/LeadConvertSettings.LeadConvertSetting",
      "fullName": "LeadConvertSettings",
      "id": "0Eq3f0000004C93CAE",
      "lastModifiedById": "0053f00000145zgAAA",
      "lastModifiedByName": "Nathan Wylder",
      "lastModifiedDate": "2022-12-14T15:01:17.000Z",
      "type": "LeadConvertSettings"
    }
  ]
}