{
  "status": 0,
  "result": [
    {
      "createdById": "00541000003Aq3qAAC",
      "createdByName": "Jessica Deal",
      "createdDate": "2017-06-01T19:46:33.000Z",
      "fileName": "letterhead/ADS_Logo.letter",
      "fullName": "ADS_Logo",
      "id": "016410000009eDQAAY",
      "lastModifiedById": "00541000003Aq3qAAC",
      "lastModifiedByName": "Jessica Deal",
      "lastModifiedDate": "2018-05-30T17:53:07.000Z",
      "manageableState": "unmanaged",
      "type": "Letterhead"
    }
  ]
}