{
  "status": 0,
  "result": [
    {
      "createdById": "0053f00000145zgAAA",
      "createdByName": "Nathan Wylder",
      "createdDate": "2021-05-03T14:39:14.000Z",
      "fileName": "lightningExperienceThemes/ADSUATTheme.lightningExperienceTheme",
      "fullName": "ADSUATTheme",
      "id": "0S13f000000PAsDCAW",
      "lastModifiedById": "0053f00000145zgAAA",
      "lastModifiedByName": "Nathan Wylder",
      "lastModifiedDate": "2021-05-03T14:39:14.000Z",
      "manageableState": "unmanaged",
      "type": "LightningExperienceTheme"
    },
    {
      "createdById": "0053f00000145zgAAA",
      "createdByName": "Nathan Wylder",
      "createdDate": "2021-05-03T14:41:08.000Z",
      "fileName": "lightningExperienceThemes/ADSR2DevTheme.lightningExperienceTheme",
      "fullName": "ADSR2DevTheme",
      "id": "0S13f000000PAsICAW",
      "lastModifiedById": "0053f00000145zgAAA",
      "lastModifiedByName": "Nathan Wylder",
      "lastModifiedDate": "2021-05-03T14:41:08.000Z",
      "manageableState": "unmanaged",
      "type": "LightningExperienceTheme"
    },
    {
      "createdById": "0053f00000145zgAAA",
      "createdByName": "Nathan Wylder",
      "createdDate": "2020-11-24T21:38:20.000Z",
      "fileName": "lightningExperienceThemes/ADSTheme.lightningExperienceTheme",
      "fullName": "ADSTheme",
      "id": "0S13f0000008OIFCA2",
      "lastModifiedById": "0053f00000145zgAAA",
      "lastModifiedByName": "Nathan Wylder",
      "lastModifiedDate": "2020-11-24T21:38:20.000Z",
      "manageableState": "unmanaged",
      "type": "LightningExperienceTheme"
    },
    {
      "createdById": "0053f00000145zgAAA",
      "createdByName": "Nathan Wylder",
      "createdDate": "2021-05-03T21:17:45.000Z",
      "fileName": "lightningExperienceThemes/ADSSITTheme.lightningExperienceTheme",
      "fullName": "ADSSITTheme",
      "id": "0S13f000000PAsNCAW",
      "lastModifiedById": "0053f00000145zgAAA",
      "lastModifiedByName": "Nathan Wylder",
      "lastModifiedDate": "2021-05-03T21:17:45.000Z",
      "manageableState": "unmanaged",
      "type": "LightningExperienceTheme"
    }
  ]
}