{
  "status": 0,
  "result": [
    {
      "createdById": "0053f000001F7USAA0",
      "createdByName": "Nathan Cox",
      "createdDate": "2023-01-31T18:04:33.000Z",
      "fileName": "lwc/PowerBIApp__specialDashboard0",
      "fullName": "PowerBIApp__specialDashboard0",
      "id": "0Rb54000002U7WtCAK",
      "lastModifiedById": "0053f000001F7USAA0",
      "lastModifiedByName": "Nathan Cox",
      "lastModifiedDate": "2023-01-31T18:04:33.000Z",
      "manageableState": "installed",
      "namespacePrefix": "PowerBIApp",
      "type": "LightningComponentBundle"
    },
    {
      "createdById": "0053f000000qKaxAAE",
      "createdByName": "Rajasekhar Vempati",
      "createdDate": "2022-10-26T13:19:34.000Z",
      "fileName": "lwc/import_QuoteLines_LWC",
      "fullName": "import_QuoteLines_LWC",
      "id": "0Rb54000002U2JbCAK",
      "lastModifiedById": "0053f000000qKaxAAE",
      "lastModifiedByName": "Rajasekhar Vempati",
      "lastModifiedDate": "2023-01-10T14:21:23.000Z",
      "manageableState": "unmanaged",
      "type": "LightningComponentBundle"
    },
    {
      "createdById": "0053f00000145zgAAA",
      "createdByName": "Nathan Wylder",
      "createdDate": "2022-12-20T19:22:03.000Z",
      "fileName": "lwc/LWCCaseTimer__lwcSessionItem",
      "fullName": "LWCCaseTimer__lwcSessionItem",
      "id": "0Rb54000002U48zCAC",
      "lastModifiedById": "0053f00000145zgAAA",
      "lastModifiedByName": "Nathan Wylder",
      "lastModifiedDate": "2022-12-20T19:22:03.000Z",
      "manageableState": "installed",
      "namespacePrefix": "LWCCaseTimer",
      "type": "LightningComponentBundle"
    },
    {
      "createdById": "0053f000001F7USAA0",
      "createdByName": "Nathan Cox",
      "createdDate": "2023-01-31T18:04:33.000Z",
      "fileName": "lwc/PowerBIApp__lWC_Dashboard",
      "fullName": "PowerBIApp__lWC_Dashboard",
      "id": "0Rb54000002U7WsCAK",
      "lastModifiedById": "0053f000001F7USAA0",
      "lastModifiedByName": "Nathan Cox",
      "lastModifiedDate": "2023-01-31T18:04:33.000Z",
      "manageableState": "installed",
      "namespacePrefix": "PowerBIApp",
      "type": "LightningComponentBundle"
    },
    {
      "createdById": "0053f00000145zgAAA",
      "createdByName": "Nathan Wylder",
      "createdDate": "2022-12-20T19:22:03.000Z",
      "fileName": "lwc/LWCCaseTimer__serviceConsoleCaseTimer",
      "fullName": "LWCCaseTimer__serviceConsoleCaseTimer",
      "id": "0Rb54000002U490CAC",
      "lastModifiedById": "0053f00000145zgAAA",
      "lastModifiedByName": "Nathan Wylder",
      "lastModifiedDate": "2022-12-20T19:22:03.000Z",
      "manageableState": "installed",
      "namespacePrefix": "LWCCaseTimer",
      "type": "LightningComponentBundle"
    },
    {
      "createdById": "00541000002RzrVAAS",
      "createdByName": "Salesforce CPQ",
      "createdDate": "2023-02-13T00:02:43.000Z",
      "fileName": "lwc/SBQQ__themePage",
      "fullName": "SBQQ__themePage",
      "id": "0Rb54000002U8g2CAC",
      "lastModifiedById": "00541000002RzrVAAS",
      "lastModifiedByName": "Salesforce CPQ",
      "lastModifiedDate": "2023-02-13T00:02:43.000Z",
      "manageableState": "installed",
      "namespacePrefix": "SBQQ",
      "type": "LightningComponentBundle"
    }
  ]
}