{
  "status": 0,
  "result": [
    {
      "createdById": "0053f000000qKaxAAE",
      "createdByName": "Rajasekhar Vempati",
      "createdDate": "1970-01-01T00:00:00.000Z",
      "fileName": "matchingRules/Account.matchingRule",
      "fullName": "Account",
      "id": "",
      "lastModifiedById": "0053f000000qKaxAAE",
      "lastModifiedByName": "Rajasekhar Vempati",
      "lastModifiedDate": "1970-01-01T00:00:00.000Z",
      "namespacePrefix": "",
      "type": "MatchingRules"
    },
    {
      "createdById": "0053f000000qKaxAAE",
      "createdByName": "Rajasekhar Vempati",
      "createdDate": "1970-01-01T00:00:00.000Z",
      "fileName": "matchingRules/Contact.matchingRule",
      "fullName": "Contact",
      "id": "",
      "lastModifiedById": "0053f000000qKaxAAE",
      "lastModifiedByName": "Rajasekhar Vempati",
      "lastModifiedDate": "1970-01-01T00:00:00.000Z",
      "namespacePrefix": "",
      "type": "MatchingRules"
    },
    {
      "createdById": "0053f000000qKaxAAE",
      "createdByName": "Rajasekhar Vempati",
      "createdDate": "1970-01-01T00:00:00.000Z",
      "fileName": "matchingRules/Individual.matchingRule",
      "fullName": "Individual",
      "id": "",
      "lastModifiedById": "0053f000000qKaxAAE",
      "lastModifiedByName": "Rajasekhar Vempati",
      "lastModifiedDate": "1970-01-01T00:00:00.000Z",
      "namespacePrefix": "",
      "type": "MatchingRules"
    },
    {
      "createdById": "0053f000000qKaxAAE",
      "createdByName": "Rajasekhar Vempati",
      "createdDate": "1970-01-01T00:00:00.000Z",
      "fileName": "matchingRules/Lead.matchingRule",
      "fullName": "Lead",
      "id": "",
      "lastModifiedById": "0053f000000qKaxAAE",
      "lastModifiedByName": "Rajasekhar Vempati",
      "lastModifiedDate": "1970-01-01T00:00:00.000Z",
      "namespacePrefix": "",
      "type": "MatchingRules"
    }
  ]
}