{
  "status": 0,
  "result": {
    "metadataObjects": [
      {
        "directoryName": "installedPackages",
        "inFolder": false,
        "metaFile": false,
        "suffix": "installedPackage",
        "xmlName": "InstalledPackage"
      },
      {
        "childXmlNames": [
          "MarketingAppExtActivity"
        ],
        "directoryName": "marketingappextensions",
        "inFolder": false,
        "metaFile": false,
        "suffix": "marketingappextension",
        "xmlName": "MarketingAppExtension"
      },
      {
        "childXmlNames": [
          "CustomLabel"
        ],
        "directoryName": "labels",
        "inFolder": false,
        "metaFile": false,
        "suffix": "labels",
        "xmlName": "CustomLabels"
      },
      {
        "directoryName": "staticresources",
        "inFolder": false,
        "metaFile": true,
        "suffix": "resource",
        "xmlName": "StaticResource"
      },
      {
        "directoryName": "scontrols",
        "inFolder": false,
        "metaFile": true,
        "suffix": "scf",
        "xmlName": "Scontrol"
      },
      {
        "directoryName": "certs",
        "inFolder": false,
        "metaFile": true,
        "suffix": "crt",
        "xmlName": "Certificate"
      },
      {
        "directoryName": "messageChannels",
        "inFolder": false,
        "metaFile": false,
        "suffix": "messageChannel",
        "xmlName": "LightningMessageChannel"
      },
      {
        "directoryName": "lwc",
        "inFolder": false,
        "metaFile": false,
        "xmlName": "LightningComponentBundle"
      },
      {
        "directoryName": "aura",
        "inFolder": false,
        "metaFile": false,
        "xmlName": "AuraDefinitionBundle"
      },
      {
        "directoryName": "components",
        "inFolder": false,
        "metaFile": true,
        "suffix": "component",
        "xmlName": "ApexComponent"
      },
      {
        "directoryName": "pages",
        "inFolder": false,
        "metaFile": true,
        "suffix": "page",
        "xmlName": "ApexPage"
      },
      {
        "directoryName": "queues",
        "inFolder": false,
        "metaFile": false,
        "suffix": "queue",
        "xmlName": "Queue"
      },
      {
        "directoryName": "inboundNetworkConnections",
        "inFolder": false,
        "metaFile": false,
        "suffix": "inboundNetworkConnection",
        "xmlName": "InboundNetworkConnection"
      },
      {
        "directoryName": "outboundNetworkConnections",
        "inFolder": false,
        "metaFile": false,
        "suffix": "outboundNetworkConnection",
        "xmlName": "OutboundNetworkConnection"
      },
      {
        "directoryName": "externalCredentials",
        "inFolder": false,
        "metaFile": false,
        "suffix": "externalCredential",
        "xmlName": "ExternalCredential"
      },
      {
        "directoryName": "namedCredentials",
        "inFolder": false,
        "metaFile": false,
        "suffix": "namedCredential",
        "xmlName": "NamedCredential"
      },
      {
        "childXmlNames": [
          "ExternalDataSrcDescriptor"
        ],
        "directoryName": "dataSources",
        "inFolder": false,
        "metaFile": false,
        "suffix": "dataSource",
        "xmlName": "ExternalDataSource"
      },
      {
        "directoryName": "externalServiceRegistrations",
        "inFolder": false,
        "metaFile": false,
        "suffix": "externalServiceRegistration",
        "xmlName": "ExternalServiceRegistration"
      },
      {
        "directoryName": "roles",
        "inFolder": false,
        "metaFile": false,
        "suffix": "role",
        "xmlName": "Role"
      },
      {
        "directoryName": "groups",
        "inFolder": false,
        "metaFile": false,
        "suffix": "group",
        "xmlName": "Group"
      },
      {
        "directoryName": "globalValueSets",
        "inFolder": false,
        "metaFile": false,
        "suffix": "globalValueSet",
        "xmlName": "GlobalValueSet"
      },
      {
        "directoryName": "standardValueSets",
        "inFolder": false,
        "metaFile": false,
        "suffix": "standardValueSet",
        "xmlName": "StandardValueSet"
      },
      {
        "directoryName": "customPermissions",
        "inFolder": false,
        "metaFile": false,
        "suffix": "customPermission",
        "xmlName": "CustomPermission"
      },
      {
        "childXmlNames": [
          "CustomField",
          "Index",
          "BusinessProcess",
          "RecordType",
          "CompactLayout",
          "WebLink",
          "ValidationRule",
          "SharingReason",
          "ListView",
          "FieldSet"
        ],
        "directoryName": "objects",
        "inFolder": false,
        "metaFile": false,
        "suffix": "object",
        "xmlName": "CustomObject"
      },
      {
        "directoryName": "reportTypes",
        "inFolder": false,
        "metaFile": false,
        "suffix": "reportType",
        "xmlName": "ReportType"
      },
      {
        "directoryName": "reports",
        "inFolder": true,
        "metaFile": false,
        "suffix": "report",
        "xmlName": "Report"
      },
      {
        "directoryName": "dashboards",
        "inFolder": true,
        "metaFile": false,
        "suffix": "dashboard",
        "xmlName": "Dashboard"
      },
      {
        "directoryName": "analyticSnapshots",
        "inFolder": false,
        "metaFile": false,
        "suffix": "snapshot",
        "xmlName": "AnalyticSnapshot"
      },
      {
        "directoryName": "feedFilters",
        "inFolder": false,
        "metaFile": false,
        "suffix": "feedFilter",
        "xmlName": "CustomFeedFilter"
      },
      {
        "directoryName": "layouts",
        "inFolder": false,
        "metaFile": false,
        "suffix": "layout",
        "xmlName": "Layout"
      },
      {
        "directoryName": "documents",
        "inFolder": true,
        "metaFile": true,
        "xmlName": "Document"
      },
      {
        "directoryName": "weblinks",
        "inFolder": false,
        "metaFile": false,
        "suffix": "weblink",
        "xmlName": "CustomPageWebLink"
      },
      {
        "directoryName": "letterhead",
        "inFolder": false,
        "metaFile": false,
        "suffix": "letter",
        "xmlName": "Letterhead"
      },
      {
        "directoryName": "email",
        "inFolder": true,
        "metaFile": true,
        "suffix": "email",
        "xmlName": "EmailTemplate"
      },
      {
        "directoryName": "quickActions",
        "inFolder": false,
        "metaFile": false,
        "suffix": "quickAction",
        "xmlName": "QuickAction"
      },
      {
        "directoryName": "flexipages",
        "inFolder": false,
        "metaFile": false,
        "suffix": "flexipage",
        "xmlName": "FlexiPage"
      },
      {
        "directoryName": "tabs",
        "inFolder": false,
        "metaFile": false,
        "suffix": "tab",
        "xmlName": "CustomTab"
      },
      {
        "directoryName": "customApplicationComponents",
        "inFolder": false,
        "metaFile": false,
        "suffix": "customApplicationComponent",
        "xmlName": "CustomApplicationComponent"
      },
      {
        "directoryName": "applications",
        "inFolder": false,
        "metaFile": false,
        "suffix": "app",
        "xmlName": "CustomApplication"
      },
      {
        "directoryName": "customMetadata",
        "inFolder": false,
        "metaFile": false,
        "suffix": "md",
        "xmlName": "CustomMetadata"
      },
      {
        "directoryName": "flows",
        "inFolder": false,
        "metaFile": false,
        "suffix": "flow",
        "xmlName": "Flow"
      },
      {
        "directoryName": "flowDefinitions",
        "inFolder": false,
        "metaFile": false,
        "suffix": "flowDefinition",
        "xmlName": "FlowDefinition"
      },
      {
        "directoryName": "flowtests",
        "inFolder": false,
        "metaFile": false,
        "suffix": "flowtest",
        "xmlName": "FlowTest"
      },
      {
        "directoryName": "contentassets",
        "inFolder": false,
        "metaFile": true,
        "suffix": "asset",
        "xmlName": "ContentAsset"
      },
      {
        "childXmlNames": [
          "WorkflowFieldUpdate",
          "WorkflowKnowledgePublish",
          "WorkflowTask",
          "WorkflowAlert",
          "WorkflowSend",
          "WorkflowOutboundMessage",
          "WorkflowRule"
        ],
        "directoryName": "workflows",
        "inFolder": false,
        "metaFile": false,
        "suffix": "workflow",
        "xmlName": "Workflow"
      },
      {
        "childXmlNames": [
          "AssignmentRule"
        ],
        "directoryName": "assignmentRules",
        "inFolder": false,
        "metaFile": false,
        "suffix": "assignmentRules",
        "xmlName": "AssignmentRules"
      },
      {
        "childXmlNames": [
          "AutoResponseRule"
        ],
        "directoryName": "autoResponseRules",
        "inFolder": false,
        "metaFile": false,
        "suffix": "autoResponseRules",
        "xmlName": "AutoResponseRules"
      },
      {
        "childXmlNames": [
          "EscalationRule"
        ],
        "directoryName": "escalationRules",
        "inFolder": false,
        "metaFile": false,
        "suffix": "escalationRules",
        "xmlName": "EscalationRules"
      },
      {
        "directoryName": "postTemplates",
        "inFolder": false,
        "metaFile": false,
        "suffix": "postTemplate",
        "xmlName": "PostTemplate"
      },
      {
        "directoryName": "approvalProcesses",
        "inFolder": false,
        "metaFile": false,
        "suffix": "approvalProcess",
        "xmlName": "ApprovalProcess"
      },
      {
        "directoryName": "homePageComponents",
        "inFolder": false,
        "metaFile": false,
        "suffix": "homePageComponent",
        "xmlName": "HomePageComponent"
      },
      {
        "directoryName": "homePageLayouts",
        "inFolder": false,
        "metaFile": false,
        "suffix": "homePageLayout",
        "xmlName": "HomePageLayout"
      },
      {
        "directoryName": "objectTranslations",
        "inFolder": false,
        "metaFile": false,
        "suffix": "objectTranslation",
        "xmlName": "CustomObjectTranslation"
      },
      {
        "directoryName": "globalValueSetTranslations",
        "inFolder": false,
        "metaFile": false,
        "suffix": "globalValueSetTranslation",
        "xmlName": "GlobalValueSetTranslation"
      },
      {
        "directoryName": "standardValueSetTranslations",
        "inFolder": false,
        "metaFile": false,
        "suffix": "standardValueSetTranslation",
        "xmlName": "StandardValueSetTranslation"
      },
      {
        "directoryName": "dw",
        "inFolder": false,
        "metaFile": true,
        "xmlName": "DataWeaveResource"
      },
      {
        "directoryName": "classes",
        "inFolder": false,
        "metaFile": true,
        "suffix": "cls",
        "xmlName": "ApexClass"
      },
      {
        "directoryName": "triggers",
        "inFolder": false,
        "metaFile": true,
        "suffix": "trigger",
        "xmlName": "ApexTrigger"
      },
      {
        "directoryName": "testSuites",
        "inFolder": false,
        "metaFile": false,
        "suffix": "testSuite",
        "xmlName": "ApexTestSuite"
      },
      {
        "directoryName": "profiles",
        "inFolder": false,
        "metaFile": false,
        "suffix": "profile",
        "xmlName": "Profile"
      },
      {
        "directoryName": "permissionsets",
        "inFolder": false,
        "metaFile": false,
        "suffix": "permissionset",
        "xmlName": "PermissionSet"
      },
      {
        "directoryName": "mutingpermissionsets",
        "inFolder": false,
        "metaFile": false,
        "suffix": "mutingpermissionset",
        "xmlName": "MutingPermissionSet"
      },
      {
        "directoryName": "permissionsetgroups",
        "inFolder": false,
        "metaFile": false,
        "suffix": "permissionsetgroup",
        "xmlName": "PermissionSetGroup"
      },
      {
        "directoryName": "profilePasswordPolicies",
        "inFolder": false,
        "metaFile": false,
        "suffix": "profilePasswordPolicy",
        "xmlName": "ProfilePasswordPolicy"
      },
      {
        "directoryName": "profileSessionSettings",
        "inFolder": false,
        "metaFile": false,
        "suffix": "profileSessionSetting",
        "xmlName": "ProfileSessionSetting"
      },
      {
        "directoryName": "myDomainDiscoverableLogins",
        "inFolder": false,
        "metaFile": false,
        "suffix": "myDomainDiscoverableLogin",
        "xmlName": "MyDomainDiscoverableLogin"
      },
      {
        "directoryName": "blacklistedConsumers",
        "inFolder": false,
        "metaFile": false,
        "suffix": "blacklistedConsumer",
        "xmlName": "BlacklistedConsumer"
      },
      {
        "directoryName": "oauthcustomscopes",
        "inFolder": false,
        "metaFile": false,
        "suffix": "oauthcustomscope",
        "xmlName": "OauthCustomScope"
      },
      {
        "directoryName": "userProvisioningConfigs",
        "inFolder": false,
        "metaFile": false,
        "suffix": "userProvisioningConfig",
        "xmlName": "UserProvisioningConfig"
      },
      {
        "directoryName": "datacategorygroups",
        "inFolder": false,
        "metaFile": false,
        "suffix": "datacategorygroup",
        "xmlName": "DataCategoryGroup"
      },
      {
        "directoryName": "remoteSiteSettings",
        "inFolder": false,
        "metaFile": false,
        "suffix": "remoteSite",
        "xmlName": "RemoteSiteSetting"
      },
      {
        "directoryName": "cspTrustedSites",
        "inFolder": false,
        "metaFile": false,
        "suffix": "cspTrustedSite",
        "xmlName": "CspTrustedSite"
      },
      {
        "directoryName": "redirectWhitelistUrls",
        "inFolder": false,
        "metaFile": false,
        "suffix": "redirectWhitelistUrl",
        "xmlName": "RedirectWhitelistUrl"
      },
      {
        "childXmlNames": [
          "MatchingRule"
        ],
        "directoryName": "matchingRules",
        "inFolder": false,
        "metaFile": false,
        "suffix": "matchingRule",
        "xmlName": "MatchingRules"
      },
      {
        "directoryName": "duplicateRules",
        "inFolder": false,
        "metaFile": false,
        "suffix": "duplicateRule",
        "xmlName": "DuplicateRule"
      },
      {
        "directoryName": "cleanDataServices",
        "inFolder": false,
        "metaFile": false,
        "suffix": "cleanDataService",
        "xmlName": "CleanDataService"
      },
      {
        "directoryName": "customindex",
        "inFolder": false,
        "metaFile": false,
        "suffix": "indx",
        "xmlName": "CustomIndex"
      },
      {
        "directoryName": "skills",
        "inFolder": false,
        "metaFile": false,
        "suffix": "skill",
        "xmlName": "Skill"
      },
      {
        "directoryName": "serviceChannels",
        "inFolder": false,
        "metaFile": false,
        "suffix": "serviceChannel",
        "xmlName": "ServiceChannel"
      },
      {
        "directoryName": "queueRoutingConfigs",
        "inFolder": false,
        "metaFile": false,
        "suffix": "queueRoutingConfig",
        "xmlName": "QueueRoutingConfig"
      },
      {
        "directoryName": "servicePresenceStatuses",
        "inFolder": false,
        "metaFile": false,
        "suffix": "servicePresenceStatus",
        "xmlName": "ServicePresenceStatus"
      },
      {
        "directoryName": "presenceDeclineReasons",
        "inFolder": false,
        "metaFile": false,
        "suffix": "presenceDeclineReason",
        "xmlName": "PresenceDeclineReason"
      },
      {
        "directoryName": "presenceUserConfigs",
        "inFolder": false,
        "metaFile": false,
        "suffix": "presenceUserConfig",
        "xmlName": "PresenceUserConfig"
      },
      {
        "directoryName": "workSkillRoutings",
        "inFolder": false,
        "metaFile": false,
        "suffix": "workSkillRouting",
        "xmlName": "WorkSkillRouting"
      },
      {
        "directoryName": "authproviders",
        "inFolder": false,
        "metaFile": false,
        "suffix": "authprovider",
        "xmlName": "AuthProvider"
      },
      {
        "directoryName": "eclair",
        "inFolder": false,
        "metaFile": true,
        "suffix": "geodata",
        "xmlName": "EclairGeoData"
      },
      {
        "directoryName": "IPAddressRanges",
        "inFolder": false,
        "metaFile": false,
        "suffix": "IPAddressRange",
        "xmlName": "IPAddressRange"
      },
      {
        "directoryName": "briefcaseDefinitions",
        "inFolder": false,
        "metaFile": false,
        "suffix": "briefcaseDefinition",
        "xmlName": "BriefcaseDefinition"
      },
      {
        "directoryName": "channelLayouts",
        "inFolder": false,
        "metaFile": false,
        "suffix": "channelLayout",
        "xmlName": "ChannelLayout"
      },
      {
        "directoryName": "sites",
        "inFolder": false,
        "metaFile": false,
        "suffix": "site",
        "xmlName": "CustomSite"
      },
      {
        "directoryName": "forecastingTypes",
        "inFolder": false,
        "metaFile": false,
        "suffix": "forecastingType",
        "xmlName": "ForecastingType"
      },
      {
        "directoryName": "forecastingSourceDefinitions",
        "inFolder": false,
        "metaFile": false,
        "suffix": "forecastingSourceDefinition",
        "xmlName": "ForecastingSourceDefinition"
      },
      {
        "directoryName": "forecastingTypeSources",
        "inFolder": false,
        "metaFile": false,
        "suffix": "forecastingTypeSource",
        "xmlName": "ForecastingTypeSource"
      },
      {
        "directoryName": "forecastingFilters",
        "inFolder": false,
        "metaFile": false,
        "suffix": "forecastingFilter",
        "xmlName": "ForecastingFilter"
      },
      {
        "directoryName": "forecastingFilterConditions",
        "inFolder": false,
        "metaFile": false,
        "suffix": "forecastingFilterCondition",
        "xmlName": "ForecastingFilterCondition"
      },
      {
        "directoryName": "apexEmailNotifications",
        "inFolder": false,
        "metaFile": false,
        "suffix": "notifications",
        "xmlName": "ApexEmailNotifications"
      },
      {
        "childXmlNames": [
          "SharingOwnerRule",
          "SharingCriteriaRule"
        ],
        "directoryName": "sharingRules",
        "inFolder": false,
        "metaFile": false,
        "suffix": "sharingRules",
        "xmlName": "SharingRules"
      },
      {
        "directoryName": "iframeWhiteListUrlSettings",
        "inFolder": false,
        "metaFile": false,
        "suffix": "iframeWhiteListUrlSettings",
        "xmlName": "IframeWhiteListUrlSettings"
      },
      {
        "directoryName": "communities",
        "inFolder": false,
        "metaFile": false,
        "suffix": "community",
        "xmlName": "Community"
      },
      {
        "directoryName": "ChatterExtensions",
        "inFolder": false,
        "metaFile": false,
        "suffix": "ChatterExtension",
        "xmlName": "ChatterExtension"
      },
      {
        "directoryName": "aiApplications",
        "inFolder": false,
        "metaFile": false,
        "suffix": "ai",
        "xmlName": "AIApplication"
      },
      {
        "directoryName": "aiApplicationConfigs",
        "inFolder": false,
        "metaFile": false,
        "suffix": "aiapplicationconfig",
        "xmlName": "AIApplicationConfig"
      },
      {
        "directoryName": "mlPredictions",
        "inFolder": false,
        "metaFile": false,
        "suffix": "mlPrediction",
        "xmlName": "MLPredictionDefinition"
      },
      {
        "directoryName": "mlRecommendations",
        "inFolder": false,
        "metaFile": false,
        "suffix": "mlRecommendation",
        "xmlName": "MLRecommendationDefinition"
      },
      {
        "directoryName": "mlDataDefinitions",
        "inFolder": false,
        "metaFile": false,
        "suffix": "mlDataDefinition",
        "xmlName": "MLDataDefinition"
      },
      {
        "directoryName": "platformEventChannels",
        "inFolder": false,
        "metaFile": false,
        "suffix": "platformEventChannel",
        "xmlName": "PlatformEventChannel"
      },
      {
        "directoryName": "platformEventChannelMembers",
        "inFolder": false,
        "metaFile": false,
        "suffix": "platformEventChannelMember",
        "xmlName": "PlatformEventChannelMember"
      },
      {
        "directoryName": "eventRelays",
        "inFolder": false,
        "metaFile": false,
        "suffix": "eventRelay",
        "xmlName": "EventRelayConfig"
      },
      {
        "directoryName": "callCenters",
        "inFolder": false,
        "metaFile": false,
        "suffix": "callCenter",
        "xmlName": "CallCenter"
      },
      {
        "directoryName": "milestoneTypes",
        "inFolder": false,
        "metaFile": false,
        "suffix": "milestoneType",
        "xmlName": "MilestoneType"
      },
      {
        "directoryName": "entitlementProcesses",
        "inFolder": false,
        "metaFile": false,
        "suffix": "entitlementProcess",
        "xmlName": "EntitlementProcess"
      },
      {
        "directoryName": "entitlementTemplates",
        "inFolder": false,
        "metaFile": false,
        "suffix": "entitlementTemplate",
        "xmlName": "EntitlementTemplate"
      },
      {
        "directoryName": "Canvases",
        "inFolder": false,
        "metaFile": false,
        "suffix": "Canvas",
        "xmlName": "CanvasMetadata"
      },
      {
        "directoryName": "MobileApplicationDetails",
        "inFolder": false,
        "metaFile": false,
        "suffix": "MobileApplicationDetail",
        "xmlName": "MobileApplicationDetail"
      },
      {
        "directoryName": "notificationtypes",
        "inFolder": false,
        "metaFile": false,
        "suffix": "notiftype",
        "xmlName": "CustomNotificationType"
      },
      {
        "directoryName": "connectedApps",
        "inFolder": false,
        "metaFile": false,
        "suffix": "connectedApp",
        "xmlName": "ConnectedApp"
      },
      {
        "directoryName": "appMenus",
        "inFolder": false,
        "metaFile": false,
        "suffix": "appMenu",
        "xmlName": "AppMenu"
      },
      {
        "directoryName": "notificationTypeConfig",
        "inFolder": false,
        "metaFile": false,
        "suffix": "config",
        "xmlName": "NotificationTypeConfig"
      },
      {
        "directoryName": "delegateGroups",
        "inFolder": false,
        "metaFile": false,
        "suffix": "delegateGroup",
        "xmlName": "DelegateGroup"
      },
      {
        "directoryName": "brandingSets",
        "inFolder": false,
        "metaFile": false,
        "suffix": "brandingSet",
        "xmlName": "BrandingSet"
      },
      {
        "directoryName": "managedContentTypes",
        "inFolder": false,
        "metaFile": false,
        "suffix": "managedContentType",
        "xmlName": "ManagedContentType"
      },
      {
        "childXmlNames": [
          "DigitalExperience"
        ],
        "directoryName": "digitalExperiences",
        "inFolder": false,
        "metaFile": true,
        "suffix": "digitalExperience",
        "xmlName": "DigitalExperienceBundle"
      },
      {
        "directoryName": "siteDotComSites",
        "inFolder": false,
        "metaFile": true,
        "suffix": "site",
        "xmlName": "SiteDotCom"
      },
      {
        "directoryName": "networkBranding",
        "inFolder": false,
        "metaFile": true,
        "suffix": "networkBranding",
        "xmlName": "NetworkBranding"
      },
      {
        "directoryName": "flowCategories",
        "inFolder": false,
        "metaFile": false,
        "suffix": "flowCategory",
        "xmlName": "FlowCategory"
      },
      {
        "directoryName": "lightningBolts",
        "inFolder": false,
        "metaFile": false,
        "suffix": "lightningBolt",
        "xmlName": "LightningBolt"
      },
      {
        "directoryName": "lightningExperienceThemes",
        "inFolder": false,
        "metaFile": false,
        "suffix": "lightningExperienceTheme",
        "xmlName": "LightningExperienceTheme"
      },
      {
        "directoryName": "lightningOnboardingConfigs",
        "inFolder": false,
        "metaFile": false,
        "suffix": "lightningOnboardingConfig",
        "xmlName": "LightningOnboardingConfig"
      },
      {
        "directoryName": "customHelpMenuSections",
        "inFolder": false,
        "metaFile": false,
        "suffix": "customHelpMenuSection",
        "xmlName": "CustomHelpMenuSection"
      },
      {
        "directoryName": "prompts",
        "inFolder": false,
        "metaFile": false,
        "suffix": "prompt",
        "xmlName": "Prompt"
      },
      {
        "directoryName": "campaignInfluenceModels",
        "inFolder": false,
        "metaFile": false,
        "suffix": "campaignInfluenceModel",
        "xmlName": "CampaignInfluenceModel"
      },
      {
        "directoryName": "samlssoconfigs",
        "inFolder": false,
        "metaFile": false,
        "suffix": "samlssoconfig",
        "xmlName": "SamlSsoConfig"
      },
      {
        "directoryName": "corsWhitelistOrigins",
        "inFolder": false,
        "metaFile": false,
        "suffix": "corsWhitelistOrigin",
        "xmlName": "CorsWhitelistOrigin"
      },
      {
        "directoryName": "actionLinkGroupTemplates",
        "inFolder": false,
        "metaFile": false,
        "suffix": "actionLinkGroupTemplate",
        "xmlName": "ActionLinkGroupTemplate"
      },
      {
        "directoryName": "liveChatDeployments",
        "inFolder": false,
        "metaFile": false,
        "suffix": "liveChatDeployment",
        "xmlName": "LiveChatDeployment"
      },
      {
        "directoryName": "liveChatButtons",
        "inFolder": false,
        "metaFile": false,
        "suffix": "liveChatButton",
        "xmlName": "LiveChatButton"
      },
      {
        "directoryName": "liveChatAgentConfigs",
        "inFolder": false,
        "metaFile": false,
        "suffix": "liveChatAgentConfig",
        "xmlName": "LiveChatAgentConfig"
      },
      {
        "directoryName": "synonymDictionaries",
        "inFolder": false,
        "metaFile": false,
        "suffix": "synonymDictionary",
        "xmlName": "SynonymDictionary"
      },
      {
        "directoryName": "pathAssistants",
        "inFolder": false,
        "metaFile": false,
        "suffix": "pathAssistant",
        "xmlName": "PathAssistant"
      },
      {
        "directoryName": "animationRules",
        "inFolder": false,
        "metaFile": false,
        "suffix": "animationRule",
        "xmlName": "AnimationRule"
      },
      {
        "directoryName": "LeadConvertSettings",
        "inFolder": false,
        "metaFile": false,
        "suffix": "LeadConvertSetting",
        "xmlName": "LeadConvertSettings"
      },
      {
        "directoryName": "liveChatSensitiveDataRule",
        "inFolder": false,
        "metaFile": false,
        "suffix": "liveChatSensitiveDataRule",
        "xmlName": "LiveChatSensitiveDataRule"
      },
      {
        "directoryName": "cachePartitions",
        "inFolder": false,
        "metaFile": false,
        "suffix": "cachePartition",
        "xmlName": "PlatformCachePartition"
      },
      {
        "directoryName": "topicsForObjects",
        "inFolder": false,
        "metaFile": false,
        "suffix": "topicsForObjects",
        "xmlName": "TopicsForObjects"
      },
      {
        "directoryName": "restrictionRules",
        "inFolder": false,
        "metaFile": false,
        "suffix": "rule",
        "xmlName": "RestrictionRule"
      },
      {
        "directoryName": "fieldRestrictionRules",
        "inFolder": false,
        "metaFile": false,
        "suffix": "rule",
        "xmlName": "FieldRestrictionRule"
      },
      {
        "directoryName": "recommendationStrategies",
        "inFolder": false,
        "metaFile": false,
        "suffix": "recommendationStrategy",
        "xmlName": "RecommendationStrategy"
      },
      {
        "directoryName": "entityImplements",
        "inFolder": false,
        "metaFile": false,
        "suffix": "entityImplements",
        "xmlName": "EntityImplements"
      },
      {
        "directoryName": "emailservices",
        "inFolder": false,
        "metaFile": false,
        "suffix": "xml",
        "xmlName": "EmailServicesFunction"
      },
      {
        "directoryName": "paymentGatewayProviders",
        "inFolder": false,
        "metaFile": false,
        "suffix": "paymentGatewayProvider",
        "xmlName": "PaymentGatewayProvider"
      },
      {
        "directoryName": "gatewayProviderPaymentMethodTypes",
        "inFolder": false,
        "metaFile": false,
        "suffix": "gatewayProviderPaymentMethodType",
        "xmlName": "GatewayProviderPaymentMethodType"
      },
      {
        "directoryName": "ActionLauncherItemDef",
        "inFolder": false,
        "metaFile": false,
        "suffix": "actionLauncherItemDef",
        "xmlName": "ActionLauncherItemDef"
      },
      {
        "directoryName": "recordActionDeployments",
        "inFolder": false,
        "metaFile": false,
        "suffix": "deployment",
        "xmlName": "RecordActionDeployment"
      },
      {
        "directoryName": "EmbeddedServiceConfig",
        "inFolder": false,
        "metaFile": false,
        "suffix": "EmbeddedServiceConfig",
        "xmlName": "EmbeddedServiceConfig"
      },
      {
        "directoryName": "EmbeddedServiceLiveAgent",
        "inFolder": false,
        "metaFile": false,
        "suffix": "EmbeddedServiceLiveAgent",
        "xmlName": "EmbeddedServiceLiveAgent"
      },
      {
        "directoryName": "EmbeddedServiceBranding",
        "inFolder": false,
        "metaFile": false,
        "suffix": "EmbeddedServiceBranding",
        "xmlName": "EmbeddedServiceBranding"
      },
      {
        "directoryName": "EmbeddedServiceFlowConfig",
        "inFolder": false,
        "metaFile": false,
        "suffix": "EmbeddedServiceFlowConfig",
        "xmlName": "EmbeddedServiceFlowConfig"
      },
      {
        "directoryName": "EmbeddedServiceMenuSettings",
        "inFolder": false,
        "metaFile": false,
        "suffix": "EmbeddedServiceMenuSettings",
        "xmlName": "EmbeddedServiceMenuSettings"
      },
      {
        "directoryName": "callCoachingMediaProviders",
        "inFolder": false,
        "metaFile": false,
        "suffix": "callCoachingMediaProvider",
        "xmlName": "CallCoachingMediaProvider"
      },
      {
        "directoryName": "userProfileSearchScopes",
        "inFolder": false,
        "metaFile": false,
        "suffix": "userProfileSearchScope",
        "xmlName": "UserProfileSearchScope"
      },
      {
        "directoryName": "searchCustomizations",
        "inFolder": false,
        "metaFile": false,
        "suffix": "searchCustomization",
        "xmlName": "SearchCustomization"
      },
      {
        "directoryName": "omniSupervisorConfigs",
        "inFolder": false,
        "metaFile": false,
        "suffix": "omniSupervisorConfig",
        "xmlName": "OmniSupervisorConfig"
      },
      {
        "directoryName": "PlatformEventSubscriberConfigs",
        "inFolder": false,
        "metaFile": false,
        "suffix": "platformEventSubscriberConfig",
        "xmlName": "PlatformEventSubscriberConfig"
      },
      {
        "directoryName": "pipelineInspMetricConfigs",
        "inFolder": false,
        "metaFile": false,
        "suffix": "pipelineInspMetricConfig",
        "xmlName": "PipelineInspMetricConfig"
      },
      {
        "directoryName": "settings",
        "inFolder": false,
        "metaFile": false,
        "suffix": "settings",
        "xmlName": "Settings"
      }
    ],
    "organizationNamespace": "",
    "partialSaveAllowed": true,
    "testRequired": false
  }
}
