{
  "status": 0,
  "result": [
    {
      "createdById": "00541000002RzrVAAS",
      "createdByName": "Salesforce CPQ",
      "createdDate": "2022-06-11T06:31:20.000Z",
      "fileName": "permissionsetgroups/SBQQ__CPQIntegrationUserPermSetGroup.permissionsetgroup",
      "fullName": "SBQQ__CPQIntegrationUserPermSetGroup",
      "id": "0PG3f000000GmaxGAC",
      "lastModifiedById": "00541000002RzrVAAS",
      "lastModifiedByName": "Salesforce CPQ",
      "lastModifiedDate": "2023-02-13T00:07:36.000Z",
      "manageableState": "installed",
      "namespacePrefix": "SBQQ",
      "type": "PermissionSetGroup"
    },
    {
      "createdById": "0053f0000016G9aAAE",
      "createdByName": "Levi Kurtright",
      "createdDate": "2020-11-30T20:18:16.000Z",
      "fileName": "permissionsetgroups/Advanced_Approvals_Permission_Set_Group.permissionsetgroup",
      "fullName": "Advanced_Approvals_Permission_Set_Group",
      "id": "0PG3f0000008OKBGA2",
      "lastModifiedById": "0053f00000145zgAAA",
      "lastModifiedByName": "Nathan Wylder",
      "lastModifiedDate": "2022-02-17T02:39:37.000Z",
      "manageableState": "unmanaged",
      "type": "PermissionSetGroup"
    }
  ]
}