{
  "status": 0,
  "result": [
    {
      "createdById": "0053f000001F7USAA0",
      "createdByName": "Nathan Cox",
      "createdDate": "2023-01-31T18:04:49.000Z",
      "fileName": "permissionsets/PowerBIApp__PowerBIPermissionSet.permissionset",
      "fullName": "PowerBIApp__PowerBIPermissionSet",
      "id": "0PS54000002yJPGGA2",
      "lastModifiedById": "0053f000001F7USAA0",
      "lastModifiedByName": "Nathan Cox",
      "lastModifiedDate": "2023-01-31T18:04:50.000Z",
      "manageableState": "installed",
      "namespacePrefix": "PowerBIApp",
      "type": "PermissionSet"
    },
    {
      "createdById": "0053f00000145zgAAA",
      "createdByName": "Nathan Wylder",
      "createdDate": "2021-08-25T18:13:07.000Z",
      "fileName": "permissionsets/Territories_Read_Only.permissionset",
      "fullName": "Territories_Read_Only",
      "id": "0PS3f000000bnBNGAY",
      "lastModifiedById": "0053f000000LPM5AAO",
      "lastModifiedByName": "Marketing Integration",
      "lastModifiedDate": "2022-08-19T20:38:03.000Z",
      "manageableState": "unmanaged",
      "type": "PermissionSet"
    },
    {
      "createdById": "00541000002RzplAAC",
      "createdByName": "Vaidehi Sishtla",
      "createdDate": "2017-06-20T00:03:22.000Z",
      "fileName": "permissionsets/Disable_PO_Value_Validation_Rule.permissionset",
      "fullName": "Disable_PO_Value_Validation_Rule",
      "id": "0PS41000001lia7GAA",
      "lastModifiedById": "0053f000000LPM5AAO",
      "lastModifiedByName": "Marketing Integration",
      "lastModifiedDate": "2022-08-19T20:38:03.000Z",
      "manageableState": "unmanaged",
      "type": "PermissionSet"
    },
    {
      "createdById": "00541000004SyXBAA0",
      "createdByName": "Zack Patrick",
      "createdDate": "2022-05-05T19:26:54.000Z",
      "fileName": "permissionsets/New_Item_Request_Modify_All.permissionset",
      "fullName": "New_Item_Request_Modify_All",
      "id": "0PS3f000000TPsCGAW",
      "lastModifiedById": "0053f000000LPM5AAO",
      "lastModifiedByName": "Marketing Integration",
      "lastModifiedDate": "2022-08-19T20:38:03.000Z",
      "manageableState": "unmanaged",
      "type": "PermissionSet"
    },
    {
      "createdById": "00541000003Aq3qAAC",
      "createdByName": "Jessica Deal",
      "createdDate": "2019-12-10T21:17:04.000Z",
      "fileName": "permissionsets/Quota.permissionset",
      "fullName": "Quota",
      "id": "0PS3f000000k9uBGAQ",
      "lastModifiedById": "0053f000000LPM5AAO",
      "lastModifiedByName": "Marketing Integration",
      "lastModifiedDate": "2022-08-19T20:38:03.000Z",
      "manageableState": "unmanaged",
      "type": "PermissionSet"
    },
    {
      "createdById": "0052M000009LfFNQA0",
      "createdByName": "David Hetrick",
      "createdDate": "2020-01-02T21:07:13.000Z",
      "fileName": "permissionsets/modify_all_send_email.permissionset",
      "fullName": "modify_all_send_email",
      "id": "0PS3f0000008OqsGAE",
      "lastModifiedById": "0053f000000LPM5AAO",
      "lastModifiedByName": "Marketing Integration",
      "lastModifiedDate": "2022-08-19T20:38:03.000Z",
      "manageableState": "unmanaged",
      "type": "PermissionSet"
    },
    {
      "createdById": "00541000003Aq3qAAC",
      "createdByName": "Jessica Deal",
      "createdDate": "2017-06-01T19:49:25.000Z",
      "fileName": "permissionsets/Modify_Oracle_Accounts.permissionset",
      "fullName": "Modify_Oracle_Accounts",
      "id": "0PS41000001lekIGAQ",
      "lastModifiedById": "0053f000000LPM5AAO",
      "lastModifiedByName": "Marketing Integration",
      "lastModifiedDate": "2022-08-19T20:38:03.000Z",
      "manageableState": "unmanaged",
      "type": "PermissionSet"
    },
    {
      "createdById": "0052M000009LfFNQA0",
      "createdByName": "David Hetrick",
      "createdDate": "2020-05-19T20:45:45.000Z",
      "fileName": "permissionsets/Review_Comments.permissionset",
      "fullName": "Review_Comments",
      "id": "0PS3f0000008P34GAE",
      "lastModifiedById": "0053f000000LPM5AAO",
      "lastModifiedByName": "Marketing Integration",
      "lastModifiedDate": "2022-08-19T20:38:03.000Z",
      "manageableState": "unmanaged",
      "type": "PermissionSet"
    },
    {
      "createdById": "00541000004SyXBAA0",
      "createdByName": "Zack Patrick",
      "createdDate": "2022-07-11T12:50:25.000Z",
      "fileName": "permissionsets/Calendar_Insert_Events.permissionset",
      "fullName": "Calendar_Insert_Events",
      "id": "0PS3f000000TPwiGAG",
      "lastModifiedById": "0053f000000LPM5AAO",
      "lastModifiedByName": "Marketing Integration",
      "lastModifiedDate": "2022-08-19T20:38:03.000Z",
      "manageableState": "unmanaged",
      "type": "PermissionSet"
    },
    {
      "createdById": "0053f000000Ze23AAC",
      "createdByName": "Will Burke",
      "createdDate": "2019-09-13T23:38:56.000Z",
      "fileName": "permissionsets/Merge_and_Delete_Cases.permissionset",
      "fullName": "Merge_and_Delete_Cases",
      "id": "0PS3f0000008OiUGAU",
      "lastModifiedById": "0053f000000LPM5AAO",
      "lastModifiedByName": "Marketing Integration",
      "lastModifiedDate": "2022-08-19T20:38:03.000Z",
      "manageableState": "unmanaged",
      "type": "PermissionSet"
    },
    {
      "createdById": "0053f00000145zgAAA",
      "createdByName": "Nathan Wylder",
      "createdDate": "2022-04-12T16:31:32.000Z",
      "fileName": "permissionsets/Scoring_Rule_Access.permissionset",
      "fullName": "Scoring_Rule_Access",
      "id": "0PS3f000000TPprGAG",
      "lastModifiedById": "0053f000000LPM5AAO",
      "lastModifiedByName": "Marketing Integration",
      "lastModifiedDate": "2022-08-19T20:38:03.000Z",
      "manageableState": "unmanaged",
      "type": "PermissionSet"
    },
    {
      "createdById": "00541000000jJabAAE",
      "createdByName": "Automated Process",
      "createdDate": "2021-05-18T15:39:12.000Z",
      "fileName": "permissionsets/Service_Messaging_Admin.permissionset",
      "fullName": "Service_Messaging_Admin",
      "id": "0PS3f00000008JRGAY",
      "lastModifiedById": "0053f000000LPM5AAO",
      "lastModifiedByName": "Marketing Integration",
      "lastModifiedDate": "2022-08-19T20:38:03.000Z",
      "manageableState": "unmanaged",
      "type": "PermissionSet"
    },
    {
      "createdById": "00541000004SyXBAA0",
      "createdByName": "Zack Patrick",
      "createdDate": "2022-10-20T15:35:09.000Z",
      "fileName": "permissionsets/FormAssembly_IP_Ranges.permissionset",
      "fullName": "FormAssembly_IP_Ranges",
      "id": "0PS54000002y8UuGAI",
      "lastModifiedById": "00541000004SyXBAA0",
      "lastModifiedByName": "Zack Patrick",
      "lastModifiedDate": "2022-10-20T15:35:09.000Z",
      "manageableState": "unmanaged",
      "type": "PermissionSet"
    },
    {
      "createdById": "00541000002RzrVAAS",
      "createdByName": "Salesforce CPQ",
      "createdDate": "2021-10-09T06:36:26.000Z",
      "fileName": "permissionsets/SBQQ__SalesforceCPQPartnerUserAccess.permissionset",
      "fullName": "SBQQ__SalesforceCPQPartnerUserAccess",
      "id": "0PS3f000000bnM2GAI",
      "lastModifiedById": "00541000002RzrVAAS",
      "lastModifiedByName": "Salesforce CPQ",
      "lastModifiedDate": "2022-10-16T18:09:53.000Z",
      "manageableState": "installed",
      "namespacePrefix": "SBQQ",
      "type": "PermissionSet"
    },
    {
      "createdById": "0052M000009LfFNQA0",
      "createdByName": "David Hetrick",
      "createdDate": "2020-04-02T20:35:17.000Z",
      "fileName": "permissionsets/Quality_Feedback_Close.permissionset",
      "fullName": "Quality_Feedback_Close",
      "id": "0PS3f0000008Oz1GAE",
      "lastModifiedById": "0053f000000LPM5AAO",
      "lastModifiedByName": "Marketing Integration",
      "lastModifiedDate": "2022-08-19T20:38:03.000Z",
      "manageableState": "unmanaged",
      "type": "PermissionSet"
    },
    {
      "createdById": "0053f00000145zgAAA",
      "createdByName": "Nathan Wylder",
      "createdDate": "2021-12-01T14:55:42.000Z",
      "fileName": "permissionsets/Manage_Leads.permissionset",
      "fullName": "Manage_Leads",
      "id": "0PS3f000000bnXEGAY",
      "lastModifiedById": "0053f000000LPM5AAO",
      "lastModifiedByName": "Marketing Integration",
      "lastModifiedDate": "2022-08-19T20:38:03.000Z",
      "manageableState": "unmanaged",
      "type": "PermissionSet"
    },
    {
      "createdById": "0052M000009LfFNQA0",
      "createdByName": "David Hetrick",
      "createdDate": "2020-03-20T14:38:15.000Z",
      "fileName": "permissionsets/Share_List_Views.permissionset",
      "fullName": "Share_List_Views",
      "id": "0PS3f0000008OycGAE",
      "lastModifiedById": "0053f000000LPM5AAO",
      "lastModifiedByName": "Marketing Integration",
      "lastModifiedDate": "2022-08-19T20:38:03.000Z",
      "manageableState": "unmanaged",
      "type": "PermissionSet"
    },
    {
      "createdById": "00541000004SyXBAA0",
      "createdByName": "Zack Patrick",
      "createdDate": "2020-10-30T20:34:28.000Z",
      "fileName": "permissionsets/Transfer_Records.permissionset",
      "fullName": "Transfer_Records",
      "id": "0PS3f0000008PiCGAU",
      "lastModifiedById": "0053f000000LPM5AAO",
      "lastModifiedByName": "Marketing Integration",
      "lastModifiedDate": "2022-08-19T20:38:03.000Z",
      "manageableState": "unmanaged",
      "type": "PermissionSet"
    },
    {
      "createdById": "00541000004SyXBAA0",
      "createdByName": "Zack Patrick",
      "createdDate": "2021-05-07T18:42:30.000Z",
      "fileName": "permissionsets/Override_French_Description.permissionset",
      "fullName": "Override_French_Description",
      "id": "0PS3f00000008G1GAI",
      "lastModifiedById": "0053f000000LPM5AAO",
      "lastModifiedByName": "Marketing Integration",
      "lastModifiedDate": "2022-08-19T20:38:03.000Z",
      "manageableState": "unmanaged",
      "type": "PermissionSet"
    },
    {
      "createdById": "00541000002RzpjAAC",
      "createdByName": "Dylan Gerow",
      "createdDate": "2017-05-11T13:54:18.000Z",
      "fileName": "permissionsets/dlrs__LookupRollupSummariesReadOnly.permissionset",
      "fullName": "dlrs__LookupRollupSummariesReadOnly",
      "id": "0PS41000001lagrGAA",
      "lastModifiedById": "0053f000000LPM5AAO",
      "lastModifiedByName": "Marketing Integration",
      "lastModifiedDate": "2022-08-19T20:38:03.000Z",
      "manageableState": "installed",
      "namespacePrefix": "dlrs",
      "type": "PermissionSet"
    },
    {
      "createdById": "00541000002RzpjAAC",
      "createdByName": "Dylan Gerow",
      "createdDate": "2017-07-10T21:41:35.000Z",
      "fileName": "permissionsets/Modify_Territories.permissionset",
      "fullName": "Modify_Territories",
      "id": "0PS41000001lmASGAY",
      "lastModifiedById": "0053f000000LPM5AAO",
      "lastModifiedByName": "Marketing Integration",
      "lastModifiedDate": "2022-08-19T20:38:03.000Z",
      "manageableState": "unmanaged",
      "type": "PermissionSet"
    },
    {
      "createdById": "0053f00000145zgAAA",
      "createdByName": "Nathan Wylder",
      "createdDate": "2021-03-04T22:13:58.000Z",
      "fileName": "permissionsets/dsfs__DocuSign_User.permissionset",
      "fullName": "dsfs__DocuSign_User",
      "id": "0PS3f00000007flGAA",
      "lastModifiedById": "0053f000000LPM5AAO",
      "lastModifiedByName": "Marketing Integration",
      "lastModifiedDate": "2022-08-19T20:38:03.000Z",
      "manageableState": "installed",
      "namespacePrefix": "dsfs",
      "type": "PermissionSet"
    },
    {
      "createdById": "00541000004SyXBAA0",
      "createdByName": "Zack Patrick",
      "createdDate": "2019-11-27T18:34:05.000Z",
      "fileName": "permissionsets/IPM_Fields.permissionset",
      "fullName": "IPM_Fields",
      "id": "0PS3f0000008OpaGAE",
      "lastModifiedById": "0053f000000LPM5AAO",
      "lastModifiedByName": "Marketing Integration",
      "lastModifiedDate": "2022-08-19T20:38:03.000Z",
      "manageableState": "unmanaged",
      "type": "PermissionSet"
    },
    {
      "createdById": "00541000004SyXBAA0",
      "createdByName": "Zack Patrick",
      "createdDate": "2020-09-15T17:16:56.000Z",
      "fileName": "permissionsets/Approval_Object_Difficulty_Sellability_Rating_Read_Write.permissionset",
      "fullName": "Approval_Object_Difficulty_Sellability_Rating_Read_Write",
      "id": "0PS3f0000008PYMGA2",
      "lastModifiedById": "0053f000000LPM5AAO",
      "lastModifiedByName": "Marketing Integration",
      "lastModifiedDate": "2022-08-19T20:38:03.000Z",
      "manageableState": "unmanaged",
      "type": "PermissionSet"
    },
    {
      "createdById": "0053f00000145zgAAA",
      "createdByName": "Nathan Wylder",
      "createdDate": "2022-11-15T18:48:51.000Z",
      "fileName": "permissionsets/Knowledge_LSF_Permission_Set.permissionset",
      "fullName": "Knowledge_LSF_Permission_Set",
      "id": "0PS54000002yAcgGAE",
      "lastModifiedById": "0053f00000145zgAAA",
      "lastModifiedByName": "Nathan Wylder",
      "lastModifiedDate": "2022-11-15T18:48:51.000Z",
      "manageableState": "unmanaged",
      "type": "PermissionSet"
    },
    {
      "createdById": "0052M000009LfFNQA0",
      "createdByName": "David Hetrick",
      "createdDate": "2020-07-23T19:27:21.000Z",
      "fileName": "permissionsets/Lead_Pardot_Comments.permissionset",
      "fullName": "Lead_Pardot_Comments",
      "id": "0PS3f0000008PA5GAM",
      "lastModifiedById": "0053f000000LPM5AAO",
      "lastModifiedByName": "Marketing Integration",
      "lastModifiedDate": "2022-08-19T20:38:03.000Z",
      "manageableState": "unmanaged",
      "type": "PermissionSet"
    },
    {
      "createdById": "00541000004SyXBAA0",
      "createdByName": "Zack Patrick",
      "createdDate": "2020-06-11T12:21:27.000Z",
      "fileName": "permissionsets/IPM_SLAs.permissionset",
      "fullName": "IPM_SLAs",
      "id": "0PS3f0000008P4MGAU",
      "lastModifiedById": "0053f000000LPM5AAO",
      "lastModifiedByName": "Marketing Integration",
      "lastModifiedDate": "2022-08-19T20:38:03.000Z",
      "manageableState": "unmanaged",
      "type": "PermissionSet"
    },
    {
      "createdById": "00541000004SyXBAA0",
      "createdByName": "Zack Patrick",
      "createdDate": "2020-12-14T13:58:32.000Z",
      "fileName": "permissionsets/Modify_All_Quotes.permissionset",
      "fullName": "Modify_All_Quotes",
      "id": "0PS3f0000008PrxGAE",
      "lastModifiedById": "0053f000000LPM5AAO",
      "lastModifiedByName": "Marketing Integration",
      "lastModifiedDate": "2022-08-19T20:38:03.000Z",
      "manageableState": "unmanaged",
      "type": "PermissionSet"
    },
    {
      "createdById": "00541000004SyXBAA0",
      "createdByName": "Zack Patrick",
      "createdDate": "2022-06-15T14:04:13.000Z",
      "fileName": "permissionsets/State_Min_Multipliers_Edit.permissionset",
      "fullName": "State_Min_Multipliers_Edit",
      "id": "0PS3f000000TPv1GAG",
      "lastModifiedById": "0053f000000LPM5AAO",
      "lastModifiedByName": "Marketing Integration",
      "lastModifiedDate": "2022-08-19T20:38:03.000Z",
      "manageableState": "unmanaged",
      "type": "PermissionSet"
    },
    {
      "createdById": "00541000004SyXBAA0",
      "createdByName": "Zack Patrick",
      "createdDate": "2022-09-06T15:47:08.000Z",
      "fileName": "permissionsets/Quote_Yield_Fields.permissionset",
      "fullName": "Quote_Yield_Fields",
      "id": "0PS3f000000TPyKGAW",
      "lastModifiedById": "00541000004SyXBAA0",
      "lastModifiedByName": "Zack Patrick",
      "lastModifiedDate": "2022-09-06T15:48:42.000Z",
      "manageableState": "unmanaged",
      "type": "PermissionSet"
    },
    {
      "createdById": "0053f00000145zgAAA",
      "createdByName": "Nathan Wylder",
      "createdDate": "2021-03-04T22:13:55.000Z",
      "fileName": "permissionsets/dsfs__DocuSign_Administrator.permissionset",
      "fullName": "dsfs__DocuSign_Administrator",
      "id": "0PS3f00000007fjGAA",
      "lastModifiedById": "0053f000000LPM5AAO",
      "lastModifiedByName": "Marketing Integration",
      "lastModifiedDate": "2022-08-19T20:38:03.000Z",
      "manageableState": "installed",
      "namespacePrefix": "dsfs",
      "type": "PermissionSet"
    },
    {
      "createdById": "00541000004SyXBAA0",
      "createdByName": "Zack Patrick",
      "createdDate": "2020-12-12T16:08:05.000Z",
      "fileName": "permissionsets/Advanced_Approvals_Pricing_Manager.permissionset",
      "fullName": "Advanced_Approvals_Pricing_Manager",
      "id": "0PS3f0000008PrdGAE",
      "lastModifiedById": "0053f000000LPM5AAO",
      "lastModifiedByName": "Marketing Integration",
      "lastModifiedDate": "2022-08-19T20:38:03.000Z",
      "manageableState": "unmanaged",
      "type": "PermissionSet"
    },
    {
      "createdById": "00541000001bEDeAAM",
      "createdByName": "Eric Reo",
      "createdDate": "2016-12-22T15:47:21.000Z",
      "fileName": "permissionsets/Sales_User.permissionset",
      "fullName": "Sales_User",
      "id": "0PS41000000SifjGAC",
      "lastModifiedById": "0053f000000LPM5AAO",
      "lastModifiedByName": "Marketing Integration",
      "lastModifiedDate": "2022-08-19T20:38:03.000Z",
      "manageableState": "unmanaged",
      "type": "PermissionSet"
    },
    {
      "createdById": "00541000000jJabAAE",
      "createdByName": "Automated Process",
      "createdDate": "2021-05-18T15:38:46.000Z",
      "fileName": "permissionsets/Knowledge_Manager_372366.permissionset",
      "fullName": "Knowledge_Manager_372366",
      "id": "0PS3f00000008JLGAY",
      "lastModifiedById": "0053f000000LPM5AAO",
      "lastModifiedByName": "Marketing Integration",
      "lastModifiedDate": "2022-08-19T20:38:03.000Z",
      "manageableState": "unmanaged",
      "type": "PermissionSet"
    },
    {
      "createdById": "00541000004SyXBAA0",
      "createdByName": "Zack Patrick",
      "createdDate": "2022-06-22T13:24:33.000Z",
      "fileName": "permissionsets/QC_Administrative_Region.permissionset",
      "fullName": "QC_Administrative_Region",
      "id": "0PS3f000000TPvkGAG",
      "lastModifiedById": "0053f000000LPM5AAO",
      "lastModifiedByName": "Marketing Integration",
      "lastModifiedDate": "2022-08-19T20:38:03.000Z",
      "manageableState": "unmanaged",
      "type": "PermissionSet"
    },
    {
      "createdById": "00541000003Aq3qAAC",
      "createdByName": "Jessica Deal",
      "createdDate": "2017-07-31T21:40:29.000Z",
      "fileName": "permissionsets/Salesforce_Engineering_Coordinator.permissionset",
      "fullName": "Salesforce_Engineering_Coordinator",
      "id": "0PS41000001lpyzGAA",
      "lastModifiedById": "0053f000000LPM5AAO",
      "lastModifiedByName": "Marketing Integration",
      "lastModifiedDate": "2022-08-19T20:38:03.000Z",
      "manageableState": "unmanaged",
      "type": "PermissionSet"
    },
    {
      "createdById": "00541000004SyXBAA0",
      "createdByName": "Zack Patrick",
      "createdDate": "2021-01-06T13:32:50.000Z",
      "fileName": "permissionsets/Delegated_Approvers.permissionset",
      "fullName": "Delegated_Approvers",
      "id": "0PS3f0000008PtyGAE",
      "lastModifiedById": "0053f000000LPM5AAO",
      "lastModifiedByName": "Marketing Integration",
      "lastModifiedDate": "2022-08-19T20:38:03.000Z",
      "manageableState": "unmanaged",
      "type": "PermissionSet"
    },
    {
      "createdById": "00541000002RzpjAAC",
      "createdByName": "Dylan Gerow",
      "createdDate": "2017-05-11T13:54:18.000Z",
      "fileName": "permissionsets/dlrs__LookupRollupSummariesFull.permissionset",
      "fullName": "dlrs__LookupRollupSummariesFull",
      "id": "0PS41000001lagqGAA",
      "lastModifiedById": "0053f000000LPM5AAO",
      "lastModifiedByName": "Marketing Integration",
      "lastModifiedDate": "2022-08-19T20:38:03.000Z",
      "manageableState": "installed",
      "namespacePrefix": "dlrs",
      "type": "PermissionSet"
    },
    {
      "createdById": "0052M000009LfFNQA0",
      "createdByName": "David Hetrick",
      "createdDate": "2020-07-27T20:13:17.000Z",
      "fileName": "permissionsets/Enhancement_Fields_Non_Admin.permissionset",
      "fullName": "Enhancement_Fields_Non_Admin",
      "id": "0PS3f0000008PAtGAM",
      "lastModifiedById": "0053f000000LPM5AAO",
      "lastModifiedByName": "Marketing Integration",
      "lastModifiedDate": "2022-08-19T20:38:03.000Z",
      "manageableState": "unmanaged",
      "type": "PermissionSet"
    },
    {
      "createdById": "0053f00000145zgAAA",
      "createdByName": "Nathan Wylder",
      "createdDate": "2020-12-03T21:01:28.000Z",
      "fileName": "permissionsets/CMTD__CMTD_ERL_Permission_Set.permissionset",
      "fullName": "CMTD__CMTD_ERL_Permission_Set",
      "id": "0PS3f0000008PpwGAE",
      "lastModifiedById": "0053f000000LPM5AAO",
      "lastModifiedByName": "Marketing Integration",
      "lastModifiedDate": "2022-08-19T20:38:03.000Z",
      "manageableState": "installed",
      "namespacePrefix": "CMTD",
      "type": "PermissionSet"
    },
    {
      "createdById": "0053f0000016G9aAAE",
      "createdByName": "Levi Kurtright",
      "createdDate": "2020-11-30T20:18:16.000Z",
      "fileName": "permissionsets/Advanced_Approvals.permissionset",
      "fullName": "Advanced_Approvals",
      "id": "0PS3f0000008PpSGAU",
      "lastModifiedById": "0053f000000LPM5AAO",
      "lastModifiedByName": "Marketing Integration",
      "lastModifiedDate": "2022-08-19T20:38:03.000Z",
      "manageableState": "unmanaged",
      "type": "PermissionSet"
    },
    {
      "createdById": "0052M000009LfFNQA0",
      "createdByName": "David Hetrick",
      "createdDate": "2020-05-11T15:43:43.000Z",
      "fileName": "permissionsets/Ag_Region_Goal.permissionset",
      "fullName": "Ag_Region_Goal",
      "id": "0PS3f0000008P2QGAU",
      "lastModifiedById": "0053f000000LPM5AAO",
      "lastModifiedByName": "Marketing Integration",
      "lastModifiedDate": "2022-08-19T20:38:03.000Z",
      "manageableState": "unmanaged",
      "type": "PermissionSet"
    },
    {
      "createdById": "0053f0000019P7FAAU",
      "createdByName": "Simplus Admin",
      "createdDate": "2021-08-08T21:57:10.000Z",
      "fileName": "permissionsets/ESR_Weights_Admin.permissionset",
      "fullName": "ESR_Weights_Admin",
      "id": "0PS3f00000008UwGAI",
      "lastModifiedById": "0053f000000LPM5AAO",
      "lastModifiedByName": "Marketing Integration",
      "lastModifiedDate": "2022-08-19T20:38:03.000Z",
      "manageableState": "unmanaged",
      "type": "PermissionSet"
    },
    {
      "createdById": "0052M000009LfFNQA0",
      "createdByName": "David Hetrick",
      "createdDate": "2020-11-19T18:32:22.000Z",
      "fileName": "permissionsets/Mark_J_Temporary_EPM_FL.permissionset",
      "fullName": "Mark_J_Temporary_EPM_FL",
      "id": "0PS3f0000008PngGAE",
      "lastModifiedById": "0053f000000LPM5AAO",
      "lastModifiedByName": "Marketing Integration",
      "lastModifiedDate": "2022-08-19T20:38:03.000Z",
      "manageableState": "unmanaged",
      "type": "PermissionSet"
    },
    {
      "createdById": "0053f0000019P7FAAU",
      "createdByName": "Simplus Admin",
      "createdDate": "2021-12-16T12:29:44.000Z",
      "fileName": "permissionsets/Custom_Pardot.permissionset",
      "fullName": "Custom_Pardot",
      "id": "0PS3f000000bnXxGAI",
      "lastModifiedById": "0053f000000LPM5AAO",
      "lastModifiedByName": "Marketing Integration",
      "lastModifiedDate": "2022-08-19T20:38:03.000Z",
      "manageableState": "unmanaged",
      "type": "PermissionSet"
    },
    {
      "createdById": "0053f00000145zgAAA",
      "createdByName": "Nathan Wylder",
      "createdDate": "2023-02-08T15:31:54.000Z",
      "fileName": "permissionsets/Internal_Attachments.permissionset",
      "fullName": "Internal_Attachments",
      "id": "0PS54000002yLLSGA2",
      "lastModifiedById": "0053f00000145zgAAA",
      "lastModifiedByName": "Nathan Wylder",
      "lastModifiedDate": "2023-02-08T15:33:35.000Z",
      "manageableState": "unmanaged",
      "type": "PermissionSet"
    },
    {
      "createdById": "00541000000jJabAAE",
      "createdByName": "Automated Process",
      "createdDate": "2021-05-18T15:39:02.000Z",
      "fileName": "permissionsets/Service_Chat.permissionset",
      "fullName": "Service_Chat",
      "id": "0PS3f00000008JPGAY",
      "lastModifiedById": "0053f000000LPM5AAO",
      "lastModifiedByName": "Marketing Integration",
      "lastModifiedDate": "2022-08-19T20:38:03.000Z",
      "manageableState": "unmanaged",
      "type": "PermissionSet"
    },
    {
      "createdById": "0053f0000016G9aAAE",
      "createdByName": "Levi Kurtright",
      "createdDate": "2020-11-19T15:23:46.000Z",
      "fileName": "permissionsets/sbaa__AdvancedApprovalsUser.permissionset",
      "fullName": "sbaa__AdvancedApprovalsUser",
      "id": "0PS3f0000008PncGAE",
      "lastModifiedById": "0053f000000LPM5AAO",
      "lastModifiedByName": "Marketing Integration",
      "lastModifiedDate": "2022-08-19T20:38:03.000Z",
      "manageableState": "installed",
      "namespacePrefix": "sbaa",
      "type": "PermissionSet"
    },
    {
      "createdById": "00541000004SyXBAA0",
      "createdByName": "Zack Patrick",
      "createdDate": "2021-02-04T21:46:42.000Z",
      "fileName": "permissionsets/Email_Based_Verification.permissionset",
      "fullName": "Email_Based_Verification",
      "id": "0PS3f0000008Pw9GAE",
      "lastModifiedById": "0053f000000LPM5AAO",
      "lastModifiedByName": "Marketing Integration",
      "lastModifiedDate": "2022-08-19T20:38:03.000Z",
      "manageableState": "unmanaged",
      "type": "PermissionSet"
    },
    {
      "createdById": "0053f00000145zgAAA",
      "createdByName": "Nathan Wylder",
      "createdDate": "2021-05-20T17:41:28.000Z",
      "fileName": "permissionsets/Manage_Users.permissionset",
      "fullName": "Manage_Users",
      "id": "0PS3f00000008JjGAI",
      "lastModifiedById": "0053f000000LPM5AAO",
      "lastModifiedByName": "Marketing Integration",
      "lastModifiedDate": "2022-08-19T20:38:03.000Z",
      "manageableState": "unmanaged",
      "type": "PermissionSet"
    },
    {
      "createdById": "00541000004SyXBAA0",
      "createdByName": "Zack Patrick",
      "createdDate": "2022-06-23T17:44:08.000Z",
      "fileName": "permissionsets/Setup_View_Only.permissionset",
      "fullName": "Setup_View_Only",
      "id": "0PS3f000000TPvpGAG",
      "lastModifiedById": "0053f000000LPM5AAO",
      "lastModifiedByName": "Marketing Integration",
      "lastModifiedDate": "2022-08-19T20:38:03.000Z",
      "manageableState": "unmanaged",
      "type": "PermissionSet"
    },
    {
      "createdById": "005410000064QVeAAM",
      "createdByName": "Rollup Helper",
      "createdDate": "2020-10-31T02:01:08.000Z",
      "fileName": "permissionsets/rh2__PS_Rollup_Helper_Read_Access.permissionset",
      "fullName": "rh2__PS_Rollup_Helper_Read_Access",
      "id": "0PS3f0000008PiRGAU",
      "lastModifiedById": "0053f000000LPM5AAO",
      "lastModifiedByName": "Marketing Integration",
      "lastModifiedDate": "2022-08-19T20:38:03.000Z",
      "manageableState": "installed",
      "namespacePrefix": "rh2",
      "type": "PermissionSet"
    },
    {
      "createdById": "0053f00000145zgAAA",
      "createdByName": "Nathan Wylder",
      "createdDate": "2021-03-04T22:13:57.000Z",
      "fileName": "permissionsets/dsfs__DocuSign_Sender.permissionset",
      "fullName": "dsfs__DocuSign_Sender",
      "id": "0PS3f00000007fkGAA",
      "lastModifiedById": "0053f000000LPM5AAO",
      "lastModifiedByName": "Marketing Integration",
      "lastModifiedDate": "2022-08-19T20:38:03.000Z",
      "manageableState": "installed",
      "namespacePrefix": "dsfs",
      "type": "PermissionSet"
    },
    {
      "createdById": "00541000002RzpjAAC",
      "createdByName": "Dylan Gerow",
      "createdDate": "2017-03-31T15:16:56.000Z",
      "fileName": "permissionsets/SBQQ__SteelBrickCPQUser.permissionset",
      "fullName": "SBQQ__SteelBrickCPQUser",
      "id": "0PS41000001tUijGAE",
      "lastModifiedById": "0053f000000LPM5AAO",
      "lastModifiedByName": "Marketing Integration",
      "lastModifiedDate": "2022-08-19T20:38:03.000Z",
      "manageableState": "installed",
      "namespacePrefix": "SBQQ",
      "type": "PermissionSet"
    },
    {
      "createdById": "00541000000jJacAAE",
      "createdByName": "salesforce.com, inc.",
      "createdDate": "2020-02-15T06:22:56.000Z",
      "fileName": "permissionsets/sfdcInternalInt__sfdc_activityplatform.permissionset",
      "fullName": "sfdcInternalInt__sfdc_activityplatform",
      "id": "0PS3f0000008OwRGAU",
      "lastModifiedById": "0053f000000LPM5AAO",
      "lastModifiedByName": "Marketing Integration",
      "lastModifiedDate": "2022-08-19T20:38:03.000Z",
      "manageableState": "unmanaged",
      "namespacePrefix": "sfdcInternalInt",
      "type": "PermissionSet"
    },
    {
      "createdById": "0053f00000145zgAAA",
      "createdByName": "Nathan Wylder",
      "createdDate": "2021-09-03T20:29:34.000Z",
      "fileName": "permissionsets/Salesforce_CPQ_Read_Only_User.permissionset",
      "fullName": "Salesforce_CPQ_Read_Only_User",
      "id": "0PS3f000000bnCuGAI",
      "lastModifiedById": "0053f000000LPM5AAO",
      "lastModifiedByName": "Marketing Integration",
      "lastModifiedDate": "2022-08-19T20:38:03.000Z",
      "manageableState": "unmanaged",
      "type": "PermissionSet"
    },
    {
      "createdById": "00541000003Aq3qAAC",
      "createdByName": "Jessica Deal",
      "createdDate": "2019-05-22T15:19:12.000Z",
      "fileName": "permissionsets/SSO.permissionset",
      "fullName": "SSO",
      "id": "0PS2M000002N5omWAC",
      "lastModifiedById": "0053f000000LPM5AAO",
      "lastModifiedByName": "Marketing Integration",
      "lastModifiedDate": "2022-08-19T20:38:03.000Z",
      "manageableState": "unmanaged",
      "type": "PermissionSet"
    },
    {
      "createdById": "0053f00000145zgAAA",
      "createdByName": "Nathan Wylder",
      "createdDate": "2022-02-17T02:33:16.000Z",
      "fileName": "permissionsets/Sales_Rep_Quote_Fields.permissionset",
      "fullName": "Sales_Rep_Quote_Fields",
      "id": "0PS3f000000TPnbGAG",
      "lastModifiedById": "0053f000000LPM5AAO",
      "lastModifiedByName": "Marketing Integration",
      "lastModifiedDate": "2022-08-19T20:38:03.000Z",
      "manageableState": "unmanaged",
      "type": "PermissionSet"
    },
    {
      "createdById": "0053f00000145zgAAA",
      "createdByName": "Nathan Wylder",
      "createdDate": "2020-08-31T13:27:22.000Z",
      "fileName": "permissionsets/Einstein_Search.permissionset",
      "fullName": "Einstein_Search",
      "id": "0PS3f0000008PUAGA2",
      "lastModifiedById": "0053f000000LPM5AAO",
      "lastModifiedByName": "Marketing Integration",
      "lastModifiedDate": "2022-08-19T20:38:03.000Z",
      "manageableState": "unmanaged",
      "type": "PermissionSet"
    },
    {
      "createdById": "0053f00000145zgAAA",
      "createdByName": "Nathan Wylder",
      "createdDate": "2020-02-07T15:36:53.000Z",
      "fileName": "permissionsets/pi__Pardot.permissionset",
      "fullName": "pi__Pardot",
      "id": "0PS3f0000008OtXGAU",
      "lastModifiedById": "0053f000000LPM5AAO",
      "lastModifiedByName": "Marketing Integration",
      "lastModifiedDate": "2022-08-19T20:38:03.000Z",
      "manageableState": "installed",
      "namespacePrefix": "pi",
      "type": "PermissionSet"
    },
    {
      "createdById": "00541000002RzrVAAS",
      "createdByName": "Salesforce CPQ",
      "createdDate": "2021-10-09T06:36:25.000Z",
      "fileName": "permissionsets/SBQQ__SalesforceCPQAdminAccess.permissionset",
      "fullName": "SBQQ__SalesforceCPQAdminAccess",
      "id": "0PS3f000000bnM1GAI",
      "lastModifiedById": "00541000002RzrVAAS",
      "lastModifiedByName": "Salesforce CPQ",
      "lastModifiedDate": "2023-02-13T00:07:31.000Z",
      "manageableState": "installed",
      "namespacePrefix": "SBQQ",
      "type": "PermissionSet"
    },
    {
      "createdById": "00541000004SyXBAA0",
      "createdByName": "Zack Patrick",
      "createdDate": "2021-07-12T14:10:41.000Z",
      "fileName": "permissionsets/MFA.permissionset",
      "fullName": "MFA",
      "id": "0PS3f00000008PXGAY",
      "lastModifiedById": "0053f000000LPM5AAO",
      "lastModifiedByName": "Marketing Integration",
      "lastModifiedDate": "2022-08-19T20:38:03.000Z",
      "manageableState": "unmanaged",
      "type": "PermissionSet"
    },
    {
      "createdById": "0053f0000016G9aAAE",
      "createdByName": "Levi Kurtright",
      "createdDate": "2020-11-19T15:23:45.000Z",
      "fileName": "permissionsets/sbaa__AdvancedApprovalsAdmin.permissionset",
      "fullName": "sbaa__AdvancedApprovalsAdmin",
      "id": "0PS3f0000008PnbGAE",
      "lastModifiedById": "0053f0000019650AAA",
      "lastModifiedByName": "Advanced Approvals",
      "lastModifiedDate": "2023-02-13T04:31:31.000Z",
      "manageableState": "installed",
      "namespacePrefix": "sbaa",
      "type": "PermissionSet"
    },
    {
      "createdById": "00541000004SyXBAA0",
      "createdByName": "Zack Patrick",
      "createdDate": "2021-11-22T20:20:21.000Z",
      "fileName": "permissionsets/Modify_Orders.permissionset",
      "fullName": "Modify_Orders",
      "id": "0PS3f000000bnWzGAI",
      "lastModifiedById": "0053f000000LPM5AAO",
      "lastModifiedByName": "Marketing Integration",
      "lastModifiedDate": "2022-08-19T20:38:03.000Z",
      "manageableState": "unmanaged",
      "type": "PermissionSet"
    },
    {
      "createdById": "00541000004SMkpAAG",
      "createdByName": "SFDC Support",
      "createdDate": "2018-04-24T21:26:03.000Z",
      "fileName": "permissionsets/rh2__PS_Rollup_Helper_All_Access.permissionset",
      "fullName": "rh2__PS_Rollup_Helper_All_Access",
      "id": "0PS410000026AOkGAM",
      "lastModifiedById": "0053f000000LPM5AAO",
      "lastModifiedByName": "Marketing Integration",
      "lastModifiedDate": "2022-08-19T20:38:03.000Z",
      "manageableState": "installed",
      "namespacePrefix": "rh2",
      "type": "PermissionSet"
    },
    {
      "createdById": "00541000000jJabAAE",
      "createdByName": "Automated Process",
      "createdDate": "2021-05-18T15:39:07.000Z",
      "fileName": "permissionsets/Service_Messaging_Agent.permissionset",
      "fullName": "Service_Messaging_Agent",
      "id": "0PS3f00000008JQGAY",
      "lastModifiedById": "0053f000000LPM5AAO",
      "lastModifiedByName": "Marketing Integration",
      "lastModifiedDate": "2022-08-19T20:38:03.000Z",
      "manageableState": "unmanaged",
      "type": "PermissionSet"
    },
    {
      "createdById": "0053f000000U5CCAA0",
      "createdByName": "Pooja Dendukoori",
      "createdDate": "2021-09-27T21:17:01.000Z",
      "fileName": "permissionsets/sansancard__Scan_to_Salesforce.permissionset",
      "fullName": "sansancard__Scan_to_Salesforce",
      "id": "0PS3f000000bnHBGAY",
      "lastModifiedById": "0053f000000LPM5AAO",
      "lastModifiedByName": "Marketing Integration",
      "lastModifiedDate": "2022-08-19T20:38:03.000Z",
      "manageableState": "installed",
      "namespacePrefix": "sansancard",
      "type": "PermissionSet"
    },
    {
      "createdById": "00541000002RzrVAAS",
      "createdByName": "Salesforce CPQ",
      "createdDate": "2021-06-12T06:56:08.000Z",
      "fileName": "permissionsets/SBQQ__SalesforceCPQUserAccess.permissionset",
      "fullName": "SBQQ__SalesforceCPQUserAccess",
      "id": "0PS3f00000008MYGAY",
      "lastModifiedById": "00541000002RzrVAAS",
      "lastModifiedByName": "Salesforce CPQ",
      "lastModifiedDate": "2022-10-16T18:09:54.000Z",
      "manageableState": "installed",
      "namespacePrefix": "SBQQ",
      "type": "PermissionSet"
    },
    {
      "createdById": "0053f00000145zgAAA",
      "createdByName": "Nathan Wylder",
      "createdDate": "2022-04-04T16:27:03.000Z",
      "fileName": "permissionsets/Pricing_Dataloads.permissionset",
      "fullName": "Pricing_Dataloads",
      "id": "0PS3f000000TPpNGAW",
      "lastModifiedById": "0053f000000LPM5AAO",
      "lastModifiedByName": "Marketing Integration",
      "lastModifiedDate": "2022-08-19T20:38:03.000Z",
      "manageableState": "unmanaged",
      "type": "PermissionSet"
    },
    {
      "createdById": "00541000004SyXBAA0",
      "createdByName": "Zack Patrick",
      "createdDate": "2022-06-06T12:34:25.000Z",
      "fileName": "permissionsets/Case_Fast_Pass_Request_Edit.permissionset",
      "fullName": "Case_Fast_Pass_Request_Edit",
      "id": "0PS3f000000TPtZGAW",
      "lastModifiedById": "0053f000000LPM5AAO",
      "lastModifiedByName": "Marketing Integration",
      "lastModifiedDate": "2022-08-19T20:38:03.000Z",
      "manageableState": "unmanaged",
      "type": "PermissionSet"
    },
    {
      "createdById": "00541000004SyXBAA0",
      "createdByName": "Zack Patrick",
      "createdDate": "2021-08-12T19:35:24.000Z",
      "fileName": "permissionsets/Unit_of_Measure_Update.permissionset",
      "fullName": "Unit_of_Measure_Update",
      "id": "0PS3f00000008W4GAI",
      "lastModifiedById": "0053f000000LPM5AAO",
      "lastModifiedByName": "Marketing Integration",
      "lastModifiedDate": "2022-08-19T20:38:03.000Z",
      "manageableState": "unmanaged",
      "type": "PermissionSet"
    },
    {
      "createdById": "0053f00000145zgAAA",
      "createdByName": "Nathan Wylder",
      "createdDate": "2023-01-09T18:34:25.000Z",
      "fileName": "permissionsets/Converted_Leads.permissionset",
      "fullName": "Converted_Leads",
      "id": "0PS54000002yCYoGAM",
      "lastModifiedById": "0053f00000145zgAAA",
      "lastModifiedByName": "Nathan Wylder",
      "lastModifiedDate": "2023-01-09T18:34:54.000Z",
      "manageableState": "unmanaged",
      "type": "PermissionSet"
    },
    {
      "createdById": "00541000002RzpjAAC",
      "createdByName": "Dylan Gerow",
      "createdDate": "2017-03-31T15:16:49.000Z",
      "fileName": "permissionsets/SBQQ__SteelBrickCPQAdmin.permissionset",
      "fullName": "SBQQ__SteelBrickCPQAdmin",
      "id": "0PS41000001tUihGAE",
      "lastModifiedById": "00541000002RzrVAAS",
      "lastModifiedByName": "Salesforce CPQ",
      "lastModifiedDate": "2022-10-16T18:09:56.000Z",
      "manageableState": "installed",
      "namespacePrefix": "SBQQ",
      "type": "PermissionSet"
    },
    {
      "createdById": "00541000004SyXBAA0",
      "createdByName": "Zack Patrick",
      "createdDate": "2020-08-27T18:06:07.000Z",
      "fileName": "permissionsets/Manage_Public_List_Views.permissionset",
      "fullName": "Manage_Public_List_Views",
      "id": "0PS3f0000008PTqGAM",
      "lastModifiedById": "0053f000000LPM5AAO",
      "lastModifiedByName": "Marketing Integration",
      "lastModifiedDate": "2022-08-19T20:38:03.000Z",
      "manageableState": "unmanaged",
      "type": "PermissionSet"
    },
    {
      "createdById": "00541000004SyXBAA0",
      "createdByName": "Zack Patrick",
      "createdDate": "2022-08-12T17:56:23.000Z",
      "fileName": "permissionsets/Opportunities_Modify_All.permissionset",
      "fullName": "Opportunities_Modify_All",
      "id": "0PS3f000000TPxRGAW",
      "lastModifiedById": "0053f000000LPM5AAO",
      "lastModifiedByName": "Marketing Integration",
      "lastModifiedDate": "2022-08-19T20:38:03.000Z",
      "manageableState": "unmanaged",
      "type": "PermissionSet"
    },
    {
      "createdById": "00541000002RzrVAAS",
      "createdByName": "Salesforce CPQ",
      "createdDate": "2022-06-11T06:31:17.000Z",
      "fileName": "permissionsets/SBQQ__SteelBrickCPQSessionBasedAdmin.permissionset",
      "fullName": "SBQQ__SteelBrickCPQSessionBasedAdmin",
      "id": "0PS3f000000TPtuGAG",
      "lastModifiedById": "00541000002RzrVAAS",
      "lastModifiedByName": "Salesforce CPQ",
      "lastModifiedDate": "2023-02-13T00:07:35.000Z",
      "manageableState": "installed",
      "namespacePrefix": "SBQQ",
      "type": "PermissionSet"
    },
    {
      "createdById": "00541000004SyXBAA0",
      "createdByName": "Zack Patrick",
      "createdDate": "2022-08-12T17:56:24.000Z",
      "fileName": "permissionsets/Salesforce_CPQ_Read_Only_IPM.permissionset",
      "fullName": "Salesforce_CPQ_Read_Only_IPM",
      "id": "0PS3f000000TPxSGAW",
      "lastModifiedById": "0053f000000LPM5AAO",
      "lastModifiedByName": "Marketing Integration",
      "lastModifiedDate": "2022-08-19T20:38:03.000Z",
      "manageableState": "unmanaged",
      "type": "PermissionSet"
    },
    {
      "createdById": "00541000004SyXBAA0",
      "createdByName": "Zack Patrick",
      "createdDate": "2021-04-07T11:47:17.000Z",
      "fileName": "permissionsets/Allied_Quoted_MIT.permissionset",
      "fullName": "Allied_Quoted_MIT",
      "id": "0PS3f000000085rGAA",
      "lastModifiedById": "0053f000000LPM5AAO",
      "lastModifiedByName": "Marketing Integration",
      "lastModifiedDate": "2022-08-19T20:38:03.000Z",
      "manageableState": "unmanaged",
      "type": "PermissionSet"
    },
    {
      "createdById": "00541000004SyXBAA0",
      "createdByName": "Zack Patrick",
      "createdDate": "2018-03-06T16:22:52.000Z",
      "fileName": "permissionsets/Edit_Create_Dashboards.permissionset",
      "fullName": "Edit_Create_Dashboards",
      "id": "0PS41000001Pws2GAC",
      "lastModifiedById": "0053f000000LPM5AAO",
      "lastModifiedByName": "Marketing Integration",
      "lastModifiedDate": "2022-08-19T20:38:03.000Z",
      "manageableState": "unmanaged",
      "type": "PermissionSet"
    },
    {
      "createdById": "0053f00000145zgAAA",
      "createdByName": "Nathan Wylder",
      "createdDate": "2020-02-07T15:36:54.000Z",
      "fileName": "permissionsets/pi__Pardot_Integration_User.permissionset",
      "fullName": "pi__Pardot_Integration_User",
      "id": "0PS3f0000008OtZGAU",
      "lastModifiedById": "0053f000000LPM5AAO",
      "lastModifiedByName": "Marketing Integration",
      "lastModifiedDate": "2022-08-19T20:38:03.000Z",
      "manageableState": "installed",
      "namespacePrefix": "pi",
      "type": "PermissionSet"
    },
    {
      "createdById": "0053f00000145zgAAA",
      "createdByName": "Nathan Wylder",
      "createdDate": "2020-02-07T15:36:53.000Z",
      "fileName": "permissionsets/pi__Pardot_Connector_User.permissionset",
      "fullName": "pi__Pardot_Connector_User",
      "id": "0PS3f0000008OtYGAU",
      "lastModifiedById": "0053f000000LPM5AAO",
      "lastModifiedByName": "Marketing Integration",
      "lastModifiedDate": "2022-08-19T20:38:03.000Z",
      "manageableState": "installed",
      "namespacePrefix": "pi",
      "type": "PermissionSet"
    },
    {
      "createdById": "0053f00000145zgAAA",
      "createdByName": "Nathan Wylder",
      "createdDate": "2020-10-30T14:51:02.000Z",
      "fileName": "permissionsets/Fittings_Object.permissionset",
      "fullName": "Fittings_Object",
      "id": "0PS3f0000008Pi7GAE",
      "lastModifiedById": "0053f000000LPM5AAO",
      "lastModifiedByName": "Marketing Integration",
      "lastModifiedDate": "2022-08-19T20:38:03.000Z",
      "manageableState": "unmanaged",
      "type": "PermissionSet"
    },
    {
      "createdById": "0053f00000145zgAAA",
      "createdByName": "Nathan Wylder",
      "createdDate": "2022-12-20T19:22:16.000Z",
      "fileName": "permissionsets/LWCCaseTimer__Case_Timer_User.permissionset",
      "fullName": "LWCCaseTimer__Case_Timer_User",
      "id": "0PS54000002yC6hGAE",
      "lastModifiedById": "0053f00000145zgAAA",
      "lastModifiedByName": "Nathan Wylder",
      "lastModifiedDate": "2022-12-20T19:22:17.000Z",
      "manageableState": "installed",
      "namespacePrefix": "LWCCaseTimer",
      "type": "PermissionSet"
    },
    {
      "createdById": "0052M000009LfFNQA0",
      "createdByName": "David Hetrick",
      "createdDate": "2020-05-19T21:01:06.000Z",
      "fileName": "permissionsets/Engineering_Services_Case_Access.permissionset",
      "fullName": "Engineering_Services_Case_Access",
      "id": "0PS3f0000008P39GAE",
      "lastModifiedById": "0053f000000LPM5AAO",
      "lastModifiedByName": "Marketing Integration",
      "lastModifiedDate": "2022-08-19T20:38:03.000Z",
      "manageableState": "unmanaged",
      "type": "PermissionSet"
    },
    {
      "createdById": "00541000004SyXBAA0",
      "createdByName": "Zack Patrick",
      "createdDate": "2022-04-05T15:13:25.000Z",
      "fileName": "permissionsets/Manage_Dashboards_and_Reports.permissionset",
      "fullName": "Manage_Dashboards_and_Reports",
      "id": "0PS3f000000TPpcGAG",
      "lastModifiedById": "0053f000000LPM5AAO",
      "lastModifiedByName": "Marketing Integration",
      "lastModifiedDate": "2022-08-19T20:38:03.000Z",
      "manageableState": "unmanaged",
      "type": "PermissionSet"
    },
    {
      "createdById": "00541000004SyXBAA0",
      "createdByName": "Zack Patrick",
      "createdDate": "2021-04-09T20:07:30.000Z",
      "fileName": "permissionsets/National_Accounts_Activity_Fields.permissionset",
      "fullName": "National_Accounts_Activity_Fields",
      "id": "0PS3f000000089yGAA",
      "lastModifiedById": "0053f000000LPM5AAO",
      "lastModifiedByName": "Marketing Integration",
      "lastModifiedDate": "2022-08-19T20:38:03.000Z",
      "manageableState": "unmanaged",
      "type": "PermissionSet"
    },
    {
      "createdById": "00541000004SyXBAA0",
      "createdByName": "Zack Patrick",
      "createdDate": "2021-11-15T21:09:38.000Z",
      "fileName": "permissionsets/Manage_Flows.permissionset",
      "fullName": "Manage_Flows",
      "id": "0PS3f000000bnWuGAI",
      "lastModifiedById": "0053f000000LPM5AAO",
      "lastModifiedByName": "Marketing Integration",
      "lastModifiedDate": "2022-08-19T20:38:03.000Z",
      "manageableState": "unmanaged",
      "type": "PermissionSet"
    },
    {
      "createdById": "00541000002RzrVAAS",
      "createdByName": "Salesforce CPQ",
      "createdDate": "2018-11-09T06:58:44.000Z",
      "fileName": "permissionsets/SBQQ__SteelBrickCPQPartnerUser.permissionset",
      "fullName": "SBQQ__SteelBrickCPQPartnerUser",
      "id": "0PS41000002N0f4GAC",
      "lastModifiedById": "0053f000000LPM5AAO",
      "lastModifiedByName": "Marketing Integration",
      "lastModifiedDate": "2022-08-19T20:38:03.000Z",
      "manageableState": "installed",
      "namespacePrefix": "SBQQ",
      "type": "PermissionSet"
    },
    {
      "createdById": "0053f00000145zgAAA",
      "createdByName": "Nathan Wylder",
      "createdDate": "2020-02-07T15:36:54.000Z",
      "fileName": "permissionsets/pi__Sales_Edge.permissionset",
      "fullName": "pi__Sales_Edge",
      "id": "0PS3f0000008OtaGAE",
      "lastModifiedById": "0053f000000LPM5AAO",
      "lastModifiedByName": "Marketing Integration",
      "lastModifiedDate": "2022-08-19T20:38:03.000Z",
      "manageableState": "installed",
      "namespacePrefix": "pi",
      "type": "PermissionSet"
    },
    {
      "createdById": "0053f00000145zgAAA",
      "createdByName": "Nathan Wylder",
      "createdDate": "2021-12-10T15:13:10.000Z",
      "fileName": "permissionsets/Update_Records_with_Inactive_Owners.permissionset",
      "fullName": "Update_Records_with_Inactive_Owners",
      "id": "0PS3f000000bnXJGAY",
      "lastModifiedById": "0053f000000LPM5AAO",
      "lastModifiedByName": "Marketing Integration",
      "lastModifiedDate": "2022-08-19T20:38:03.000Z",
      "manageableState": "unmanaged",
      "type": "PermissionSet"
    },
    {
      "createdById": "0053f00000145zgAAA",
      "createdByName": "Nathan Wylder",
      "createdDate": "2021-04-05T18:06:04.000Z",
      "fileName": "permissionsets/Canada_Approvals.permissionset",
      "fullName": "Canada_Approvals",
      "id": "0PS3f000000082iGAA",
      "lastModifiedById": "0053f000000LPM5AAO",
      "lastModifiedByName": "Marketing Integration",
      "lastModifiedDate": "2022-08-19T20:38:03.000Z",
      "manageableState": "unmanaged",
      "type": "PermissionSet"
    },
    {
      "createdById": "00541000002RzpjAAC",
      "createdByName": "Dylan Gerow",
      "createdDate": "2017-03-31T15:16:53.000Z",
      "fileName": "permissionsets/SBQQ__SteelBrickCPQCustomerUser.permissionset",
      "fullName": "SBQQ__SteelBrickCPQCustomerUser",
      "id": "0PS41000001tUiiGAE",
      "lastModifiedById": "00541000002RzrVAAS",
      "lastModifiedByName": "Salesforce CPQ",
      "lastModifiedDate": "2022-10-16T18:09:57.000Z",
      "manageableState": "installed",
      "namespacePrefix": "SBQQ",
      "type": "PermissionSet"
    },
    {
      "createdById": "0053f00000145zgAAA",
      "createdByName": "Nathan Wylder",
      "createdDate": "2021-03-22T15:40:53.000Z",
      "fileName": "permissionsets/Fields_Specific_to_International_Users.permissionset",
      "fullName": "Fields_Specific_to_International_Users",
      "id": "0PS3f00000007qIGAQ",
      "lastModifiedById": "0053f000000LPM5AAO",
      "lastModifiedByName": "Marketing Integration",
      "lastModifiedDate": "2022-08-19T20:38:03.000Z",
      "manageableState": "unmanaged",
      "type": "PermissionSet"
    },
    {
      "createdById": "0053f000000U5CCAA0",
      "createdByName": "Pooja Dendukoori",
      "createdDate": "2021-09-27T21:17:03.000Z",
      "fileName": "permissionsets/sansancard__Scan_to_Salesforce_Admin.permissionset",
      "fullName": "sansancard__Scan_to_Salesforce_Admin",
      "id": "0PS3f000000bnHCGAY",
      "lastModifiedById": "0053f000000LPM5AAO",
      "lastModifiedByName": "Marketing Integration",
      "lastModifiedDate": "2022-08-19T20:38:03.000Z",
      "manageableState": "installed",
      "namespacePrefix": "sansancard",
      "type": "PermissionSet"
    },
    {
      "createdById": "00541000003Aq3qAAC",
      "createdByName": "Jessica Deal",
      "createdDate": "2017-07-10T21:14:02.000Z",
      "fileName": "permissionsets/Market_Analyst_View.permissionset",
      "fullName": "Market_Analyst_View",
      "id": "0PS41000001lm9eGAA",
      "lastModifiedById": "0053f000000LPM5AAO",
      "lastModifiedByName": "Marketing Integration",
      "lastModifiedDate": "2022-08-19T20:38:03.000Z",
      "manageableState": "unmanaged",
      "type": "PermissionSet"
    },
    {
      "createdById": "00541000002RzrVAAS",
      "createdByName": "Salesforce CPQ",
      "createdDate": "2022-06-11T06:31:17.000Z",
      "fileName": "permissionsets/SBQQ__SteelBrickCPQPSLAccess.permissionset",
      "fullName": "SBQQ__SteelBrickCPQPSLAccess",
      "id": "0PS3f000000TPttGAG",
      "lastModifiedById": "00541000002RzrVAAS",
      "lastModifiedByName": "Salesforce CPQ",
      "lastModifiedDate": "2023-02-13T00:07:34.000Z",
      "manageableState": "installed",
      "namespacePrefix": "SBQQ",
      "type": "PermissionSet"
    },
    {
      "createdById": "00541000002RzrVAAS",
      "createdByName": "Salesforce CPQ",
      "createdDate": "2021-06-12T06:56:07.000Z",
      "fileName": "permissionsets/SBQQ__SalesforceCPQCustomerUserAccess.permissionset",
      "fullName": "SBQQ__SalesforceCPQCustomerUserAccess",
      "id": "0PS3f00000008MXGAY",
      "lastModifiedById": "00541000002RzrVAAS",
      "lastModifiedByName": "Salesforce CPQ",
      "lastModifiedDate": "2022-10-16T18:09:53.000Z",
      "manageableState": "installed",
      "namespacePrefix": "SBQQ",
      "type": "PermissionSet"
    }
  ]
}