{
  "status": 0,
  "result": [
    {
      "createdById": "00541000000jJabAAE",
      "createdByName": "Automated Process",
      "createdDate": "2021-05-18T15:38:57.000Z",
      "fileName": "presenceUserConfigs/default_presence_config.presenceUserConfig",
      "fullName": "default_presence_config",
      "id": "0Nd3f000000KyjGCAS",
      "lastModifiedById": "0053f00000145zgAAA",
      "lastModifiedByName": "Nathan Wylder",
      "lastModifiedDate": "2023-01-04T17:26:39.000Z",
      "type": "PresenceUserConfig"
    }
  ]
}