{
  "status": 0,
  "result": [
    {
      "createdById": "00541000002RzpjAAC",
      "createdByName": "Dylan Gerow",
      "createdDate": "2017-06-05T17:43:30.000Z",
      "fileName": "profilePasswordPolicies/ADS_Pricing_User_profilePasswordPolicy1496684610714.profilePasswordPolicy",
      "fullName": "ADS_Pricing_User_profilePasswordPolicy1496684610714",
      "id": "0HV410000000gLhGAI",
      "lastModifiedById": "00541000003Aq3qAAC",
      "lastModifiedByName": "Jessica Deal",
      "lastModifiedDate": "2017-11-16T20:22:04.000Z",
      "manageableState": "unmanaged",
      "type": "ProfilePasswordPolicy"
    },
    {
      "createdById": "00541000003Aq3qAAC",
      "createdByName": "Jessica Deal",
      "createdDate": "2017-11-16T20:22:16.000Z",
      "fileName": "profilePasswordPolicies/PT1_profilePasswordPolicy1510863736167.profilePasswordPolicy",
      "fullName": "PT1_profilePasswordPolicy1510863736167",
      "id": "0HV41000000LUgAGAW",
      "lastModifiedById": "00541000003Aq3qAAC",
      "lastModifiedByName": "Jessica Deal",
      "lastModifiedDate": "2017-11-16T20:22:16.000Z",
      "manageableState": "unmanaged",
      "type": "ProfilePasswordPolicy"
    },
    {
      "createdById": "00541000002RzpkAAC",
      "createdByName": "Sarah Labadie",
      "createdDate": "2017-05-09T01:27:30.000Z",
      "fileName": "profilePasswordPolicies/ADS_Customer_Service_User_profilePasswordPolicy1494293250926.profilePasswordPolicy",
      "fullName": "ADS_Customer_Service_User_profilePasswordPolicy1494293250926",
      "id": "0HV410000000fexGAA",
      "lastModifiedById": "00541000003Aq3qAAC",
      "lastModifiedByName": "Jessica Deal",
      "lastModifiedDate": "2017-11-16T20:21:44.000Z",
      "manageableState": "unmanaged",
      "type": "ProfilePasswordPolicy"
    },
    {
      "createdById": "0053f00000145zgAAA",
      "createdByName": "Nathan Wylder",
      "createdDate": "2021-04-01T13:51:50.000Z",
      "fileName": "profilePasswordPolicies/TEST_System_Administrator_profilePasswordPolicy1617285110694.profilePasswordPolicy",
      "fullName": "TEST_System_Administrator_profilePasswordPolicy1617285110694",
      "id": "0HV3f000000Gmc0GAC",
      "lastModifiedById": "0053f00000145zgAAA",
      "lastModifiedByName": "Nathan Wylder",
      "lastModifiedDate": "2021-04-01T13:51:50.000Z",
      "manageableState": "unmanaged",
      "type": "ProfilePasswordPolicy"
    },
    {
      "createdById": "0053f00000145zgAAA",
      "createdByName": "Nathan Wylder",
      "createdDate": "2021-03-19T18:22:57.000Z",
      "fileName": "profilePasswordPolicies/ADS_International_Sales_Rep_User111_profilePasswordPolicy1616178177353.profilePasswordPolicy",
      "fullName": "ADS_International_Sales_Rep_User111_profilePasswordPolicy1616178177353",
      "id": "0HV3f000000GmbvGAC",
      "lastModifiedById": "0053f00000145zgAAA",
      "lastModifiedByName": "Nathan Wylder",
      "lastModifiedDate": "2021-03-19T18:22:57.000Z",
      "manageableState": "unmanaged",
      "type": "ProfilePasswordPolicy"
    },
    {
      "createdById": "0053f00000145zgAAA",
      "createdByName": "Nathan Wylder",
      "createdDate": "2022-01-14T14:01:52.000Z",
      "fileName": "profilePasswordPolicies/ADS_Marketing_User_profilePasswordPolicy1642168912376.profilePasswordPolicy",
      "fullName": "ADS_Marketing_User_profilePasswordPolicy1642168912376",
      "id": "0HV3f000000KynrGAC",
      "lastModifiedById": "0053f00000145zgAAA",
      "lastModifiedByName": "Nathan Wylder",
      "lastModifiedDate": "2022-01-14T14:01:52.000Z",
      "manageableState": "unmanaged",
      "type": "ProfilePasswordPolicy"
    },
    {
      "createdById": "00541000002RzpkAAC",
      "createdByName": "Sarah Labadie",
      "createdDate": "2017-05-08T22:13:36.000Z",
      "fileName": "profilePasswordPolicies/ADS_Sales_Rep_User_profilePasswordPolicy1494281616518.profilePasswordPolicy",
      "fullName": "ADS_Sales_Rep_User_profilePasswordPolicy1494281616518",
      "id": "0HV410000000fedGAA",
      "lastModifiedById": "00541000003Aq3qAAC",
      "lastModifiedByName": "Jessica Deal",
      "lastModifiedDate": "2017-11-16T20:20:46.000Z",
      "manageableState": "unmanaged",
      "type": "ProfilePasswordPolicy"
    },
    {
      "createdById": "00541000002RzpkAAC",
      "createdByName": "Sarah Labadie",
      "createdDate": "2017-05-08T22:14:58.000Z",
      "fileName": "profilePasswordPolicies/ADS_Engineering_Services_User_profilePasswordPolicy1494281698408.profilePasswordPolicy",
      "fullName": "ADS_Engineering_Services_User_profilePasswordPolicy1494281698408",
      "id": "0HV410000000feiGAA",
      "lastModifiedById": "00541000003Aq3qAAC",
      "lastModifiedByName": "Jessica Deal",
      "lastModifiedDate": "2017-11-16T20:21:52.000Z",
      "manageableState": "unmanaged",
      "type": "ProfilePasswordPolicy"
    },
    {
      "createdById": "00541000004SyXBAA0",
      "createdByName": "Zack Patrick",
      "createdDate": "2020-12-11T21:13:40.000Z",
      "fileName": "profilePasswordPolicies/ADS_International_Inside_Sales_Rep_User_profilePasswordPolicy1607721220663.profilePasswordPolicy",
      "fullName": "ADS_International_Inside_Sales_Rep_User_profilePasswordPolicy1607721220663",
      "id": "0HV3f000000CaThGAK",
      "lastModifiedById": "00541000004SyXBAA0",
      "lastModifiedByName": "Zack Patrick",
      "lastModifiedDate": "2020-12-11T21:13:40.000Z",
      "manageableState": "unmanaged",
      "type": "ProfilePasswordPolicy"
    },
    {
      "createdById": "0053f0000019P7FAAU",
      "createdByName": "Simplus Admin",
      "createdDate": "2021-07-30T23:38:54.000Z",
      "fileName": "profilePasswordPolicies/ADSM_Internal_profilePasswordPolicy1627688334927.profilePasswordPolicy",
      "fullName": "ADSM_Internal_profilePasswordPolicy1627688334927",
      "id": "0HV3f000000GmdmGAC",
      "lastModifiedById": "0053f0000019P7FAAU",
      "lastModifiedByName": "Simplus Admin",
      "lastModifiedDate": "2021-07-30T23:38:54.000Z",
      "manageableState": "unmanaged",
      "type": "ProfilePasswordPolicy"
    },
    {
      "createdById": "0053f0000016G9aAAE",
      "createdByName": "Levi Kurtright",
      "createdDate": "2020-06-08T17:40:45.000Z",
      "fileName": "profilePasswordPolicies/Pardot_Integration_User_profilePasswordPolicy1591638045799.profilePasswordPolicy",
      "fullName": "Pardot_Integration_User_profilePasswordPolicy1591638045799",
      "id": "0HV3f000000CaSeGAK",
      "lastModifiedById": "0053f0000016G9aAAE",
      "lastModifiedByName": "Levi Kurtright",
      "lastModifiedDate": "2020-06-08T17:40:45.000Z",
      "manageableState": "unmanaged",
      "type": "ProfilePasswordPolicy"
    },
    {
      "createdById": "00541000003Aq3qAAC",
      "createdByName": "Jessica Deal",
      "createdDate": "2019-02-07T19:09:37.000Z",
      "fileName": "profilePasswordPolicies/ADS_Sales_Manager_User_profilePasswordPolicy1549566577225.profilePasswordPolicy",
      "fullName": "ADS_Sales_Manager_User_profilePasswordPolicy1549566577225",
      "id": "0HV2M000000DUt5WAG",
      "lastModifiedById": "00541000003Aq3qAAC",
      "lastModifiedByName": "Jessica Deal",
      "lastModifiedDate": "2019-02-07T19:09:37.000Z",
      "manageableState": "unmanaged",
      "type": "ProfilePasswordPolicy"
    },
    {
      "createdById": "0053f000000U5CCAA0",
      "createdByName": "Pooja Dendukoori",
      "createdDate": "2022-07-20T14:44:28.000Z",
      "fileName": "profilePasswordPolicies/Integration_User_profilePasswordPolicy1658328268324.profilePasswordPolicy",
      "fullName": "Integration_User_profilePasswordPolicy1658328268324",
      "id": "0HV3f000000PB2hGAG",
      "lastModifiedById": "0053f000000U5CCAA0",
      "lastModifiedByName": "Pooja Dendukoori",
      "lastModifiedDate": "2022-07-20T14:44:28.000Z",
      "manageableState": "unmanaged",
      "type": "ProfilePasswordPolicy"
    },
    {
      "createdById": "00541000002RzpjAAC",
      "createdByName": "Dylan Gerow",
      "createdDate": "2017-06-05T17:43:25.000Z",
      "fileName": "profilePasswordPolicies/ADS_Inside_Sales_Rep_User_profilePasswordPolicy1496684605712.profilePasswordPolicy",
      "fullName": "ADS_Inside_Sales_Rep_User_profilePasswordPolicy1496684605712",
      "id": "0HV410000000gLgGAI",
      "lastModifiedById": "00541000003Aq3qAAC",
      "lastModifiedByName": "Jessica Deal",
      "lastModifiedDate": "2017-11-16T20:21:09.000Z",
      "manageableState": "unmanaged",
      "type": "ProfilePasswordPolicy"
    },
    {
      "createdById": "00541000003Aq3qAAC",
      "createdByName": "Jessica Deal",
      "createdDate": "2017-11-29T21:06:42.000Z",
      "fileName": "profilePasswordPolicies/ADS_Vendor_User_profilePasswordPolicy1511989602140.profilePasswordPolicy",
      "fullName": "ADS_Vendor_User_profilePasswordPolicy1511989602140",
      "id": "0HV41000000LUnbGAG",
      "lastModifiedById": "00541000003Aq3qAAC",
      "lastModifiedByName": "Jessica Deal",
      "lastModifiedDate": "2017-11-29T21:06:42.000Z",
      "manageableState": "unmanaged",
      "type": "ProfilePasswordPolicy"
    }
  ]
}