{
  "status": 0,
  "result": [
    {
      "createdById": "00541000002RzpkAAC",
      "createdByName": "Sarah Labadie",
      "createdDate": "2017-05-08T22:14:58.000Z",
      "fileName": "profileSessionSettings/ADS_Engineering_Services_User_profileSessionSetting1494281698341.profileSessionSetting",
      "fullName": "ADS_Engineering_Services_User_profileSessionSetting1494281698341",
      "id": "0HU410000000eYsGAI",
      "lastModifiedById": "00541000004SyXBAA0",
      "lastModifiedByName": "Zack Patrick",
      "lastModifiedDate": "2020-02-28T18:06:30.000Z",
      "manageableState": "unmanaged",
      "type": "ProfileSessionSetting"
    },
    {
      "createdById": "0053f00000145zgAAA",
      "createdByName": "Nathan Wylder",
      "createdDate": "2021-03-19T18:22:57.000Z",
      "fileName": "profileSessionSettings/null_profileSessionSetting1616178177392.profileSessionSetting",
      "fullName": "null_profileSessionSetting1616178177392",
      "id": "0HU3f000000PAtuGAG",
      "lastModifiedById": "0053f00000145zgAAA",
      "lastModifiedByName": "Nathan Wylder",
      "lastModifiedDate": "2021-03-19T18:22:57.000Z",
      "manageableState": "unmanaged",
      "type": "ProfileSessionSetting"
    },
    {
      "createdById": "00541000002RzpjAAC",
      "createdByName": "Dylan Gerow",
      "createdDate": "2017-06-05T17:43:30.000Z",
      "fileName": "profileSessionSettings/ADS_Pricing_User_profileSessionSetting1496684610642.profileSessionSetting",
      "fullName": "ADS_Pricing_User_profileSessionSetting1496684610642",
      "id": "0HU410000000fH2GAI",
      "lastModifiedById": "00541000002RzpjAAC",
      "lastModifiedByName": "Dylan Gerow",
      "lastModifiedDate": "2017-06-20T00:42:42.000Z",
      "manageableState": "unmanaged",
      "type": "ProfileSessionSetting"
    },
    {
      "createdById": "0053f0000019P7FAAU",
      "createdByName": "Simplus Admin",
      "createdDate": "2021-07-30T23:38:55.000Z",
      "fileName": "profileSessionSettings/null_profileSessionSetting1627688334962.profileSessionSetting",
      "fullName": "null_profileSessionSetting1627688334962",
      "id": "0HU3f000000PAudGAG",
      "lastModifiedById": "0053f0000019P7FAAU",
      "lastModifiedByName": "Simplus Admin",
      "lastModifiedDate": "2021-07-30T23:38:55.000Z",
      "manageableState": "unmanaged",
      "type": "ProfileSessionSetting"
    },
    {
      "createdById": "00541000004SyXBAA0",
      "createdByName": "Zack Patrick",
      "createdDate": "2020-12-11T21:13:40.000Z",
      "fileName": "profileSessionSettings/null_profileSessionSetting1607721220684.profileSessionSetting",
      "fullName": "null_profileSessionSetting1607721220684",
      "id": "0HU3f000000CaTkGAK",
      "lastModifiedById": "00541000004SyXBAA0",
      "lastModifiedByName": "Zack Patrick",
      "lastModifiedDate": "2020-12-11T21:13:40.000Z",
      "manageableState": "unmanaged",
      "type": "ProfileSessionSetting"
    },
    {
      "createdById": "00541000002RzpkAAC",
      "createdByName": "Sarah Labadie",
      "createdDate": "2017-05-09T01:27:30.000Z",
      "fileName": "profileSessionSettings/ADS_Customer_Service_User_profileSessionSetting1494293250858.profileSessionSetting",
      "fullName": "ADS_Customer_Service_User_profileSessionSetting1494293250858",
      "id": "0HU410000000eZ7GAI",
      "lastModifiedById": "00541000004SyXBAA0",
      "lastModifiedByName": "Zack Patrick",
      "lastModifiedDate": "2020-03-04T13:02:46.000Z",
      "manageableState": "unmanaged",
      "type": "ProfileSessionSetting"
    },
    {
      "createdById": "00541000002RzpkAAC",
      "createdByName": "Sarah Labadie",
      "createdDate": "2017-05-08T22:13:36.000Z",
      "fileName": "profileSessionSettings/ADS_Sales_Rep_User_profileSessionSetting1494281616307.profileSessionSetting",
      "fullName": "ADS_Sales_Rep_User_profileSessionSetting1494281616307",
      "id": "0HU410000000eYnGAI",
      "lastModifiedById": "00541000004SyXBAA0",
      "lastModifiedByName": "Zack Patrick",
      "lastModifiedDate": "2020-02-28T18:47:33.000Z",
      "manageableState": "unmanaged",
      "type": "ProfileSessionSetting"
    },
    {
      "createdById": "0053f00000145zgAAA",
      "createdByName": "Nathan Wylder",
      "createdDate": "2022-01-14T14:01:52.000Z",
      "fileName": "profileSessionSettings/null_profileSessionSetting1642168912402.profileSessionSetting",
      "fullName": "null_profileSessionSetting1642168912402",
      "id": "0HU3f000000GmeuGAC",
      "lastModifiedById": "0053f00000145zgAAA",
      "lastModifiedByName": "Nathan Wylder",
      "lastModifiedDate": "2022-01-14T14:01:52.000Z",
      "manageableState": "unmanaged",
      "type": "ProfileSessionSetting"
    },
    {
      "createdById": "00541000002RzpjAAC",
      "createdByName": "Dylan Gerow",
      "createdDate": "2017-06-05T17:43:25.000Z",
      "fileName": "profileSessionSettings/ADS_Inside_Sales_Rep_User_profileSessionSetting1496684605535.profileSessionSetting",
      "fullName": "ADS_Inside_Sales_Rep_User_profileSessionSetting1496684605535",
      "id": "0HU410000000fH1GAI",
      "lastModifiedById": "00541000003Aq3qAAC",
      "lastModifiedByName": "Jessica Deal",
      "lastModifiedDate": "2017-06-28T14:00:09.000Z",
      "manageableState": "unmanaged",
      "type": "ProfileSessionSetting"
    },
    {
      "createdById": "00541000003Aq3qAAC",
      "createdByName": "Jessica Deal",
      "createdDate": "2019-02-07T19:09:37.000Z",
      "fileName": "profileSessionSettings/null_profileSessionSetting1549566577248.profileSessionSetting",
      "fullName": "null_profileSessionSetting1549566577248",
      "id": "0HU2M000000DT4yWAG",
      "lastModifiedById": "00541000004SyXBAA0",
      "lastModifiedByName": "Zack Patrick",
      "lastModifiedDate": "2020-02-28T18:47:17.000Z",
      "manageableState": "unmanaged",
      "type": "ProfileSessionSetting"
    }
  ]
}