{
  "status": 0,
  "result": [
    {
      "createdById": "00541000003Aq3qAAC",
      "createdByName": "Jessica Deal",
      "createdDate": "2017-06-28T12:06:29.000Z",
      "fileName": "queues/Nyloplast.queue",
      "fullName": "Nyloplast",
      "id": "00G41000002OWR3EAO",
      "lastModifiedById": "00541000003Aq3qAAC",
      "lastModifiedByName": "Jessica Deal",
      "lastModifiedDate": "2017-09-13T13:15:10.000Z",
      "type": "Queue"
    },
    {
      "createdById": "0053f000000Ze23AAC",
      "createdByName": "Will Burke",
      "createdDate": "2019-09-13T23:38:10.000Z",
      "fileName": "queues/Spam.queue",
      "fullName": "Spam",
      "id": "00G3f000000cl9aEAA",
      "lastModifiedById": "0053f000000Ze23AAC",
      "lastModifiedByName": "Will Burke",
      "lastModifiedDate": "2019-09-13T23:38:10.000Z",
      "type": "Queue"
    },
    {
      "createdById": "00541000004SyXBAA0",
      "createdByName": "Zack Patrick",
      "createdDate": "2021-11-02T15:25:19.000Z",
      "fileName": "queues/Pardot_Re_submission_Queue.queue",
      "fullName": "Pardot_Re_submission_Queue",
      "id": "00G3f000000N7KnEAK",
      "lastModifiedById": "00541000004SyXBAA0",
      "lastModifiedByName": "Zack Patrick",
      "lastModifiedDate": "2021-11-02T15:25:40.000Z",
      "type": "Queue"
    },
    {
      "createdById": "00541000001bEDeAAM",
      "createdByName": "Eric Reo",
      "createdDate": "2017-06-01T03:01:50.000Z",
      "fileName": "queues/Southwest_Engineer_Request.queue",
      "fullName": "Southwest_Engineer_Request",
      "id": "00G41000002O9xVEAS",
      "lastModifiedById": "00541000001bEDeAAM",
      "lastModifiedByName": "Eric Reo",
      "lastModifiedDate": "2017-06-01T03:01:50.000Z",
      "type": "Queue"
    },
    {
      "createdById": "00541000001bEDeAAM",
      "createdByName": "Eric Reo",
      "createdDate": "2017-06-01T03:01:49.000Z",
      "fileName": "queues/Midsouth_Technical_Engineering_Request.queue",
      "fullName": "Midsouth_Technical_Engineering_Request",
      "id": "00G41000002O9xJEAS",
      "lastModifiedById": "00541000003Aq3qAAC",
      "lastModifiedByName": "Jessica Deal",
      "lastModifiedDate": "2017-09-25T16:47:00.000Z",
      "type": "Queue"
    },
    {
      "createdById": "0053f000000Ze23AAC",
      "createdByName": "Will Burke",
      "createdDate": "2019-09-13T23:38:10.000Z",
      "fileName": "queues/Web_Inquiries.queue",
      "fullName": "Web_Inquiries",
      "id": "00G3f000000cl9cEAA",
      "lastModifiedById": "0053f000000Ze23AAC",
      "lastModifiedByName": "Will Burke",
      "lastModifiedDate": "2019-09-13T23:38:10.000Z",
      "type": "Queue"
    },
    {
      "createdById": "00541000004SyXBAA0",
      "createdByName": "Zack Patrick",
      "createdDate": "2022-05-02T22:43:44.000Z",
      "fileName": "queues/International_Technical_Request.queue",
      "fullName": "International_Technical_Request",
      "id": "00G3f000000qNl6EAE",
      "lastModifiedById": "00541000004SyXBAA0",
      "lastModifiedByName": "Zack Patrick",
      "lastModifiedDate": "2022-05-02T22:43:44.000Z",
      "type": "Queue"
    },
    {
      "createdById": "00541000001bEDeAAM",
      "createdByName": "Eric Reo",
      "createdDate": "2017-06-01T03:01:50.000Z",
      "fileName": "queues/South_Central_Engineer_Request.queue",
      "fullName": "South_Central_Engineer_Request",
      "id": "00G41000002O9xREAS",
      "lastModifiedById": "00541000003Aq3qAAC",
      "lastModifiedByName": "Jessica Deal",
      "lastModifiedDate": "2017-09-13T13:17:26.000Z",
      "type": "Queue"
    },
    {
      "createdById": "00541000001bEDeAAM",
      "createdByName": "Eric Reo",
      "createdDate": "2017-06-01T03:01:49.000Z",
      "fileName": "queues/Inside_Sales.queue",
      "fullName": "Inside_Sales",
      "id": "00G41000002O9xFEAS",
      "lastModifiedById": "00541000003Aq3qAAC",
      "lastModifiedByName": "Jessica Deal",
      "lastModifiedDate": "2017-09-13T13:15:21.000Z",
      "type": "Queue"
    },
    {
      "createdById": "00541000000jJabAAE",
      "createdByName": "Automated Process",
      "createdDate": "2021-05-18T15:39:05.000Z",
      "fileName": "queues/Service_Messaging.queue",
      "fullName": "Service_Messaging",
      "id": "00G3f000000Qn4aEAC",
      "lastModifiedById": "00541000000jJabAAE",
      "lastModifiedByName": "Automated Process",
      "lastModifiedDate": "2021-05-18T15:39:05.000Z",
      "type": "Queue"
    },
    {
      "createdById": "0053f00000145zgAAA",
      "createdByName": "Nathan Wylder",
      "createdDate": "2021-01-14T21:10:44.000Z",
      "fileName": "queues/Duraslot_Pardot_Queue.queue",
      "fullName": "Duraslot_Pardot_Queue",
      "id": "00G3f000000dWW6EAM",
      "lastModifiedById": "00541000004SyXBAA0",
      "lastModifiedByName": "Zack Patrick",
      "lastModifiedDate": "2022-01-31T20:48:22.000Z",
      "type": "Queue"
    },
    {
      "createdById": "0053f000001F7USAA0",
      "createdByName": "Nathan Cox",
      "createdDate": "2021-08-24T03:19:21.000Z",
      "fileName": "queues/Unassigned_Leads.queue",
      "fullName": "Unassigned_Leads",
      "id": "00G3f000000MsReEAK",
      "lastModifiedById": "0053f000001F7USAA0",
      "lastModifiedByName": "Nathan Cox",
      "lastModifiedDate": "2021-08-24T03:19:21.000Z",
      "type": "Queue"
    },
    {
      "createdById": "00541000004SyXBAA0",
      "createdByName": "Zack Patrick",
      "createdDate": "2022-03-31T18:03:30.000Z",
      "fileName": "queues/FL_Brand_Billboard_Form.queue",
      "fullName": "FL_Brand_Billboard_Form",
      "id": "00G3f000000qLcpEAE",
      "lastModifiedById": "00541000004SyXBAA0",
      "lastModifiedByName": "Zack Patrick",
      "lastModifiedDate": "2022-03-31T18:10:40.000Z",
      "type": "Queue"
    },
    {
      "createdById": "0053f000000Ze23AAC",
      "createdByName": "Will Burke",
      "createdDate": "2019-09-13T23:38:10.000Z",
      "fileName": "queues/Unassigned.queue",
      "fullName": "Unassigned",
      "id": "00G3f000000cl9bEAA",
      "lastModifiedById": "0053f000000Ze23AAC",
      "lastModifiedByName": "Will Burke",
      "lastModifiedDate": "2019-09-13T23:38:10.000Z",
      "type": "Queue"
    },
    {
      "createdById": "00541000004SyXBAA0",
      "createdByName": "Zack Patrick",
      "createdDate": "2020-10-14T17:39:50.000Z",
      "fileName": "queues/Info_ADS_Pardot_Queue.queue",
      "fullName": "Info_ADS_Pardot_Queue",
      "id": "00G3f000000dRYbEAM",
      "lastModifiedById": "0053f000000U5CCAA0",
      "lastModifiedByName": "Pooja Dendukoori",
      "lastModifiedDate": "2022-07-06T18:35:46.000Z",
      "type": "Queue"
    },
    {
      "createdById": "00541000001bEDeAAM",
      "createdByName": "Eric Reo",
      "createdDate": "2017-06-01T03:01:50.000Z",
      "fileName": "queues/Northeast_NY_Engineer_Request.queue",
      "fullName": "Northeast_NY_Engineer_Request",
      "id": "00G41000002O9xOEAS",
      "lastModifiedById": "00541000003Aq3qAAC",
      "lastModifiedByName": "Jessica Deal",
      "lastModifiedDate": "2017-12-06T13:59:02.000Z",
      "type": "Queue"
    },
    {
      "createdById": "00541000004SyXBAA0",
      "createdByName": "Zack Patrick",
      "createdDate": "2020-07-30T14:55:52.000Z",
      "fileName": "queues/Nyloplast_Pardot_Queue.queue",
      "fullName": "Nyloplast_Pardot_Queue",
      "id": "00G3f000000cpZqEAI",
      "lastModifiedById": "00541000004SyXBAA0",
      "lastModifiedByName": "Zack Patrick",
      "lastModifiedDate": "2022-01-31T20:49:12.000Z",
      "type": "Queue"
    },
    {
      "createdById": "00541000003Aq3qAAC",
      "createdByName": "Jessica Deal",
      "createdDate": "2017-07-10T21:10:06.000Z",
      "fileName": "queues/Quote_Requests.queue",
      "fullName": "Quote_Requests",
      "id": "00G41000002Og1LEAS",
      "lastModifiedById": "00541000003Aq3qAAC",
      "lastModifiedByName": "Jessica Deal",
      "lastModifiedDate": "2017-07-10T21:10:06.000Z",
      "type": "Queue"
    },
    {
      "createdById": "0053f000000U5CCAA0",
      "createdByName": "Pooja Dendukoori",
      "createdDate": "2022-10-19T13:36:04.000Z",
      "fileName": "queues/Engineering_Service_Request.queue",
      "fullName": "Engineering_Service_Request",
      "id": "00G54000009CRF8EAO",
      "lastModifiedById": "00541000004SyXBAA0",
      "lastModifiedByName": "Zack Patrick",
      "lastModifiedDate": "2022-12-06T18:55:28.000Z",
      "type": "Queue"
    },
    {
      "createdById": "00541000001bEDeAAM",
      "createdByName": "Eric Reo",
      "createdDate": "2017-06-01T03:01:50.000Z",
      "fileName": "queues/New_England_Technical_Engineer_Request.queue",
      "fullName": "New_England_Technical_Engineer_Request",
      "id": "00G41000002O9xNEAS",
      "lastModifiedById": "00541000003Aq3qAAC",
      "lastModifiedByName": "Jessica Deal",
      "lastModifiedDate": "2017-12-06T13:58:36.000Z",
      "type": "Queue"
    },
    {
      "createdById": "00541000004SyXBAA0",
      "createdByName": "Zack Patrick",
      "createdDate": "2023-02-02T14:25:05.000Z",
      "fileName": "queues/Cultec_Technical_Request.queue",
      "fullName": "Cultec_Technical_Request",
      "id": "00G54000009RUlHEAW",
      "lastModifiedById": "0053f00000145zgAAA",
      "lastModifiedByName": "Nathan Wylder",
      "lastModifiedDate": "2023-02-15T22:25:54.000Z",
      "type": "Queue"
    },
    {
      "createdById": "00541000001bEDeAAM",
      "createdByName": "Eric Reo",
      "createdDate": "2017-06-01T03:01:49.000Z",
      "fileName": "queues/International_Engineer_Request.queue",
      "fullName": "International_Engineer_Request",
      "id": "00G41000002O9xGEAS",
      "lastModifiedById": "00541000003Aq3qAAC",
      "lastModifiedByName": "Jessica Deal",
      "lastModifiedDate": "2017-12-11T18:18:06.000Z",
      "type": "Queue"
    },
    {
      "createdById": "0053f0000016G9aAAE",
      "createdByName": "Levi Kurtright",
      "createdDate": "2020-04-29T09:57:45.000Z",
      "fileName": "queues/New_Leads.queue",
      "fullName": "New_Leads",
      "id": "00G3f000000coNAEAY",
      "lastModifiedById": "0053f0000016G9aAAE",
      "lastModifiedByName": "Levi Kurtright",
      "lastModifiedDate": "2020-04-29T09:57:45.000Z",
      "type": "Queue"
    },
    {
      "createdById": "00541000001bEDeAAM",
      "createdByName": "Eric Reo",
      "createdDate": "2017-06-01T03:01:50.000Z",
      "fileName": "queues/Midwest_AG_Technical_Engineering_Request.queue",
      "fullName": "Midwest_AG_Technical_Engineering_Request",
      "id": "00G41000002O9xLEAS",
      "lastModifiedById": "00541000003Aq3qAAC",
      "lastModifiedByName": "Jessica Deal",
      "lastModifiedDate": "2017-08-31T20:24:10.000Z",
      "type": "Queue"
    },
    {
      "createdById": "00541000000jJabAAE",
      "createdByName": "Automated Process",
      "createdDate": "2021-05-18T15:39:01.000Z",
      "fileName": "queues/Service_Chat.queue",
      "fullName": "Service_Chat",
      "id": "00G3f000000Qn4ZEAS",
      "lastModifiedById": "00541000000jJabAAE",
      "lastModifiedByName": "Automated Process",
      "lastModifiedDate": "2021-05-18T15:39:01.000Z",
      "type": "Queue"
    },
    {
      "createdById": "00541000001bEDeAAM",
      "createdByName": "Eric Reo",
      "createdDate": "2017-06-01T03:01:50.000Z",
      "fileName": "queues/Southeast_Technical_Engineer_Request.queue",
      "fullName": "Southeast_Technical_Engineer_Request",
      "id": "00G41000002O9xUEAS",
      "lastModifiedById": "00541000003Aq3qAAC",
      "lastModifiedByName": "Jessica Deal",
      "lastModifiedDate": "2017-11-08T17:07:44.000Z",
      "type": "Queue"
    },
    {
      "createdById": "0053f00000145zgAAA",
      "createdByName": "Nathan Wylder",
      "createdDate": "2023-01-17T14:17:59.000Z",
      "fileName": "queues/Cultec_Review_Queue.queue",
      "fullName": "Cultec_Review_Queue",
      "id": "00G54000009QwfsEAC",
      "lastModifiedById": "0053f00000145zgAAA",
      "lastModifiedByName": "Nathan Wylder",
      "lastModifiedDate": "2023-02-02T15:57:50.000Z",
      "type": "Queue"
    },
    {
      "createdById": "00541000003Aq3qAAC",
      "createdByName": "Jessica Deal",
      "createdDate": "2017-12-11T18:19:29.000Z",
      "fileName": "queues/Canada_West_Technical_Engineer_Request.queue",
      "fullName": "Canada_West_Technical_Engineer_Request",
      "id": "00G41000002j6q2EAA",
      "lastModifiedById": "00541000003Aq3qAAC",
      "lastModifiedByName": "Jessica Deal",
      "lastModifiedDate": "2017-12-11T18:33:20.000Z",
      "type": "Queue"
    },
    {
      "createdById": "00541000001bEDeAAM",
      "createdByName": "Eric Reo",
      "createdDate": "2017-06-01T03:01:50.000Z",
      "fileName": "queues/Southwest_Technical_Engineer_Request.queue",
      "fullName": "Southwest_Technical_Engineer_Request",
      "id": "00G41000002O9xWEAS",
      "lastModifiedById": "00541000001bEDeAAM",
      "lastModifiedByName": "Eric Reo",
      "lastModifiedDate": "2017-06-01T03:01:50.000Z",
      "type": "Queue"
    },
    {
      "createdById": "00541000001bEDeAAM",
      "createdByName": "Eric Reo",
      "createdDate": "2017-06-01T03:01:49.000Z",
      "fileName": "queues/International_Technical_Engineer_Request.queue",
      "fullName": "International_Technical_Engineer_Request",
      "id": "00G41000002O9xHEAS",
      "lastModifiedById": "00541000003Aq3qAAC",
      "lastModifiedByName": "Jessica Deal",
      "lastModifiedDate": "2017-12-11T18:18:16.000Z",
      "type": "Queue"
    },
    {
      "createdById": "00541000001bEDeAAM",
      "createdByName": "Eric Reo",
      "createdDate": "2017-06-01T03:01:50.000Z",
      "fileName": "queues/West_Technical_Engineering_Request.queue",
      "fullName": "West_Technical_Engineering_Request",
      "id": "00G41000002O9xYEAS",
      "lastModifiedById": "00541000001bEDeAAM",
      "lastModifiedByName": "Eric Reo",
      "lastModifiedDate": "2017-06-01T03:01:50.000Z",
      "type": "Queue"
    },
    {
      "createdById": "0053f000000Ze23AAC",
      "createdByName": "Will Burke",
      "createdDate": "2019-09-13T23:38:09.000Z",
      "fileName": "queues/Orders.queue",
      "fullName": "Orders",
      "id": "00G3f000000cl9ZEAQ",
      "lastModifiedById": "0053f000000Ze23AAC",
      "lastModifiedByName": "Will Burke",
      "lastModifiedDate": "2019-09-13T23:38:09.000Z",
      "type": "Queue"
    },
    {
      "createdById": "00541000001bEDeAAM",
      "createdByName": "Eric Reo",
      "createdDate": "2017-06-01T03:01:50.000Z",
      "fileName": "queues/Southeast_Engineer_Request.queue",
      "fullName": "Southeast_Engineer_Request",
      "id": "00G41000002O9xTEAS",
      "lastModifiedById": "00541000003Aq3qAAC",
      "lastModifiedByName": "Jessica Deal",
      "lastModifiedDate": "2017-11-08T17:06:52.000Z",
      "type": "Queue"
    },
    {
      "createdById": "00541000004SyXBAA0",
      "createdByName": "Zack Patrick",
      "createdDate": "2022-05-02T19:01:46.000Z",
      "fileName": "queues/International_Lead_Queue.queue",
      "fullName": "International_Lead_Queue",
      "id": "00G3f000000qNklEAE",
      "lastModifiedById": "00541000004SyXBAA0",
      "lastModifiedByName": "Zack Patrick",
      "lastModifiedDate": "2022-08-31T13:19:57.000Z",
      "type": "Queue"
    },
    {
      "createdById": "0053f0000016G9aAAE",
      "createdByName": "Levi Kurtright",
      "createdDate": "2020-05-20T11:12:13.000Z",
      "fileName": "queues/StormTech_Pardot_Queue.queue",
      "fullName": "StormTech_Pardot_Queue",
      "id": "00G3f000000coeBEAQ",
      "lastModifiedById": "00541000004SyXBAA0",
      "lastModifiedByName": "Zack Patrick",
      "lastModifiedDate": "2022-01-31T20:49:01.000Z",
      "type": "Queue"
    },
    {
      "createdById": "00541000001bEDeAAM",
      "createdByName": "Eric Reo",
      "createdDate": "2017-06-01T03:01:50.000Z",
      "fileName": "queues/South_Central_Technical_Engineer_Request.queue",
      "fullName": "South_Central_Technical_Engineer_Request",
      "id": "00G41000002O9xSEAS",
      "lastModifiedById": "00541000003Aq3qAAC",
      "lastModifiedByName": "Jessica Deal",
      "lastModifiedDate": "2017-09-13T13:17:48.000Z",
      "type": "Queue"
    },
    {
      "createdById": "00541000001bEDeAAM",
      "createdByName": "Eric Reo",
      "createdDate": "2017-06-01T03:01:50.000Z",
      "fileName": "queues/New_England_Engineer_Request.queue",
      "fullName": "New_England_Engineer_Request",
      "id": "00G41000002O9xMEAS",
      "lastModifiedById": "00541000003Aq3qAAC",
      "lastModifiedByName": "Jessica Deal",
      "lastModifiedDate": "2017-12-06T13:58:10.000Z",
      "type": "Queue"
    },
    {
      "createdById": "00541000001bEDeAAM",
      "createdByName": "Eric Reo",
      "createdDate": "2017-06-01T03:01:49.000Z",
      "fileName": "queues/Midsouth_Engineer_Request.queue",
      "fullName": "Midsouth_Engineer_Request",
      "id": "00G41000002O9xIEAS",
      "lastModifiedById": "00541000003Aq3qAAC",
      "lastModifiedByName": "Jessica Deal",
      "lastModifiedDate": "2017-09-25T16:46:50.000Z",
      "type": "Queue"
    },
    {
      "createdById": "00541000001bEDeAAM",
      "createdByName": "Eric Reo",
      "createdDate": "2017-06-01T03:01:50.000Z",
      "fileName": "queues/Northeast_NY_Technical_Engineer_Request.queue",
      "fullName": "Northeast_NY_Technical_Engineer_Request",
      "id": "00G41000002O9xPEAS",
      "lastModifiedById": "00541000003Aq3qAAC",
      "lastModifiedByName": "Jessica Deal",
      "lastModifiedDate": "2017-12-06T13:59:19.000Z",
      "type": "Queue"
    },
    {
      "createdById": "00541000003Aq3qAAC",
      "createdByName": "Jessica Deal",
      "createdDate": "2017-12-11T18:18:53.000Z",
      "fileName": "queues/Canada_West_Engineer_Request.queue",
      "fullName": "Canada_West_Engineer_Request",
      "id": "00G41000002j6pxEAA",
      "lastModifiedById": "00541000003Aq3qAAC",
      "lastModifiedByName": "Jessica Deal",
      "lastModifiedDate": "2017-12-11T18:33:13.000Z",
      "type": "Queue"
    },
    {
      "createdById": "00541000004SyXBAA0",
      "createdByName": "Zack Patrick",
      "createdDate": "2022-05-02T22:43:44.000Z",
      "fileName": "queues/International_Engineering_Request2.queue",
      "fullName": "International_Engineering_Request2",
      "id": "00G3f000000qNl5EAE",
      "lastModifiedById": "00541000004SyXBAA0",
      "lastModifiedByName": "Zack Patrick",
      "lastModifiedDate": "2022-05-02T22:43:44.000Z",
      "type": "Queue"
    },
    {
      "createdById": "00541000004SyXBAA0",
      "createdByName": "Zack Patrick",
      "createdDate": "2020-09-25T14:07:44.000Z",
      "fileName": "queues/IPM_Queue.queue",
      "fullName": "IPM_Queue",
      "id": "00G3f000000dQVREA2",
      "lastModifiedById": "00541000004SyXBAA0",
      "lastModifiedByName": "Zack Patrick",
      "lastModifiedDate": "2021-02-01T20:09:58.000Z",
      "type": "Queue"
    },
    {
      "createdById": "0053f0000016G9aAAE",
      "createdByName": "Levi Kurtright",
      "createdDate": "2020-05-20T11:10:55.000Z",
      "fileName": "queues/Baysaver_Pardot_Queue.queue",
      "fullName": "Baysaver_Pardot_Queue",
      "id": "00G3f000000coe6EAA",
      "lastModifiedById": "00541000004SyXBAA0",
      "lastModifiedByName": "Zack Patrick",
      "lastModifiedDate": "2022-01-31T20:48:51.000Z",
      "type": "Queue"
    },
    {
      "createdById": "00541000001bEDeAAM",
      "createdByName": "Eric Reo",
      "createdDate": "2017-06-01T03:01:50.000Z",
      "fileName": "queues/West_Engineer_Request.queue",
      "fullName": "West_Engineer_Request",
      "id": "00G41000002O9xXEAS",
      "lastModifiedById": "00541000001bEDeAAM",
      "lastModifiedByName": "Eric Reo",
      "lastModifiedDate": "2017-06-01T03:01:50.000Z",
      "type": "Queue"
    },
    {
      "createdById": "00541000001bEDeAAM",
      "createdByName": "Eric Reo",
      "createdDate": "2017-06-01T03:01:49.000Z",
      "fileName": "queues/General_Engineering_Requests.queue",
      "fullName": "General_Engineering_Requests",
      "id": "00G41000002O9xEEAS",
      "lastModifiedById": "00541000001bEDeAAM",
      "lastModifiedByName": "Eric Reo",
      "lastModifiedDate": "2017-06-01T03:01:49.000Z",
      "type": "Queue"
    },
    {
      "createdById": "00541000001bEDeAAM",
      "createdByName": "Eric Reo",
      "createdDate": "2017-06-01T03:01:49.000Z",
      "fileName": "queues/Midwest_AG_Engineer_Request.queue",
      "fullName": "Midwest_AG_Engineer_Request",
      "id": "00G41000002O9xKEAS",
      "lastModifiedById": "00541000003Aq3qAAC",
      "lastModifiedByName": "Jessica Deal",
      "lastModifiedDate": "2017-08-31T20:23:43.000Z",
      "type": "Queue"
    },
    {
      "createdById": "00541000001bEDeAAM",
      "createdByName": "Eric Reo",
      "createdDate": "2017-06-01T03:01:49.000Z",
      "fileName": "queues/Expedite_Pending_Approval.queue",
      "fullName": "Expedite_Pending_Approval",
      "id": "00G41000002O9xDEAS",
      "lastModifiedById": "00541000001bEDeAAM",
      "lastModifiedByName": "Eric Reo",
      "lastModifiedDate": "2017-06-01T03:01:49.000Z",
      "type": "Queue"
    },
    {
      "createdById": "0053f0000019P7FAAU",
      "createdByName": "Simplus Admin",
      "createdDate": "2021-03-29T21:57:16.000Z",
      "fileName": "queues/Find_a_Rep.queue",
      "fullName": "Find_a_Rep",
      "id": "00G3f000000Qj9VEAS",
      "lastModifiedById": "0053f0000019P7FAAU",
      "lastModifiedByName": "Simplus Admin",
      "lastModifiedDate": "2021-03-30T14:07:30.000Z",
      "type": "Queue"
    },
    {
      "createdById": "0053f0000016G9aAAE",
      "createdByName": "Levi Kurtright",
      "createdDate": "2020-05-20T11:06:52.000Z",
      "fileName": "queues/Flexstorm_Pardot_Queue.queue",
      "fullName": "Flexstorm_Pardot_Queue",
      "id": "00G3f000000coe1EAA",
      "lastModifiedById": "0053f000000U5CCAA0",
      "lastModifiedByName": "Pooja Dendukoori",
      "lastModifiedDate": "2022-09-13T14:42:40.000Z",
      "type": "Queue"
    },
    {
      "createdById": "00541000004SyXBAA0",
      "createdByName": "Zack Patrick",
      "createdDate": "2022-08-26T17:42:41.000Z",
      "fileName": "queues/Aviation_Lead_Queue.queue",
      "fullName": "Aviation_Lead_Queue",
      "id": "00G3f000000qaN6EAI",
      "lastModifiedById": "00541000004SyXBAA0",
      "lastModifiedByName": "Zack Patrick",
      "lastModifiedDate": "2022-08-26T17:43:40.000Z",
      "type": "Queue"
    },
    {
      "createdById": "00541000000jJabAAE",
      "createdByName": "Automated Process",
      "createdDate": "2021-05-18T15:38:57.000Z",
      "fileName": "queues/Service_Case.queue",
      "fullName": "Service_Case",
      "id": "00G3f000000Qn4UEAS",
      "lastModifiedById": "00541000000jJabAAE",
      "lastModifiedByName": "Automated Process",
      "lastModifiedDate": "2021-05-18T15:38:57.000Z",
      "type": "Queue"
    },
    {
      "createdById": "0053f0000019P7FAAU",
      "createdByName": "Simplus Admin",
      "createdDate": "2021-07-21T17:44:16.000Z",
      "fileName": "queues/ADS_Mexicana_Coordinator.queue",
      "fullName": "ADS_Mexicana_Coordinator",
      "id": "00G3f000000QrutEAC",
      "lastModifiedById": "0053f0000019P7FAAU",
      "lastModifiedByName": "Simplus Admin",
      "lastModifiedDate": "2021-07-31T00:01:39.000Z",
      "type": "Queue"
    },
    {
      "createdById": "00541000001bEDeAAM",
      "createdByName": "Eric Reo",
      "createdDate": "2017-06-01T03:01:50.000Z",
      "fileName": "queues/Ready_for_Review.queue",
      "fullName": "Ready_for_Review",
      "id": "00G41000002O9xQEAS",
      "lastModifiedById": "0053f000000U5CCAA0",
      "lastModifiedByName": "Pooja Dendukoori",
      "lastModifiedDate": "2022-10-19T13:39:41.000Z",
      "type": "Queue"
    }
  ]
}