{
  "status": 0,
  "result": [
    {
      "createdById": "00541000000jJacAAE",
      "createdByName": "salesforce.com, inc.",
      "createdDate": "2016-12-22T15:47:21.000Z",
      "fileName": "quickActions/CollaborationGroup.NewGroupRecord.quickAction",
      "fullName": "CollaborationGroup.NewGroupRecord",
      "id": "09D41000006uJdYEAU",
      "lastModifiedById": "00541000000jJacAAE",
      "lastModifiedByName": "salesforce.com, inc.",
      "lastModifiedDate": "2016-12-22T15:47:21.000Z",
      "manageableState": "unmanaged",
      "type": "QuickAction"
    },
    {
      "createdById": "00541000001bEDeAAM",
      "createdByName": "Eric Reo",
      "createdDate": "2016-12-22T15:47:21.000Z",
      "fileName": "quickActions/Task.EditDescription.quickAction",
      "fullName": "Task.EditDescription",
      "id": "09D41000006uJdNEAU",
      "lastModifiedById": "00541000001bEDeAAM",
      "lastModifiedByName": "Eric Reo",
      "lastModifiedDate": "2016-12-22T15:47:21.000Z",
      "manageableState": "unmanaged",
      "type": "QuickAction"
    },
    {
      "createdById": "0053f000000Ze23AAC",
      "createdByName": "Will Burke",
      "createdDate": "2019-09-13T23:38:27.000Z",
      "fileName": "quickActions/Case.Update_This_Case.quickAction",
      "fullName": "Case.Update_This_Case",
      "id": "09D3f000000004KEAQ",
      "lastModifiedById": "0053f000000Ze23AAC",
      "lastModifiedByName": "Will Burke",
      "lastModifiedDate": "2019-09-13T23:38:27.000Z",
      "manageableState": "unmanaged",
      "type": "QuickAction"
    },
    {
      "createdById": "00541000003Aq3qAAC",
      "createdByName": "Jessica Deal",
      "createdDate": "2017-07-31T21:39:20.000Z",
      "fileName": "quickActions/Opportunity.Emergency_Quote_Request2.quickAction",
      "fullName": "Opportunity.Emergency_Quote_Request2",
      "id": "09D410000098xjLEAQ",
      "lastModifiedById": "00541000003Aq3qAAC",
      "lastModifiedByName": "Jessica Deal",
      "lastModifiedDate": "2017-07-31T21:39:20.000Z",
      "manageableState": "unmanaged",
      "type": "QuickAction"
    },
    {
      "createdById": "0053f00000145zgAAA",
      "createdByName": "Nathan Wylder",
      "createdDate": "2021-03-04T22:13:11.000Z",
      "fileName": "quickActions/Account.AccountDocuSignAction.quickAction",
      "fullName": "Account.AccountDocuSignAction",
      "id": "09D3f000000fxZREAY",
      "lastModifiedById": "0053f00000145zgAAA",
      "lastModifiedByName": "Nathan Wylder",
      "lastModifiedDate": "2021-03-04T22:14:24.000Z",
      "manageableState": "installed",
      "namespacePrefix": "dsfs",
      "type": "QuickAction"
    },
    {
      "createdById": "00541000003Aq3qAAC",
      "createdByName": "Jessica Deal",
      "createdDate": "2017-06-01T19:46:38.000Z",
      "fileName": "quickActions/Opportunity.New_Quote.quickAction",
      "fullName": "Opportunity.New_Quote",
      "id": "09D410000098pgbEAA",
      "lastModifiedById": "0053f0000016G9aAAE",
      "lastModifiedByName": "Levi Kurtright",
      "lastModifiedDate": "2020-11-30T20:18:11.000Z",
      "manageableState": "unmanaged",
      "type": "QuickAction"
    },
    {
      "createdById": "00541000001bEDeAAM",
      "createdByName": "Eric Reo",
      "createdDate": "2016-12-22T15:47:21.000Z",
      "fileName": "quickActions/Task.UpdatePriority_2.quickAction",
      "fullName": "Task.UpdatePriority_2",
      "id": "09D41000006uJdEEAU",
      "lastModifiedById": "00541000001bEDeAAM",
      "lastModifiedByName": "Eric Reo",
      "lastModifiedDate": "2016-12-22T15:47:21.000Z",
      "manageableState": "unmanaged",
      "type": "QuickAction"
    },
    {
      "createdById": "00541000000jJacAAE",
      "createdByName": "salesforce.com, inc.",
      "createdDate": "2016-12-22T15:47:21.000Z",
      "fileName": "quickActions/NewAccount.quickAction",
      "fullName": "NewAccount",
      "id": "09D41000006uJdaEAE",
      "lastModifiedById": "00541000003Aq3qAAC",
      "lastModifiedByName": "Jessica Deal",
      "lastModifiedDate": "2017-06-01T19:46:38.000Z",
      "manageableState": "unmanaged",
      "type": "QuickAction"
    },
    {
      "createdById": "00541000004SyXBAA0",
      "createdByName": "Zack Patrick",
      "createdDate": "2023-01-26T15:51:43.000Z",
      "fileName": "quickActions/New_Competitive_Pricing.quickAction",
      "fullName": "New_Competitive_Pricing",
      "id": "09D54000008o229EAA",
      "lastModifiedById": "00541000004SyXBAA0",
      "lastModifiedByName": "Zack Patrick",
      "lastModifiedDate": "2023-01-26T15:51:43.000Z",
      "manageableState": "unmanaged",
      "type": "QuickAction"
    },
    {
      "createdById": "00541000003Aq3qAAC",
      "createdByName": "Jessica Deal",
      "createdDate": "2017-07-31T21:39:18.000Z",
      "fileName": "quickActions/Case.Emergency_Quote_Request2.quickAction",
      "fullName": "Case.Emergency_Quote_Request2",
      "id": "09D410000098xjJEAQ",
      "lastModifiedById": "00541000003Aq3qAAC",
      "lastModifiedByName": "Jessica Deal",
      "lastModifiedDate": "2017-07-31T21:39:18.000Z",
      "manageableState": "unmanaged",
      "type": "QuickAction"
    },
    {
      "createdById": "00541000000jJacAAE",
      "createdByName": "salesforce.com, inc.",
      "createdDate": "2016-12-22T15:47:21.000Z",
      "fileName": "quickActions/Task.UpdateStatus_0.quickAction",
      "fullName": "Task.UpdateStatus_0",
      "id": "09D41000006uJdLEAU",
      "lastModifiedById": "00541000000jJacAAE",
      "lastModifiedByName": "salesforce.com, inc.",
      "lastModifiedDate": "2016-12-22T15:47:21.000Z",
      "manageableState": "unmanaged",
      "type": "QuickAction"
    },
    {
      "createdById": "00541000000jJacAAE",
      "createdByName": "salesforce.com, inc.",
      "createdDate": "2016-12-22T15:47:21.000Z",
      "fileName": "quickActions/NewEvent.quickAction",
      "fullName": "NewEvent",
      "id": "09D41000006uJd5EAE",
      "lastModifiedById": "00541000003Aq3qAAC",
      "lastModifiedByName": "Jessica Deal",
      "lastModifiedDate": "2017-06-01T19:46:38.000Z",
      "manageableState": "unmanaged",
      "type": "QuickAction"
    },
    {
      "createdById": "0053f0000016G9aAAE",
      "createdByName": "Levi Kurtright",
      "createdDate": "2020-11-19T15:23:30.000Z",
      "fileName": "quickActions/Opportunity.RecallMobile.quickAction",
      "fullName": "Opportunity.RecallMobile",
      "id": "09D3f00000000aHEAQ",
      "lastModifiedById": "0053f0000016G9aAAE",
      "lastModifiedByName": "Levi Kurtright",
      "lastModifiedDate": "2020-11-19T15:23:58.000Z",
      "manageableState": "installed",
      "namespacePrefix": "sbaa",
      "type": "QuickAction"
    },
    {
      "createdById": "00541000003Aq3qAAC",
      "createdByName": "Jessica Deal",
      "createdDate": "2019-06-05T15:10:26.000Z",
      "fileName": "quickActions/New_ESR.quickAction",
      "fullName": "New_ESR",
      "id": "09D2M000006Xc6XUAS",
      "lastModifiedById": "00541000004SyXBAA0",
      "lastModifiedByName": "Zack Patrick",
      "lastModifiedDate": "2022-06-06T12:34:22.000Z",
      "manageableState": "unmanaged",
      "type": "QuickAction"
    },
    {
      "createdById": "00541000001bEDeAAM",
      "createdByName": "Eric Reo",
      "createdDate": "2016-12-22T15:47:21.000Z",
      "fileName": "quickActions/FeedItem.NewTaskFromFeedItem.quickAction",
      "fullName": "FeedItem.NewTaskFromFeedItem",
      "id": "09D41000006uJdVEAU",
      "lastModifiedById": "00541000001bEDeAAM",
      "lastModifiedByName": "Eric Reo",
      "lastModifiedDate": "2016-12-22T15:47:21.000Z",
      "manageableState": "unmanaged",
      "type": "QuickAction"
    },
    {
      "createdById": "0053f00000145zgAAA",
      "createdByName": "Nathan Wylder",
      "createdDate": "2022-12-13T22:12:40.000Z",
      "fileName": "quickActions/Form_Submission__c.Complete_Follow_Up.quickAction",
      "fullName": "Form_Submission__c.Complete_Follow_Up",
      "id": "09D54000008nvoXEAQ",
      "lastModifiedById": "0053f00000145zgAAA",
      "lastModifiedByName": "Nathan Wylder",
      "lastModifiedDate": "2022-12-13T22:12:40.000Z",
      "manageableState": "unmanaged",
      "type": "QuickAction"
    },
    {
      "createdById": "00541000001bEDeAAM",
      "createdByName": "Eric Reo",
      "createdDate": "2016-12-22T15:47:21.000Z",
      "fileName": "quickActions/Task.EditDescription_2.quickAction",
      "fullName": "Task.EditDescription_2",
      "id": "09D41000006uJdBEAU",
      "lastModifiedById": "00541000001bEDeAAM",
      "lastModifiedByName": "Eric Reo",
      "lastModifiedDate": "2016-12-22T15:47:21.000Z",
      "manageableState": "unmanaged",
      "type": "QuickAction"
    },
    {
      "createdById": "0053f0000016G9aAAE",
      "createdByName": "Levi Kurtright",
      "createdDate": "2020-11-19T15:23:29.000Z",
      "fileName": "quickActions/sbaa__Approval__c.RejectMobile.quickAction",
      "fullName": "sbaa__Approval__c.RejectMobile",
      "id": "09D3f00000000aFEAQ",
      "lastModifiedById": "0053f0000016G9aAAE",
      "lastModifiedByName": "Levi Kurtright",
      "lastModifiedDate": "2020-11-19T15:23:58.000Z",
      "manageableState": "installed",
      "namespacePrefix": "sbaa",
      "type": "QuickAction"
    },
    {
      "createdById": "00541000000jJacAAE",
      "createdByName": "salesforce.com, inc.",
      "createdDate": "2016-12-22T15:47:21.000Z",
      "fileName": "quickActions/NewOpportunity.quickAction",
      "fullName": "NewOpportunity",
      "id": "09D41000006uJdTEAU",
      "lastModifiedById": "00541000004SyXBAA0",
      "lastModifiedByName": "Zack Patrick",
      "lastModifiedDate": "2022-06-24T19:14:42.000Z",
      "manageableState": "unmanaged",
      "type": "QuickAction"
    },
    {
      "createdById": "0053f0000016G9aAAE",
      "createdByName": "Levi Kurtright",
      "createdDate": "2020-11-19T15:23:29.000Z",
      "fileName": "quickActions/sbaa__Approval__c.ApproveMobile.quickAction",
      "fullName": "sbaa__Approval__c.ApproveMobile",
      "id": "09D3f00000000aDEAQ",
      "lastModifiedById": "0053f0000016G9aAAE",
      "lastModifiedByName": "Levi Kurtright",
      "lastModifiedDate": "2020-11-19T15:23:58.000Z",
      "manageableState": "installed",
      "namespacePrefix": "sbaa",
      "type": "QuickAction"
    },
    {
      "createdById": "00541000003Aq3qAAC",
      "createdByName": "Jessica Deal",
      "createdDate": "2017-06-01T19:46:36.000Z",
      "fileName": "quickActions/Account.View_Hierarchy.quickAction",
      "fullName": "Account.View_Hierarchy",
      "id": "09D410000098pgQEAQ",
      "lastModifiedById": "00541000003Aq3qAAC",
      "lastModifiedByName": "Jessica Deal",
      "lastModifiedDate": "2017-06-01T19:46:36.000Z",
      "manageableState": "unmanaged",
      "type": "QuickAction"
    },
    {
      "createdById": "00541000003Aq3qAAC",
      "createdByName": "Jessica Deal",
      "createdDate": "2019-03-19T13:59:14.000Z",
      "fileName": "quickActions/Account.Polyflex_Target.quickAction",
      "fullName": "Account.Polyflex_Target",
      "id": "09D2M000006XbScUAK",
      "lastModifiedById": "00541000003Aq3qAAC",
      "lastModifiedByName": "Jessica Deal",
      "lastModifiedDate": "2019-03-19T13:59:14.000Z",
      "manageableState": "unmanaged",
      "type": "QuickAction"
    },
    {
      "createdById": "00541000003Aq3qAAC",
      "createdByName": "Jessica Deal",
      "createdDate": "2017-06-01T19:46:37.000Z",
      "fileName": "quickActions/County_Search.quickAction",
      "fullName": "County_Search",
      "id": "09D410000098pgYEAQ",
      "lastModifiedById": "00541000003Aq3qAAC",
      "lastModifiedByName": "Jessica Deal",
      "lastModifiedDate": "2017-06-01T19:46:37.000Z",
      "manageableState": "unmanaged",
      "type": "QuickAction"
    },
    {
      "createdById": "00541000003Aq3qAAC",
      "createdByName": "Jessica Deal",
      "createdDate": "2017-06-01T19:46:37.000Z",
      "fileName": "quickActions/Case.Quote_Request.quickAction",
      "fullName": "Case.Quote_Request",
      "id": "09D410000098pgVEAQ",
      "lastModifiedById": "00541000003Aq3qAAC",
      "lastModifiedByName": "Jessica Deal",
      "lastModifiedDate": "2017-06-01T19:46:37.000Z",
      "manageableState": "unmanaged",
      "type": "QuickAction"
    },
    {
      "createdById": "0053f000000Ze23AAC",
      "createdByName": "Will Burke",
      "createdDate": "2019-09-13T23:38:26.000Z",
      "fileName": "quickActions/Account.New_support_case.quickAction",
      "fullName": "Account.New_support_case",
      "id": "09D3f000000004CEAQ",
      "lastModifiedById": "0053f000000Ze23AAC",
      "lastModifiedByName": "Will Burke",
      "lastModifiedDate": "2019-09-13T23:38:26.000Z",
      "manageableState": "unmanaged",
      "type": "QuickAction"
    },
    {
      "createdById": "0053f00000145zgAAA",
      "createdByName": "Nathan Wylder",
      "createdDate": "2021-03-04T22:13:11.000Z",
      "fileName": "quickActions/Case.CaseDocuSignAction.quickAction",
      "fullName": "Case.CaseDocuSignAction",
      "id": "09D3f000000fxZSEAY",
      "lastModifiedById": "0053f00000145zgAAA",
      "lastModifiedByName": "Nathan Wylder",
      "lastModifiedDate": "2021-03-04T22:14:24.000Z",
      "manageableState": "installed",
      "namespacePrefix": "dsfs",
      "type": "QuickAction"
    },
    {
      "createdById": "0053f00000145zgAAA",
      "createdByName": "Nathan Wylder",
      "createdDate": "2021-03-19T12:33:51.000Z",
      "fileName": "quickActions/Account.International_Project.quickAction",
      "fullName": "Account.International_Project",
      "id": "09D3f000000fxiJEAQ",
      "lastModifiedById": "0053f00000145zgAAA",
      "lastModifiedByName": "Nathan Wylder",
      "lastModifiedDate": "2021-03-19T12:33:51.000Z",
      "manageableState": "unmanaged",
      "type": "QuickAction"
    },
    {
      "createdById": "00541000002RzpjAAC",
      "createdByName": "Dylan Gerow",
      "createdDate": "2017-03-31T15:14:52.000Z",
      "fileName": "quickActions/NewOpportunity.quickAction",
      "fullName": "NewOpportunity",
      "id": "09D41000008rLvxEAE",
      "lastModifiedById": "00541000002RzpjAAC",
      "lastModifiedByName": "Dylan Gerow",
      "lastModifiedDate": "2017-03-31T15:14:52.000Z",
      "manageableState": "installed",
      "namespacePrefix": "SBQQ",
      "type": "QuickAction"
    },
    {
      "createdById": "00541000003Aq3qAAC",
      "createdByName": "Jessica Deal",
      "createdDate": "2019-06-05T16:52:16.000Z",
      "fileName": "quickActions/New_Quote_Request.quickAction",
      "fullName": "New_Quote_Request",
      "id": "09D2M000006Xc6hUAC",
      "lastModifiedById": "00541000003Aq3qAAC",
      "lastModifiedByName": "Jessica Deal",
      "lastModifiedDate": "2019-06-05T16:52:16.000Z",
      "manageableState": "unmanaged",
      "type": "QuickAction"
    },
    {
      "createdById": "0053f00000145zgAAA",
      "createdByName": "Nathan Wylder",
      "createdDate": "2020-02-07T15:36:37.000Z",
      "fileName": "quickActions/Lead.Add_to_Nurture_List.quickAction",
      "fullName": "Lead.Add_to_Nurture_List",
      "id": "09D3f00000000AgEAI",
      "lastModifiedById": "0053f00000145zgAAA",
      "lastModifiedByName": "Nathan Wylder",
      "lastModifiedDate": "2020-02-07T15:37:11.000Z",
      "manageableState": "installed",
      "namespacePrefix": "pi",
      "type": "QuickAction"
    },
    {
      "createdById": "00541000000jJacAAE",
      "createdByName": "salesforce.com, inc.",
      "createdDate": "2016-12-22T15:47:21.000Z",
      "fileName": "quickActions/LogACall.quickAction",
      "fullName": "LogACall",
      "id": "09D41000006uJd3EAE",
      "lastModifiedById": "00541000003Aq3qAAC",
      "lastModifiedByName": "Jessica Deal",
      "lastModifiedDate": "2017-06-01T19:46:37.000Z",
      "manageableState": "unmanaged",
      "type": "QuickAction"
    },
    {
      "createdById": "0053f0000016G9aAAE",
      "createdByName": "Levi Kurtright",
      "createdDate": "2020-11-19T15:23:29.000Z",
      "fileName": "quickActions/sbaa__Approval__c.ReassignMobile.quickAction",
      "fullName": "sbaa__Approval__c.ReassignMobile",
      "id": "09D3f00000000aEEAQ",
      "lastModifiedById": "0053f0000016G9aAAE",
      "lastModifiedByName": "Levi Kurtright",
      "lastModifiedDate": "2020-11-19T15:23:58.000Z",
      "manageableState": "installed",
      "namespacePrefix": "sbaa",
      "type": "QuickAction"
    },
    {
      "createdById": "00541000003Aq3qAAC",
      "createdByName": "Jessica Deal",
      "createdDate": "2017-06-01T19:46:38.000Z",
      "fileName": "quickActions/Opportunity.New_Tech_Service_Request.quickAction",
      "fullName": "Opportunity.New_Tech_Service_Request",
      "id": "09D410000098pgcEAA",
      "lastModifiedById": "00541000003Aq3qAAC",
      "lastModifiedByName": "Jessica Deal",
      "lastModifiedDate": "2017-06-01T19:46:38.000Z",
      "manageableState": "unmanaged",
      "type": "QuickAction"
    },
    {
      "createdById": "0053f00000145zgAAA",
      "createdByName": "Nathan Wylder",
      "createdDate": "2021-04-03T00:21:55.000Z",
      "fileName": "quickActions/SBQQ__Quote__c.ADS_Terminate_Quote.quickAction",
      "fullName": "SBQQ__Quote__c.ADS_Terminate_Quote",
      "id": "09D3f000000fxkVEAQ",
      "lastModifiedById": "0053f00000145zgAAA",
      "lastModifiedByName": "Nathan Wylder",
      "lastModifiedDate": "2021-04-03T00:21:55.000Z",
      "manageableState": "unmanaged",
      "type": "QuickAction"
    },
    {
      "createdById": "00541000003Aq3qAAC",
      "createdByName": "Jessica Deal",
      "createdDate": "2017-06-01T19:46:35.000Z",
      "fileName": "quickActions/Account.New_Contact.quickAction",
      "fullName": "Account.New_Contact",
      "id": "09D410000098pgOEAQ",
      "lastModifiedById": "00541000003Aq3qAAC",
      "lastModifiedByName": "Jessica Deal",
      "lastModifiedDate": "2017-07-10T21:12:27.000Z",
      "manageableState": "unmanaged",
      "type": "QuickAction"
    },
    {
      "createdById": "00541000001bEDeAAM",
      "createdByName": "Eric Reo",
      "createdDate": "2016-12-22T15:47:21.000Z",
      "fileName": "quickActions/Follow_Up.quickAction",
      "fullName": "Follow_Up",
      "id": "09D41000006uJdWEAU",
      "lastModifiedById": "00541000001bEDeAAM",
      "lastModifiedByName": "Eric Reo",
      "lastModifiedDate": "2016-12-22T15:47:21.000Z",
      "manageableState": "unmanaged",
      "type": "QuickAction"
    },
    {
      "createdById": "00541000003Aq3qAAC",
      "createdByName": "Jessica Deal",
      "createdDate": "2017-06-01T19:46:37.000Z",
      "fileName": "quickActions/Case.Submit.quickAction",
      "fullName": "Case.Submit",
      "id": "09D410000098pgWEAQ",
      "lastModifiedById": "00541000003Aq3qAAC",
      "lastModifiedByName": "Jessica Deal",
      "lastModifiedDate": "2017-06-01T19:46:37.000Z",
      "manageableState": "unmanaged",
      "type": "QuickAction"
    },
    {
      "createdById": "00541000001bEDeAAM",
      "createdByName": "Eric Reo",
      "createdDate": "2017-02-11T20:17:53.000Z",
      "fileName": "quickActions/Quote.SendEmail.quickAction",
      "fullName": "Quote.SendEmail",
      "id": "09D41000008r2LqEAI",
      "lastModifiedById": "00541000003Aq3qAAC",
      "lastModifiedByName": "Jessica Deal",
      "lastModifiedDate": "2017-07-31T21:39:20.000Z",
      "manageableState": "unmanaged",
      "type": "QuickAction"
    },
    {
      "createdById": "00541000002RzpjAAC",
      "createdByName": "Dylan Gerow",
      "createdDate": "2017-03-31T15:14:52.000Z",
      "fileName": "quickActions/NewNote.quickAction",
      "fullName": "NewNote",
      "id": "09D41000008rLvwEAE",
      "lastModifiedById": "00541000002RzpjAAC",
      "lastModifiedByName": "Dylan Gerow",
      "lastModifiedDate": "2017-03-31T15:14:52.000Z",
      "manageableState": "installed",
      "namespacePrefix": "SBQQ",
      "type": "QuickAction"
    },
    {
      "createdById": "00541000001bEDeAAM",
      "createdByName": "Eric Reo",
      "createdDate": "2016-12-22T15:47:21.000Z",
      "fileName": "quickActions/Task.EditDescription_1.quickAction",
      "fullName": "Task.EditDescription_1",
      "id": "09D41000006uJdFEAU",
      "lastModifiedById": "00541000001bEDeAAM",
      "lastModifiedByName": "Eric Reo",
      "lastModifiedDate": "2016-12-22T15:47:21.000Z",
      "manageableState": "unmanaged",
      "type": "QuickAction"
    },
    {
      "createdById": "00541000003Aq3qAAC",
      "createdByName": "Jessica Deal",
      "createdDate": "2019-03-29T15:19:48.000Z",
      "fileName": "quickActions/Account.Quality_Feedback.quickAction",
      "fullName": "Account.Quality_Feedback",
      "id": "09D2M000006XbTuUAK",
      "lastModifiedById": "00541000004SMkpAAG",
      "lastModifiedByName": "SFDC Support",
      "lastModifiedDate": "2020-04-04T00:52:54.000Z",
      "manageableState": "unmanaged",
      "type": "QuickAction"
    },
    {
      "createdById": "00541000001bEDeAAM",
      "createdByName": "Eric Reo",
      "createdDate": "2016-12-22T15:47:21.000Z",
      "fileName": "quickActions/Task.UpdatePriority_3.quickAction",
      "fullName": "Task.UpdatePriority_3",
      "id": "09D41000006uJdAEAU",
      "lastModifiedById": "00541000001bEDeAAM",
      "lastModifiedByName": "Eric Reo",
      "lastModifiedDate": "2016-12-22T15:47:21.000Z",
      "manageableState": "unmanaged",
      "type": "QuickAction"
    },
    {
      "createdById": "00541000003Aq3qAAC",
      "createdByName": "Jessica Deal",
      "createdDate": "2019-07-10T14:54:39.000Z",
      "fileName": "quickActions/Case.Templates.quickAction",
      "fullName": "Case.Templates",
      "id": "09D2M0000092IxKUAU",
      "lastModifiedById": "00541000003Aq3qAAC",
      "lastModifiedByName": "Jessica Deal",
      "lastModifiedDate": "2019-07-10T14:54:39.000Z",
      "manageableState": "unmanaged",
      "type": "QuickAction"
    },
    {
      "createdById": "00541000002RzrVAAS",
      "createdByName": "Salesforce CPQ",
      "createdDate": "2018-11-09T06:57:43.000Z",
      "fileName": "quickActions/Opportunity.CreateOrderLightning.quickAction",
      "fullName": "Opportunity.CreateOrderLightning",
      "id": "09D41000006XZbdEAG",
      "lastModifiedById": "00541000002RzrVAAS",
      "lastModifiedByName": "Salesforce CPQ",
      "lastModifiedDate": "2018-11-09T06:57:43.000Z",
      "manageableState": "installed",
      "namespacePrefix": "SBQQ",
      "type": "QuickAction"
    },
    {
      "createdById": "00541000001bEDeAAM",
      "createdByName": "Eric Reo",
      "createdDate": "2016-12-22T15:47:21.000Z",
      "fileName": "quickActions/Task.UpdateStatus_1.quickAction",
      "fullName": "Task.UpdateStatus_1",
      "id": "09D41000006uJdHEAU",
      "lastModifiedById": "00541000001bEDeAAM",
      "lastModifiedByName": "Eric Reo",
      "lastModifiedDate": "2016-12-22T15:47:21.000Z",
      "manageableState": "unmanaged",
      "type": "QuickAction"
    },
    {
      "createdById": "00541000001bEDeAAM",
      "createdByName": "Eric Reo",
      "createdDate": "2016-12-22T15:47:53.000Z",
      "fileName": "quickActions/Task.Defer_4.quickAction",
      "fullName": "Task.Defer_4",
      "id": "09D41000006uJhQEAU",
      "lastModifiedById": "00541000001bEDeAAM",
      "lastModifiedByName": "Eric Reo",
      "lastModifiedDate": "2016-12-22T15:47:53.000Z",
      "manageableState": "unmanaged",
      "type": "QuickAction"
    },
    {
      "createdById": "00541000000jJacAAE",
      "createdByName": "salesforce.com, inc.",
      "createdDate": "2016-12-22T15:47:21.000Z",
      "fileName": "quickActions/NewCase.quickAction",
      "fullName": "NewCase",
      "id": "09D41000006uJdbEAE",
      "lastModifiedById": "00541000000jJacAAE",
      "lastModifiedByName": "salesforce.com, inc.",
      "lastModifiedDate": "2016-12-22T15:47:21.000Z",
      "manageableState": "unmanaged",
      "type": "QuickAction"
    },
    {
      "createdById": "0053f000000Ze23AAC",
      "createdByName": "Will Burke",
      "createdDate": "2019-09-13T23:38:27.000Z",
      "fileName": "quickActions/Case.New_Comment.quickAction",
      "fullName": "Case.New_Comment",
      "id": "09D3f000000004GEAQ",
      "lastModifiedById": "0053f000000Ze23AAC",
      "lastModifiedByName": "Will Burke",
      "lastModifiedDate": "2019-09-13T23:38:27.000Z",
      "manageableState": "unmanaged",
      "type": "QuickAction"
    },
    {
      "createdById": "00541000003Aq3qAAC",
      "createdByName": "Jessica Deal",
      "createdDate": "2017-06-01T19:46:39.000Z",
      "fileName": "quickActions/Support_Request.quickAction",
      "fullName": "Support_Request",
      "id": "09D410000098pgiEAA",
      "lastModifiedById": "00541000003Aq3qAAC",
      "lastModifiedByName": "Jessica Deal",
      "lastModifiedDate": "2017-07-10T21:12:29.000Z",
      "manageableState": "unmanaged",
      "type": "QuickAction"
    },
    {
      "createdById": "00541000002RzogAAC",
      "createdByName": "Jessica Russotto",
      "createdDate": "2017-07-24T23:18:34.000Z",
      "fileName": "quickActions/Emergency_Quote_Request__c.New_Quote.quickAction",
      "fullName": "Emergency_Quote_Request__c.New_Quote",
      "id": "09D410000098x4DEAQ",
      "lastModifiedById": "0053f0000019P7FAAU",
      "lastModifiedByName": "Simplus Admin",
      "lastModifiedDate": "2021-02-08T23:11:57.000Z",
      "manageableState": "unmanaged",
      "type": "QuickAction"
    },
    {
      "createdById": "0053f00000145zgAAA",
      "createdByName": "Nathan Wylder",
      "createdDate": "2021-03-04T22:13:11.000Z",
      "fileName": "quickActions/Lead.LeadDocuSignAction.quickAction",
      "fullName": "Lead.LeadDocuSignAction",
      "id": "09D3f000000fxZVEAY",
      "lastModifiedById": "0053f00000145zgAAA",
      "lastModifiedByName": "Nathan Wylder",
      "lastModifiedDate": "2021-03-04T22:14:24.000Z",
      "manageableState": "installed",
      "namespacePrefix": "dsfs",
      "type": "QuickAction"
    },
    {
      "createdById": "0053f0000019P7FAAU",
      "createdByName": "Simplus Admin",
      "createdDate": "2021-07-31T00:01:20.000Z",
      "fileName": "quickActions/NewADSMExicanaProject.quickAction",
      "fullName": "NewADSMExicanaProject",
      "id": "09D3f000000fxsEEAQ",
      "lastModifiedById": "0053f0000019P7FAAU",
      "lastModifiedByName": "Simplus Admin",
      "lastModifiedDate": "2021-07-31T00:07:05.000Z",
      "manageableState": "unmanaged",
      "type": "QuickAction"
    },
    {
      "createdById": "005410000065SDyAAM",
      "createdByName": "Cole Baughn",
      "createdDate": "2018-10-12T21:17:00.000Z",
      "fileName": "quickActions/Account.New_Small_Project_Quote.quickAction",
      "fullName": "Account.New_Small_Project_Quote",
      "id": "09D41000006XYJREA4",
      "lastModifiedById": "00541000003Aq3qAAC",
      "lastModifiedByName": "Jessica Deal",
      "lastModifiedDate": "2019-04-05T14:00:58.000Z",
      "manageableState": "unmanaged",
      "type": "QuickAction"
    },
    {
      "createdById": "00541000003Aq3qAAC",
      "createdByName": "Jessica Deal",
      "createdDate": "2019-08-26T18:35:39.000Z",
      "fileName": "quickActions/Opportunity.Attach_Plan.quickAction",
      "fullName": "Opportunity.Attach_Plan",
      "id": "09D3f000000000tEAA",
      "lastModifiedById": "00541000004SyXBAA0",
      "lastModifiedByName": "Zack Patrick",
      "lastModifiedDate": "2022-08-25T18:11:13.000Z",
      "manageableState": "unmanaged",
      "type": "QuickAction"
    },
    {
      "createdById": "00541000003Aq3qAAC",
      "createdByName": "Jessica Deal",
      "createdDate": "2017-06-01T19:46:36.000Z",
      "fileName": "quickActions/Account.New_Project.quickAction",
      "fullName": "Account.New_Project",
      "id": "09D410000098pgPEAQ",
      "lastModifiedById": "005410000065SDyAAM",
      "lastModifiedByName": "Cole Baughn",
      "lastModifiedDate": "2018-10-12T21:17:00.000Z",
      "manageableState": "unmanaged",
      "type": "QuickAction"
    },
    {
      "createdById": "0053f000000Ze23AAC",
      "createdByName": "Will Burke",
      "createdDate": "2019-09-24T17:19:55.000Z",
      "fileName": "quickActions/Case.No_Response.quickAction",
      "fullName": "Case.No_Response",
      "id": "09D3f0000000050EAA",
      "lastModifiedById": "0053f000000Ze23AAC",
      "lastModifiedByName": "Will Burke",
      "lastModifiedDate": "2019-09-24T17:19:55.000Z",
      "manageableState": "unmanaged",
      "type": "QuickAction"
    },
    {
      "createdById": "00541000003Aq3qAAC",
      "createdByName": "Jessica Deal",
      "createdDate": "2017-07-31T21:39:19.000Z",
      "fileName": "quickActions/Case.Send_Close_Case_Email.quickAction",
      "fullName": "Case.Send_Close_Case_Email",
      "id": "09D410000098xjKEAQ",
      "lastModifiedById": "00541000004SMkpAAG",
      "lastModifiedByName": "SFDC Support",
      "lastModifiedDate": "2018-03-09T23:01:03.000Z",
      "manageableState": "unmanaged",
      "type": "QuickAction"
    },
    {
      "createdById": "00541000000jJacAAE",
      "createdByName": "salesforce.com, inc.",
      "createdDate": "2016-12-22T15:47:21.000Z",
      "fileName": "quickActions/Task.Defer_0.quickAction",
      "fullName": "Task.Defer_0",
      "id": "09D41000006uJdKEAU",
      "lastModifiedById": "00541000000jJacAAE",
      "lastModifiedByName": "salesforce.com, inc.",
      "lastModifiedDate": "2016-12-22T15:47:21.000Z",
      "manageableState": "unmanaged",
      "type": "QuickAction"
    },
    {
      "createdById": "0053f000000Ze23AAC",
      "createdByName": "Will Burke",
      "createdDate": "2019-09-13T23:38:27.000Z",
      "fileName": "quickActions/Case.New_Task.quickAction",
      "fullName": "Case.New_Task",
      "id": "09D3f000000004HEAQ",
      "lastModifiedById": "0053f000000Ze23AAC",
      "lastModifiedByName": "Will Burke",
      "lastModifiedDate": "2019-09-13T23:38:27.000Z",
      "manageableState": "unmanaged",
      "type": "QuickAction"
    },
    {
      "createdById": "0053f00000145zgAAA",
      "createdByName": "Nathan Wylder",
      "createdDate": "2021-03-04T22:13:11.000Z",
      "fileName": "quickActions/Contact.ContactDocuSignAction.quickAction",
      "fullName": "Contact.ContactDocuSignAction",
      "id": "09D3f000000fxZTEAY",
      "lastModifiedById": "0053f00000145zgAAA",
      "lastModifiedByName": "Nathan Wylder",
      "lastModifiedDate": "2021-03-04T22:14:24.000Z",
      "manageableState": "installed",
      "namespacePrefix": "dsfs",
      "type": "QuickAction"
    },
    {
      "createdById": "00541000001bEDeAAM",
      "createdByName": "Eric Reo",
      "createdDate": "2016-12-22T15:47:21.000Z",
      "fileName": "quickActions/Task.UpdatePriority_1.quickAction",
      "fullName": "Task.UpdatePriority_1",
      "id": "09D41000006uJdIEAU",
      "lastModifiedById": "00541000001bEDeAAM",
      "lastModifiedByName": "Eric Reo",
      "lastModifiedDate": "2016-12-22T15:47:21.000Z",
      "manageableState": "unmanaged",
      "type": "QuickAction"
    },
    {
      "createdById": "00541000004SMkpAAG",
      "createdByName": "SFDC Support",
      "createdDate": "2020-10-31T00:01:51.000Z",
      "fileName": "quickActions/SBQQ__QuoteDocument__c.Email_Quote.quickAction",
      "fullName": "SBQQ__QuoteDocument__c.Email_Quote",
      "id": "09D3f00000000YlEAI",
      "lastModifiedById": "00541000004SMkpAAG",
      "lastModifiedByName": "SFDC Support",
      "lastModifiedDate": "2020-10-31T00:01:51.000Z",
      "manageableState": "unmanaged",
      "type": "QuickAction"
    },
    {
      "createdById": "00541000001bEDeAAM",
      "createdByName": "Eric Reo",
      "createdDate": "2016-12-22T15:47:53.000Z",
      "fileName": "quickActions/Task.UpdateStatus_4.quickAction",
      "fullName": "Task.UpdateStatus_4",
      "id": "09D41000006uJhREAU",
      "lastModifiedById": "00541000001bEDeAAM",
      "lastModifiedByName": "Eric Reo",
      "lastModifiedDate": "2016-12-22T15:47:53.000Z",
      "manageableState": "unmanaged",
      "type": "QuickAction"
    },
    {
      "createdById": "0053f0000016G9aAAE",
      "createdByName": "Levi Kurtright",
      "createdDate": "2020-11-19T15:23:30.000Z",
      "fileName": "quickActions/Opportunity.SubmitMobile.quickAction",
      "fullName": "Opportunity.SubmitMobile",
      "id": "09D3f00000000aIEAQ",
      "lastModifiedById": "0053f0000016G9aAAE",
      "lastModifiedByName": "Levi Kurtright",
      "lastModifiedDate": "2020-11-19T15:23:58.000Z",
      "manageableState": "installed",
      "namespacePrefix": "sbaa",
      "type": "QuickAction"
    },
    {
      "createdById": "00541000000jJacAAE",
      "createdByName": "salesforce.com, inc.",
      "createdDate": "2016-12-22T15:47:21.000Z",
      "fileName": "quickActions/CollaborationGroup.NewGroupMember.quickAction",
      "fullName": "CollaborationGroup.NewGroupMember",
      "id": "09D41000006uJdXEAU",
      "lastModifiedById": "00541000000jJacAAE",
      "lastModifiedByName": "salesforce.com, inc.",
      "lastModifiedDate": "2016-12-22T15:47:21.000Z",
      "manageableState": "unmanaged",
      "type": "QuickAction"
    },
    {
      "createdById": "00541000001bEDeAAM",
      "createdByName": "Eric Reo",
      "createdDate": "2016-12-22T15:47:21.000Z",
      "fileName": "quickActions/Task.UpdatePriority.quickAction",
      "fullName": "Task.UpdatePriority",
      "id": "09D41000006uJdQEAU",
      "lastModifiedById": "00541000001bEDeAAM",
      "lastModifiedByName": "Eric Reo",
      "lastModifiedDate": "2016-12-22T15:47:21.000Z",
      "manageableState": "unmanaged",
      "type": "QuickAction"
    },
    {
      "createdById": "0053f00000145zgAAA",
      "createdByName": "Nathan Wylder",
      "createdDate": "2021-03-04T22:13:11.000Z",
      "fileName": "quickActions/dsfs__EnvelopeConfiguration__c.Save.quickAction",
      "fullName": "dsfs__EnvelopeConfiguration__c.Save",
      "id": "09D3f000000fxZUEAY",
      "lastModifiedById": "0053f00000145zgAAA",
      "lastModifiedByName": "Nathan Wylder",
      "lastModifiedDate": "2021-03-04T22:13:11.000Z",
      "manageableState": "installed",
      "namespacePrefix": "dsfs",
      "type": "QuickAction"
    },
    {
      "createdById": "00541000003Aq3qAAC",
      "createdByName": "Jessica Deal",
      "createdDate": "2017-06-01T19:46:36.000Z",
      "fileName": "quickActions/Case.New_Quote.quickAction",
      "fullName": "Case.New_Quote",
      "id": "09D410000098pgSEAQ",
      "lastModifiedById": "00541000004SyXBAA0",
      "lastModifiedByName": "Zack Patrick",
      "lastModifiedDate": "2020-12-02T21:45:22.000Z",
      "manageableState": "unmanaged",
      "type": "QuickAction"
    },
    {
      "createdById": "00541000003Aq3qAAC",
      "createdByName": "Jessica Deal",
      "createdDate": "2017-06-01T19:46:38.000Z",
      "fileName": "quickActions/Opportunity.Qualify_Project.quickAction",
      "fullName": "Opportunity.Qualify_Project",
      "id": "09D410000098pgdEAA",
      "lastModifiedById": "00541000003Aq3qAAC",
      "lastModifiedByName": "Jessica Deal",
      "lastModifiedDate": "2017-07-10T21:12:29.000Z",
      "manageableState": "unmanaged",
      "type": "QuickAction"
    },
    {
      "createdById": "00541000004SMkpAAG",
      "createdByName": "SFDC Support",
      "createdDate": "2020-04-04T00:18:08.000Z",
      "fileName": "quickActions/Account.New_Quality_Feedback.quickAction",
      "fullName": "Account.New_Quality_Feedback",
      "id": "09D3f00000000HLEAY",
      "lastModifiedById": "00541000004SMkpAAG",
      "lastModifiedByName": "SFDC Support",
      "lastModifiedDate": "2020-05-29T22:10:18.000Z",
      "manageableState": "unmanaged",
      "type": "QuickAction"
    },
    {
      "createdById": "00541000003Aq3qAAC",
      "createdByName": "Jessica Deal",
      "createdDate": "2017-06-01T19:46:37.000Z",
      "fileName": "quickActions/Case.Project_Review_Form.quickAction",
      "fullName": "Case.Project_Review_Form",
      "id": "09D410000098pgUEAQ",
      "lastModifiedById": "00541000004SyXBAA0",
      "lastModifiedByName": "Zack Patrick",
      "lastModifiedDate": "2022-10-04T14:25:41.000Z",
      "manageableState": "unmanaged",
      "type": "QuickAction"
    },
    {
      "createdById": "005410000064gGzAAI",
      "createdByName": "Daniel Adler",
      "createdDate": "2018-07-09T21:18:57.000Z",
      "fileName": "quickActions/Opportunity.EngineeringServiceRequests.quickAction",
      "fullName": "Opportunity.EngineeringServiceRequests",
      "id": "09D41000009PJz6EAG",
      "lastModifiedById": "00541000004SMkpAAG",
      "lastModifiedByName": "SFDC Support",
      "lastModifiedDate": "2018-10-12T21:39:33.000Z",
      "manageableState": "unmanaged",
      "type": "QuickAction"
    },
    {
      "createdById": "0053f00000145zgAAA",
      "createdByName": "Nathan Wylder",
      "createdDate": "2020-02-07T15:36:36.000Z",
      "fileName": "quickActions/Account.Add_to_Nurture_List.quickAction",
      "fullName": "Account.Add_to_Nurture_List",
      "id": "09D3f00000000AeEAI",
      "lastModifiedById": "0053f00000145zgAAA",
      "lastModifiedByName": "Nathan Wylder",
      "lastModifiedDate": "2020-02-07T15:37:11.000Z",
      "manageableState": "installed",
      "namespacePrefix": "pi",
      "type": "QuickAction"
    },
    {
      "createdById": "0053f00000145zgAAA",
      "createdByName": "Nathan Wylder",
      "createdDate": "2022-09-22T19:59:08.000Z",
      "fileName": "quickActions/Customer_Feedback.quickAction",
      "fullName": "Customer_Feedback",
      "id": "09D54000008nkgvEAA",
      "lastModifiedById": "0053f00000145zgAAA",
      "lastModifiedByName": "Nathan Wylder",
      "lastModifiedDate": "2022-09-30T12:38:22.000Z",
      "manageableState": "unmanaged",
      "type": "QuickAction"
    },
    {
      "createdById": "00541000000jJacAAE",
      "createdByName": "salesforce.com, inc.",
      "createdDate": "2016-12-22T15:47:21.000Z",
      "fileName": "quickActions/NewLead.quickAction",
      "fullName": "NewLead",
      "id": "09D41000006uJdUEAU",
      "lastModifiedById": "00541000000jJacAAE",
      "lastModifiedByName": "salesforce.com, inc.",
      "lastModifiedDate": "2016-12-22T15:47:21.000Z",
      "manageableState": "unmanaged",
      "type": "QuickAction"
    },
    {
      "createdById": "00541000003Aq3qAAC",
      "createdByName": "Jessica Deal",
      "createdDate": "2017-06-01T19:46:39.000Z",
      "fileName": "quickActions/SBQQ__Quote__c.Create_a_Contact.quickAction",
      "fullName": "SBQQ__Quote__c.Create_a_Contact",
      "id": "09D410000098pggEAA",
      "lastModifiedById": "00541000003Aq3qAAC",
      "lastModifiedByName": "Jessica Deal",
      "lastModifiedDate": "2017-06-01T19:46:39.000Z",
      "manageableState": "unmanaged",
      "type": "QuickAction"
    },
    {
      "createdById": "00541000003Aq3qAAC",
      "createdByName": "Jessica Deal",
      "createdDate": "2017-06-01T19:46:36.000Z",
      "fileName": "quickActions/Case.Plan_Review_Form.quickAction",
      "fullName": "Case.Plan_Review_Form",
      "id": "09D410000098pgTEAQ",
      "lastModifiedById": "00541000003Aq3qAAC",
      "lastModifiedByName": "Jessica Deal",
      "lastModifiedDate": "2017-06-01T19:46:36.000Z",
      "manageableState": "unmanaged",
      "type": "QuickAction"
    },
    {
      "createdById": "00541000004SyXBAA0",
      "createdByName": "Zack Patrick",
      "createdDate": "2021-02-09T21:51:49.000Z",
      "fileName": "quickActions/Amend_Request.quickAction",
      "fullName": "Amend_Request",
      "id": "09D3f00000000h9EAA",
      "lastModifiedById": "00541000004SyXBAA0",
      "lastModifiedByName": "Zack Patrick",
      "lastModifiedDate": "2021-02-09T21:51:49.000Z",
      "manageableState": "unmanaged",
      "type": "QuickAction"
    },
    {
      "createdById": "00541000004SMkpAAG",
      "createdByName": "SFDC Support",
      "createdDate": "2018-02-13T01:25:51.000Z",
      "fileName": "quickActions/Opportunity.Pricing_Analyses.quickAction",
      "fullName": "Opportunity.Pricing_Analyses",
      "id": "09D41000006XO7REAW",
      "lastModifiedById": "00541000004SMkpAAG",
      "lastModifiedByName": "SFDC Support",
      "lastModifiedDate": "2018-02-13T01:25:51.000Z",
      "manageableState": "unmanaged",
      "type": "QuickAction"
    },
    {
      "createdById": "00541000003Aq3qAAC",
      "createdByName": "Jessica Deal",
      "createdDate": "2019-04-09T18:51:53.000Z",
      "fileName": "quickActions/Account.Ag_Project.quickAction",
      "fullName": "Account.Ag_Project",
      "id": "09D2M000006XbV7UAK",
      "lastModifiedById": "00541000003Aq3qAAC",
      "lastModifiedByName": "Jessica Deal",
      "lastModifiedDate": "2019-04-09T18:51:53.000Z",
      "manageableState": "unmanaged",
      "type": "QuickAction"
    },
    {
      "createdById": "00541000002RzpjAAC",
      "createdByName": "Dylan Gerow",
      "createdDate": "2017-03-31T15:14:52.000Z",
      "fileName": "quickActions/NewTask.quickAction",
      "fullName": "NewTask",
      "id": "09D41000008rLvyEAE",
      "lastModifiedById": "00541000002RzpjAAC",
      "lastModifiedByName": "Dylan Gerow",
      "lastModifiedDate": "2017-03-31T15:14:52.000Z",
      "manageableState": "installed",
      "namespacePrefix": "SBQQ",
      "type": "QuickAction"
    },
    {
      "createdById": "00541000000jJacAAE",
      "createdByName": "salesforce.com, inc.",
      "createdDate": "2016-12-22T15:47:21.000Z",
      "fileName": "quickActions/Task.UpdatePriority_0.quickAction",
      "fullName": "Task.UpdatePriority_0",
      "id": "09D41000006uJdMEAU",
      "lastModifiedById": "00541000000jJacAAE",
      "lastModifiedByName": "salesforce.com, inc.",
      "lastModifiedDate": "2016-12-22T15:47:21.000Z",
      "manageableState": "unmanaged",
      "type": "QuickAction"
    },
    {
      "createdById": "00541000003Aq3qAAC",
      "createdByName": "Jessica Deal",
      "createdDate": "2017-06-01T19:46:39.000Z",
      "fileName": "quickActions/Quote.Request_Pricing.quickAction",
      "fullName": "Quote.Request_Pricing",
      "id": "09D410000098pgfEAA",
      "lastModifiedById": "00541000003Aq3qAAC",
      "lastModifiedByName": "Jessica Deal",
      "lastModifiedDate": "2017-06-01T19:46:39.000Z",
      "manageableState": "unmanaged",
      "type": "QuickAction"
    },
    {
      "createdById": "0053f000000Ze23AAC",
      "createdByName": "Will Burke",
      "createdDate": "2019-09-13T23:38:27.000Z",
      "fileName": "quickActions/Case.Outbound_Call.quickAction",
      "fullName": "Case.Outbound_Call",
      "id": "09D3f000000004IEAQ",
      "lastModifiedById": "0053f000000Ze23AAC",
      "lastModifiedByName": "Will Burke",
      "lastModifiedDate": "2019-09-13T23:38:27.000Z",
      "manageableState": "unmanaged",
      "type": "QuickAction"
    },
    {
      "createdById": "0053f000000qKaxAAE",
      "createdByName": "Rajasekhar Vempati",
      "createdDate": "2022-10-28T15:06:24.000Z",
      "fileName": "quickActions/SBQQ__Quote__c.Import_Lines_Cust.quickAction",
      "fullName": "SBQQ__Quote__c.Import_Lines_Cust",
      "id": "09D54000008npf3EAA",
      "lastModifiedById": "0053f000000qKaxAAE",
      "lastModifiedByName": "Rajasekhar Vempati",
      "lastModifiedDate": "2022-10-28T15:06:24.000Z",
      "manageableState": "unmanaged",
      "type": "QuickAction"
    },
    {
      "createdById": "0053f000000Ze23AAC",
      "createdByName": "Will Burke",
      "createdDate": "2019-09-13T23:38:26.000Z",
      "fileName": "quickActions/Case.Close_Case.quickAction",
      "fullName": "Case.Close_Case",
      "id": "09D3f000000004EEAQ",
      "lastModifiedById": "0053f000000Ze23AAC",
      "lastModifiedByName": "Will Burke",
      "lastModifiedDate": "2019-09-13T23:38:26.000Z",
      "manageableState": "unmanaged",
      "type": "QuickAction"
    },
    {
      "createdById": "00541000001bEDeAAM",
      "createdByName": "Eric Reo",
      "createdDate": "2016-12-22T15:47:21.000Z",
      "fileName": "quickActions/Task.Defer_2.quickAction",
      "fullName": "Task.Defer_2",
      "id": "09D41000006uJdCEAU",
      "lastModifiedById": "00541000001bEDeAAM",
      "lastModifiedByName": "Eric Reo",
      "lastModifiedDate": "2016-12-22T15:47:21.000Z",
      "manageableState": "unmanaged",
      "type": "QuickAction"
    },
    {
      "createdById": "00541000001bEDeAAM",
      "createdByName": "Eric Reo",
      "createdDate": "2016-12-22T15:47:53.000Z",
      "fileName": "quickActions/Task.UpdatePriority_4.quickAction",
      "fullName": "Task.UpdatePriority_4",
      "id": "09D41000006uJhSEAU",
      "lastModifiedById": "00541000001bEDeAAM",
      "lastModifiedByName": "Eric Reo",
      "lastModifiedDate": "2016-12-22T15:47:53.000Z",
      "manageableState": "unmanaged",
      "type": "QuickAction"
    },
    {
      "createdById": "00541000003Aq3qAAC",
      "createdByName": "Jessica Deal",
      "createdDate": "2017-06-01T19:46:36.000Z",
      "fileName": "quickActions/Case.Chamber_Design_Layout.quickAction",
      "fullName": "Case.Chamber_Design_Layout",
      "id": "09D410000098pgREAQ",
      "lastModifiedById": "00541000003Aq3qAAC",
      "lastModifiedByName": "Jessica Deal",
      "lastModifiedDate": "2017-06-01T19:46:36.000Z",
      "manageableState": "unmanaged",
      "type": "QuickAction"
    },
    {
      "createdById": "00541000004SyXBAA0",
      "createdByName": "Zack Patrick",
      "createdDate": "2021-02-09T21:51:50.000Z",
      "fileName": "quickActions/SBQQ__Quote__c.Amend_Approval.quickAction",
      "fullName": "SBQQ__Quote__c.Amend_Approval",
      "id": "09D3f00000000hAEAQ",
      "lastModifiedById": "00541000004SyXBAA0",
      "lastModifiedByName": "Zack Patrick",
      "lastModifiedDate": "2021-04-09T23:32:02.000Z",
      "manageableState": "unmanaged",
      "type": "QuickAction"
    },
    {
      "createdById": "00541000000jJacAAE",
      "createdByName": "salesforce.com, inc.",
      "createdDate": "2016-12-22T15:47:21.000Z",
      "fileName": "quickActions/NewGroup.quickAction",
      "fullName": "NewGroup",
      "id": "09D41000006uJdcEAE",
      "lastModifiedById": "00541000000jJacAAE",
      "lastModifiedByName": "salesforce.com, inc.",
      "lastModifiedDate": "2016-12-22T15:47:21.000Z",
      "manageableState": "unmanaged",
      "type": "QuickAction"
    },
    {
      "createdById": "00541000003Aq3qAAC",
      "createdByName": "Jessica Deal",
      "createdDate": "2017-06-07T23:21:24.000Z",
      "fileName": "quickActions/Case.Emergency_Quote_Request.quickAction",
      "fullName": "Case.Emergency_Quote_Request",
      "id": "09D410000098rsmEAA",
      "lastModifiedById": "00541000002RzogAAC",
      "lastModifiedByName": "Jessica Russotto",
      "lastModifiedDate": "2017-07-24T23:18:33.000Z",
      "manageableState": "unmanaged",
      "type": "QuickAction"
    },
    {
      "createdById": "0053f000000Ze23AAC",
      "createdByName": "Will Burke",
      "createdDate": "2019-09-13T23:38:26.000Z",
      "fileName": "quickActions/Account.View_Account.quickAction",
      "fullName": "Account.View_Account",
      "id": "09D3f000000004DEAQ",
      "lastModifiedById": "0053f000000Ze23AAC",
      "lastModifiedByName": "Will Burke",
      "lastModifiedDate": "2019-09-13T23:38:26.000Z",
      "manageableState": "unmanaged",
      "type": "QuickAction"
    },
    {
      "createdById": "00541000003Aq3qAAC",
      "createdByName": "Jessica Deal",
      "createdDate": "2017-06-01T19:46:38.000Z",
      "fileName": "quickActions/Opportunity.Quote_Request.quickAction",
      "fullName": "Opportunity.Quote_Request",
      "id": "09D410000098pgeEAA",
      "lastModifiedById": "00541000003Aq3qAAC",
      "lastModifiedByName": "Jessica Deal",
      "lastModifiedDate": "2017-06-01T19:46:38.000Z",
      "manageableState": "unmanaged",
      "type": "QuickAction"
    },
    {
      "createdById": "00541000003Aq3qAAC",
      "createdByName": "Jessica Deal",
      "createdDate": "2017-07-10T21:12:29.000Z",
      "fileName": "quickActions/SBQQ__Quote__c.Approval_Request.quickAction",
      "fullName": "SBQQ__Quote__c.Approval_Request",
      "id": "09D410000098vmjEAA",
      "lastModifiedById": "00541000003Aq3qAAC",
      "lastModifiedByName": "Jessica Deal",
      "lastModifiedDate": "2017-07-10T21:12:29.000Z",
      "manageableState": "unmanaged",
      "type": "QuickAction"
    },
    {
      "createdById": "00541000001bEDeAAM",
      "createdByName": "Eric Reo",
      "createdDate": "2016-12-22T15:47:21.000Z",
      "fileName": "quickActions/Campaign.Child_Campaign.quickAction",
      "fullName": "Campaign.Child_Campaign",
      "id": "09D41000006uJdREAU",
      "lastModifiedById": "00541000001bEDeAAM",
      "lastModifiedByName": "Eric Reo",
      "lastModifiedDate": "2016-12-22T15:47:21.000Z",
      "manageableState": "unmanaged",
      "type": "QuickAction"
    },
    {
      "createdById": "0053f00000145zgAAA",
      "createdByName": "Nathan Wylder",
      "createdDate": "2021-04-03T00:21:55.000Z",
      "fileName": "quickActions/SBQQ__Quote__c.ADS_Send_to_Oracle.quickAction",
      "fullName": "SBQQ__Quote__c.ADS_Send_to_Oracle",
      "id": "09D3f000000fxkUEAQ",
      "lastModifiedById": "0053f00000145zgAAA",
      "lastModifiedByName": "Nathan Wylder",
      "lastModifiedDate": "2021-04-03T00:21:55.000Z",
      "manageableState": "unmanaged",
      "type": "QuickAction"
    },
    {
      "createdById": "00541000000jJabAAE",
      "createdByName": "Automated Process",
      "createdDate": "2017-02-11T20:18:07.000Z",
      "fileName": "quickActions/SendEmail.quickAction",
      "fullName": "SendEmail",
      "id": "09D41000008r2MPEAY",
      "lastModifiedById": "00541000003Aq3qAAC",
      "lastModifiedByName": "Jessica Deal",
      "lastModifiedDate": "2017-07-31T21:39:21.000Z",
      "manageableState": "unmanaged",
      "type": "QuickAction"
    },
    {
      "createdById": "00541000001bEDeAAM",
      "createdByName": "Eric Reo",
      "createdDate": "2016-12-22T15:47:53.000Z",
      "fileName": "quickActions/Task.EditDescription_4.quickAction",
      "fullName": "Task.EditDescription_4",
      "id": "09D41000006uJhPEAU",
      "lastModifiedById": "00541000001bEDeAAM",
      "lastModifiedByName": "Eric Reo",
      "lastModifiedDate": "2016-12-22T15:47:53.000Z",
      "manageableState": "unmanaged",
      "type": "QuickAction"
    },
    {
      "createdById": "00541000003Aq3qAAC",
      "createdByName": "Jessica Deal",
      "createdDate": "2017-06-01T19:46:38.000Z",
      "fileName": "quickActions/Opportunity.New_Contact_Role.quickAction",
      "fullName": "Opportunity.New_Contact_Role",
      "id": "09D410000098pgaEAA",
      "lastModifiedById": "00541000003Aq3qAAC",
      "lastModifiedByName": "Jessica Deal",
      "lastModifiedDate": "2017-07-10T21:12:28.000Z",
      "manageableState": "unmanaged",
      "type": "QuickAction"
    },
    {
      "createdById": "00541000003Aq3qAAC",
      "createdByName": "Jessica Deal",
      "createdDate": "2017-06-07T23:21:24.000Z",
      "fileName": "quickActions/Opportunity.Emergency_Quote_Request.quickAction",
      "fullName": "Opportunity.Emergency_Quote_Request",
      "id": "09D410000098rsnEAA",
      "lastModifiedById": "00541000002RzogAAC",
      "lastModifiedByName": "Jessica Russotto",
      "lastModifiedDate": "2017-07-24T23:18:34.000Z",
      "manageableState": "unmanaged",
      "type": "QuickAction"
    },
    {
      "createdById": "00541000003Aq3qAAC",
      "createdByName": "Jessica Deal",
      "createdDate": "2017-06-01T19:46:39.000Z",
      "fileName": "quickActions/SBQQ__Quote__c.Pricing_Request.quickAction",
      "fullName": "SBQQ__Quote__c.Pricing_Request",
      "id": "09D410000098pghEAA",
      "lastModifiedById": "00541000003Aq3qAAC",
      "lastModifiedByName": "Jessica Deal",
      "lastModifiedDate": "2017-07-10T21:12:29.000Z",
      "manageableState": "unmanaged",
      "type": "QuickAction"
    },
    {
      "createdById": "00541000004SMkpAAG",
      "createdByName": "SFDC Support",
      "createdDate": "2020-04-04T00:18:08.000Z",
      "fileName": "quickActions/Create_Quality_Feedback_Global.quickAction",
      "fullName": "Create_Quality_Feedback_Global",
      "id": "09D3f00000000HMEAY",
      "lastModifiedById": "00541000004SMkpAAG",
      "lastModifiedByName": "SFDC Support",
      "lastModifiedDate": "2020-05-29T22:10:18.000Z",
      "manageableState": "unmanaged",
      "type": "QuickAction"
    },
    {
      "createdById": "00541000001bEDeAAM",
      "createdByName": "Eric Reo",
      "createdDate": "2016-12-22T15:47:21.000Z",
      "fileName": "quickActions/Task.Defer_3.quickAction",
      "fullName": "Task.Defer_3",
      "id": "09D41000006uJd8EAE",
      "lastModifiedById": "00541000001bEDeAAM",
      "lastModifiedByName": "Eric Reo",
      "lastModifiedDate": "2016-12-22T15:47:21.000Z",
      "manageableState": "unmanaged",
      "type": "QuickAction"
    },
    {
      "createdById": "00541000001bEDeAAM",
      "createdByName": "Eric Reo",
      "createdDate": "2016-12-22T15:47:21.000Z",
      "fileName": "quickActions/Task.UpdateStatus_2.quickAction",
      "fullName": "Task.UpdateStatus_2",
      "id": "09D41000006uJdDEAU",
      "lastModifiedById": "00541000001bEDeAAM",
      "lastModifiedByName": "Eric Reo",
      "lastModifiedDate": "2016-12-22T15:47:21.000Z",
      "manageableState": "unmanaged",
      "type": "QuickAction"
    },
    {
      "createdById": "00541000003Aq3qAAC",
      "createdByName": "Jessica Deal",
      "createdDate": "2019-03-29T14:59:08.000Z",
      "fileName": "quickActions/Quality_Feedback.quickAction",
      "fullName": "Quality_Feedback",
      "id": "09D2M000006XbTpUAK",
      "lastModifiedById": "00541000003Aq3qAAC",
      "lastModifiedByName": "Jessica Deal",
      "lastModifiedDate": "2019-03-29T14:59:08.000Z",
      "manageableState": "unmanaged",
      "type": "QuickAction"
    },
    {
      "createdById": "00541000001bEDeAAM",
      "createdByName": "Eric Reo",
      "createdDate": "2016-12-22T15:47:21.000Z",
      "fileName": "quickActions/Task.Defer.quickAction",
      "fullName": "Task.Defer",
      "id": "09D41000006uJdOEAU",
      "lastModifiedById": "00541000001bEDeAAM",
      "lastModifiedByName": "Eric Reo",
      "lastModifiedDate": "2016-12-22T15:47:21.000Z",
      "manageableState": "unmanaged",
      "type": "QuickAction"
    },
    {
      "createdById": "00541000001bEDeAAM",
      "createdByName": "Eric Reo",
      "createdDate": "2016-12-22T15:47:21.000Z",
      "fileName": "quickActions/Task.UpdateStatus_3.quickAction",
      "fullName": "Task.UpdateStatus_3",
      "id": "09D41000006uJd9EAE",
      "lastModifiedById": "00541000001bEDeAAM",
      "lastModifiedByName": "Eric Reo",
      "lastModifiedDate": "2016-12-22T15:47:21.000Z",
      "manageableState": "unmanaged",
      "type": "QuickAction"
    },
    {
      "createdById": "0053f00000145zgAAA",
      "createdByName": "Nathan Wylder",
      "createdDate": "2021-03-04T22:13:11.000Z",
      "fileName": "quickActions/Opportunity.OpportunityDocuSignAction.quickAction",
      "fullName": "Opportunity.OpportunityDocuSignAction",
      "id": "09D3f000000fxZWEAY",
      "lastModifiedById": "0053f00000145zgAAA",
      "lastModifiedByName": "Nathan Wylder",
      "lastModifiedDate": "2021-03-04T22:14:24.000Z",
      "manageableState": "installed",
      "namespacePrefix": "dsfs",
      "type": "QuickAction"
    },
    {
      "createdById": "00541000001bEDeAAM",
      "createdByName": "Eric Reo",
      "createdDate": "2016-12-22T15:47:21.000Z",
      "fileName": "quickActions/Task.Defer_1.quickAction",
      "fullName": "Task.Defer_1",
      "id": "09D41000006uJdGEAU",
      "lastModifiedById": "00541000001bEDeAAM",
      "lastModifiedByName": "Eric Reo",
      "lastModifiedDate": "2016-12-22T15:47:21.000Z",
      "manageableState": "unmanaged",
      "type": "QuickAction"
    },
    {
      "createdById": "0053f000000Ze23AAC",
      "createdByName": "Will Burke",
      "createdDate": "2019-09-13T23:38:27.000Z",
      "fileName": "quickActions/Contact.New_Support_Case.quickAction",
      "fullName": "Contact.New_Support_Case",
      "id": "09D3f000000004LEAQ",
      "lastModifiedById": "0053f000000Ze23AAC",
      "lastModifiedByName": "Will Burke",
      "lastModifiedDate": "2019-09-13T23:38:27.000Z",
      "manageableState": "unmanaged",
      "type": "QuickAction"
    },
    {
      "createdById": "0053f0000016G9aAAE",
      "createdByName": "Levi Kurtright",
      "createdDate": "2020-11-19T15:23:29.000Z",
      "fileName": "quickActions/sbaa__Approval__c.ResendRequestMobile.quickAction",
      "fullName": "sbaa__Approval__c.ResendRequestMobile",
      "id": "09D3f00000000aGEAQ",
      "lastModifiedById": "0053f0000016G9aAAE",
      "lastModifiedByName": "Levi Kurtright",
      "lastModifiedDate": "2020-11-19T15:23:58.000Z",
      "manageableState": "installed",
      "namespacePrefix": "sbaa",
      "type": "QuickAction"
    },
    {
      "createdById": "00541000004SyXBAA0",
      "createdByName": "Zack Patrick",
      "createdDate": "2022-10-10T20:15:30.000Z",
      "fileName": "quickActions/Web_Submission_Case.quickAction",
      "fullName": "Web_Submission_Case",
      "id": "09D54000008nnFrEAI",
      "lastModifiedById": "0053f00000145zgAAA",
      "lastModifiedByName": "Nathan Wylder",
      "lastModifiedDate": "2022-10-10T21:03:07.000Z",
      "manageableState": "unmanaged",
      "type": "QuickAction"
    },
    {
      "createdById": "0053f00000145zgAAA",
      "createdByName": "Nathan Wylder",
      "createdDate": "2020-03-09T14:14:49.000Z",
      "fileName": "quickActions/Support__c.Reopen_Support_Ticket.quickAction",
      "fullName": "Support__c.Reopen_Support_Ticket",
      "id": "09D3f00000000G3EAI",
      "lastModifiedById": "0053f00000145zgAAA",
      "lastModifiedByName": "Nathan Wylder",
      "lastModifiedDate": "2020-03-09T14:14:49.000Z",
      "manageableState": "unmanaged",
      "type": "QuickAction"
    },
    {
      "createdById": "00541000003Aq3qAAC",
      "createdByName": "Jessica Deal",
      "createdDate": "2017-06-01T19:46:37.000Z",
      "fileName": "quickActions/Contact.New_Contact.quickAction",
      "fullName": "Contact.New_Contact",
      "id": "09D410000098pgXEAQ",
      "lastModifiedById": "00541000003Aq3qAAC",
      "lastModifiedByName": "Jessica Deal",
      "lastModifiedDate": "2017-06-01T19:46:37.000Z",
      "manageableState": "unmanaged",
      "type": "QuickAction"
    },
    {
      "createdById": "00541000000jJacAAE",
      "createdByName": "salesforce.com, inc.",
      "createdDate": "2016-12-22T15:47:21.000Z",
      "fileName": "quickActions/Case.NewChildCase.quickAction",
      "fullName": "Case.NewChildCase",
      "id": "09D41000006uJd6EAE",
      "lastModifiedById": "0053f000000Ze23AAC",
      "lastModifiedByName": "Will Burke",
      "lastModifiedDate": "2019-09-13T23:38:26.000Z",
      "manageableState": "unmanaged",
      "type": "QuickAction"
    },
    {
      "createdById": "00541000002RzpjAAC",
      "createdByName": "Dylan Gerow",
      "createdDate": "2017-03-31T15:14:52.000Z",
      "fileName": "quickActions/NewContact.quickAction",
      "fullName": "NewContact",
      "id": "09D41000008rLvuEAE",
      "lastModifiedById": "00541000002RzpjAAC",
      "lastModifiedByName": "Dylan Gerow",
      "lastModifiedDate": "2017-03-31T15:14:52.000Z",
      "manageableState": "installed",
      "namespacePrefix": "SBQQ",
      "type": "QuickAction"
    },
    {
      "createdById": "00541000003Aq3qAAC",
      "createdByName": "Jessica Deal",
      "createdDate": "2017-06-01T19:46:38.000Z",
      "fileName": "quickActions/New_Customer_Account.quickAction",
      "fullName": "New_Customer_Account",
      "id": "09D410000098pgZEAQ",
      "lastModifiedById": "00541000003Aq3qAAC",
      "lastModifiedByName": "Jessica Deal",
      "lastModifiedDate": "2019-06-04T18:07:17.000Z",
      "manageableState": "unmanaged",
      "type": "QuickAction"
    },
    {
      "createdById": "00541000004SyXBAA0",
      "createdByName": "Zack Patrick",
      "createdDate": "2022-05-05T19:26:50.000Z",
      "fileName": "quickActions/New_Item_Request.quickAction",
      "fullName": "New_Item_Request",
      "id": "09D3f000000TNTEEA4",
      "lastModifiedById": "00541000004SyXBAA0",
      "lastModifiedByName": "Zack Patrick",
      "lastModifiedDate": "2022-05-05T19:26:50.000Z",
      "manageableState": "unmanaged",
      "type": "QuickAction"
    },
    {
      "createdById": "00541000000jJacAAE",
      "createdByName": "salesforce.com, inc.",
      "createdDate": "2016-12-22T15:47:21.000Z",
      "fileName": "quickActions/Task.EditDescription_0.quickAction",
      "fullName": "Task.EditDescription_0",
      "id": "09D41000006uJdJEAU",
      "lastModifiedById": "00541000000jJacAAE",
      "lastModifiedByName": "salesforce.com, inc.",
      "lastModifiedDate": "2016-12-22T15:47:21.000Z",
      "manageableState": "unmanaged",
      "type": "QuickAction"
    },
    {
      "createdById": "0053f000000Ze23AAC",
      "createdByName": "Will Burke",
      "createdDate": "2019-09-13T23:38:27.000Z",
      "fileName": "quickActions/Case.Spam.quickAction",
      "fullName": "Case.Spam",
      "id": "09D3f000000004JEAQ",
      "lastModifiedById": "0053f000000Ze23AAC",
      "lastModifiedByName": "Will Burke",
      "lastModifiedDate": "2019-09-13T23:38:27.000Z",
      "manageableState": "unmanaged",
      "type": "QuickAction"
    },
    {
      "createdById": "00541000000jJacAAE",
      "createdByName": "salesforce.com, inc.",
      "createdDate": "2016-12-22T15:47:21.000Z",
      "fileName": "quickActions/NewTask.quickAction",
      "fullName": "NewTask",
      "id": "09D41000006uJd4EAE",
      "lastModifiedById": "00541000003Aq3qAAC",
      "lastModifiedByName": "Jessica Deal",
      "lastModifiedDate": "2017-06-01T19:46:38.000Z",
      "manageableState": "unmanaged",
      "type": "QuickAction"
    },
    {
      "createdById": "00541000002RzpjAAC",
      "createdByName": "Dylan Gerow",
      "createdDate": "2017-07-31T16:24:31.000Z",
      "fileName": "quickActions/Case.SendEmail.quickAction",
      "fullName": "Case.SendEmail",
      "id": "09D410000098xgoEAA",
      "lastModifiedById": "00541000002RzpjAAC",
      "lastModifiedByName": "Dylan Gerow",
      "lastModifiedDate": "2017-07-31T16:24:31.000Z",
      "manageableState": "unmanaged",
      "type": "QuickAction"
    },
    {
      "createdById": "00541000001bEDeAAM",
      "createdByName": "Eric Reo",
      "createdDate": "2016-12-22T15:47:21.000Z",
      "fileName": "quickActions/Task.UpdateStatus.quickAction",
      "fullName": "Task.UpdateStatus",
      "id": "09D41000006uJdPEAU",
      "lastModifiedById": "00541000001bEDeAAM",
      "lastModifiedByName": "Eric Reo",
      "lastModifiedDate": "2016-12-22T15:47:21.000Z",
      "manageableState": "unmanaged",
      "type": "QuickAction"
    },
    {
      "createdById": "00541000002RzpjAAC",
      "createdByName": "Dylan Gerow",
      "createdDate": "2017-03-31T15:14:52.000Z",
      "fileName": "quickActions/NewEvent.quickAction",
      "fullName": "NewEvent",
      "id": "09D41000008rLvvEAE",
      "lastModifiedById": "00541000002RzpjAAC",
      "lastModifiedByName": "Dylan Gerow",
      "lastModifiedDate": "2017-03-31T15:14:52.000Z",
      "manageableState": "installed",
      "namespacePrefix": "SBQQ",
      "type": "QuickAction"
    },
    {
      "createdById": "00541000000jJacAAE",
      "createdByName": "salesforce.com, inc.",
      "createdDate": "2016-12-22T15:47:21.000Z",
      "fileName": "quickActions/NewContact.quickAction",
      "fullName": "NewContact",
      "id": "09D41000006uJdSEAU",
      "lastModifiedById": "00541000003Aq3qAAC",
      "lastModifiedByName": "Jessica Deal",
      "lastModifiedDate": "2019-06-05T15:17:39.000Z",
      "manageableState": "unmanaged",
      "type": "QuickAction"
    },
    {
      "createdById": "0053f00000145zgAAA",
      "createdByName": "Nathan Wylder",
      "createdDate": "2020-02-07T15:36:37.000Z",
      "fileName": "quickActions/Contact.Add_to_Nurture_List.quickAction",
      "fullName": "Contact.Add_to_Nurture_List",
      "id": "09D3f00000000AfEAI",
      "lastModifiedById": "0053f00000145zgAAA",
      "lastModifiedByName": "Nathan Wylder",
      "lastModifiedDate": "2020-02-07T15:37:11.000Z",
      "manageableState": "installed",
      "namespacePrefix": "pi",
      "type": "QuickAction"
    },
    {
      "createdById": "00541000001bEDeAAM",
      "createdByName": "Eric Reo",
      "createdDate": "2016-12-22T15:47:21.000Z",
      "fileName": "quickActions/Task.EditDescription_3.quickAction",
      "fullName": "Task.EditDescription_3",
      "id": "09D41000006uJd7EAE",
      "lastModifiedById": "00541000001bEDeAAM",
      "lastModifiedByName": "Eric Reo",
      "lastModifiedDate": "2016-12-22T15:47:21.000Z",
      "manageableState": "unmanaged",
      "type": "QuickAction"
    },
    {
      "createdById": "00541000004SMkpAAG",
      "createdByName": "SFDC Support",
      "createdDate": "2020-10-03T00:10:19.000Z",
      "fileName": "quickActions/Case.New_Project.quickAction",
      "fullName": "Case.New_Project",
      "id": "09D3f00000000W1EAI",
      "lastModifiedById": "00541000004SMkpAAG",
      "lastModifiedByName": "SFDC Support",
      "lastModifiedDate": "2020-10-03T00:10:19.000Z",
      "manageableState": "unmanaged",
      "type": "QuickAction"
    },
    {
      "createdById": "0053f00000145zgAAA",
      "createdByName": "Nathan Wylder",
      "createdDate": "2022-09-29T15:12:01.000Z",
      "fileName": "quickActions/Case.RMA_Credit.quickAction",
      "fullName": "Case.RMA_Credit",
      "id": "09D54000008nliIEAQ",
      "lastModifiedById": "0053f00000145zgAAA",
      "lastModifiedByName": "Nathan Wylder",
      "lastModifiedDate": "2022-09-29T15:12:01.000Z",
      "manageableState": "unmanaged",
      "type": "QuickAction"
    },
    {
      "createdById": "0053f000000Ze23AAC",
      "createdByName": "Will Burke",
      "createdDate": "2019-09-13T23:38:26.000Z",
      "fileName": "quickActions/Case.Inbound_Call.quickAction",
      "fullName": "Case.Inbound_Call",
      "id": "09D3f000000004FEAQ",
      "lastModifiedById": "0053f000000Ze23AAC",
      "lastModifiedByName": "Will Burke",
      "lastModifiedDate": "2019-09-13T23:38:26.000Z",
      "manageableState": "unmanaged",
      "type": "QuickAction"
    },
    {
      "createdById": "00541000002RzpjAAC",
      "createdByName": "Dylan Gerow",
      "createdDate": "2017-03-31T15:14:52.000Z",
      "fileName": "quickActions/LogACall.quickAction",
      "fullName": "LogACall",
      "id": "09D41000008rLvsEAE",
      "lastModifiedById": "00541000002RzpjAAC",
      "lastModifiedByName": "Dylan Gerow",
      "lastModifiedDate": "2017-03-31T15:14:52.000Z",
      "manageableState": "installed",
      "namespacePrefix": "SBQQ",
      "type": "QuickAction"
    },
    {
      "createdById": "005410000064gGzAAI",
      "createdByName": "Daniel Adler",
      "createdDate": "2018-07-09T21:18:56.000Z",
      "fileName": "quickActions/Case.CloneCaseL.quickAction",
      "fullName": "Case.CloneCaseL",
      "id": "09D41000009PJz5EAG",
      "lastModifiedById": "005410000064gGzAAI",
      "lastModifiedByName": "Daniel Adler",
      "lastModifiedDate": "2018-07-09T21:18:56.000Z",
      "manageableState": "unmanaged",
      "type": "QuickAction"
    },
    {
      "createdById": "00541000002RzrVAAS",
      "createdByName": "Salesforce CPQ",
      "createdDate": "2018-11-09T06:57:43.000Z",
      "fileName": "quickActions/SBQQ__Quote__c.CreateOrderLightning.quickAction",
      "fullName": "SBQQ__Quote__c.CreateOrderLightning",
      "id": "09D41000006XZbeEAG",
      "lastModifiedById": "00541000002RzrVAAS",
      "lastModifiedByName": "Salesforce CPQ",
      "lastModifiedDate": "2018-11-09T06:57:43.000Z",
      "manageableState": "installed",
      "namespacePrefix": "SBQQ",
      "type": "QuickAction"
    },
    {
      "createdById": "0053f000000Ze23AAC",
      "createdByName": "Will Burke",
      "createdDate": "2019-09-13T23:38:27.000Z",
      "fileName": "quickActions/New_Support_Case.quickAction",
      "fullName": "New_Support_Case",
      "id": "09D3f000000004MEAQ",
      "lastModifiedById": "0053f000000Ze23AAC",
      "lastModifiedByName": "Will Burke",
      "lastModifiedDate": "2019-09-13T23:38:27.000Z",
      "manageableState": "unmanaged",
      "type": "QuickAction"
    },
    {
      "createdById": "0053f0000016G9aAAE",
      "createdByName": "Levi Kurtright",
      "createdDate": "2020-11-30T20:18:11.000Z",
      "fileName": "quickActions/SBQQ__Quote__c.Amend_Quote_QA.quickAction",
      "fullName": "SBQQ__Quote__c.Amend_Quote_QA",
      "id": "09D3f00000000cEEAQ",
      "lastModifiedById": "00541000004SyXBAA0",
      "lastModifiedByName": "Zack Patrick",
      "lastModifiedDate": "2021-04-09T23:32:02.000Z",
      "manageableState": "unmanaged",
      "type": "QuickAction"
    },
    {
      "createdById": "0053f000000U5CCAA0",
      "createdByName": "Pooja Dendukoori",
      "createdDate": "2022-09-28T13:40:30.000Z",
      "fileName": "quickActions/New_Marketing_Request.quickAction",
      "fullName": "New_Marketing_Request",
      "id": "09D54000008nlTjEAI",
      "lastModifiedById": "0053f000000qKaxAAE",
      "lastModifiedByName": "Rajasekhar Vempati",
      "lastModifiedDate": "2022-10-17T14:31:46.000Z",
      "manageableState": "unmanaged",
      "type": "QuickAction"
    },
    {
      "createdById": "00541000004SyXBAA0",
      "createdByName": "Zack Patrick",
      "createdDate": "2021-12-17T01:04:10.000Z",
      "fileName": "quickActions/Case.New_Sizing_Request.quickAction",
      "fullName": "Case.New_Sizing_Request",
      "id": "09D3f000000PBmoEAG",
      "lastModifiedById": "0053f00000145zgAAA",
      "lastModifiedByName": "Nathan Wylder",
      "lastModifiedDate": "2022-09-22T19:59:08.000Z",
      "manageableState": "unmanaged",
      "type": "QuickAction"
    },
    {
      "createdById": "00541000002RzpjAAC",
      "createdByName": "Dylan Gerow",
      "createdDate": "2017-03-31T15:14:52.000Z",
      "fileName": "quickActions/NewCase.quickAction",
      "fullName": "NewCase",
      "id": "09D41000008rLvtEAE",
      "lastModifiedById": "00541000002RzpjAAC",
      "lastModifiedByName": "Dylan Gerow",
      "lastModifiedDate": "2017-03-31T15:14:52.000Z",
      "manageableState": "installed",
      "namespacePrefix": "SBQQ",
      "type": "QuickAction"
    },
    {
      "createdById": "00541000001bEDeAAM",
      "createdByName": "Eric Reo",
      "createdDate": "2016-12-22T15:47:21.000Z",
      "fileName": "quickActions/Account.Child_Account.quickAction",
      "fullName": "Account.Child_Account",
      "id": "09D41000006uJdZEAU",
      "lastModifiedById": "00541000001bEDeAAM",
      "lastModifiedByName": "Eric Reo",
      "lastModifiedDate": "2016-12-22T15:47:21.000Z",
      "manageableState": "unmanaged",
      "type": "QuickAction"
    }
  ]
}