{
  "status": 0,
  "result": [
    {
      "createdById": "0053f00000145zgAAA",
      "createdByName": "Nathan Wylder",
      "createdDate": "2021-03-04T22:13:58.000Z",
      "fileName": "remoteSiteSettings/dsfs__ProductionNA1.remoteSite",
      "fullName": "dsfs__ProductionNA1",
      "id": "0rp3f00000001ghAAA",
      "lastModifiedById": "0053f00000145zgAAA",
      "lastModifiedByName": "Nathan Wylder",
      "lastModifiedDate": "2021-03-04T22:13:58.000Z",
      "manageableState": "installed",
      "namespacePrefix": "dsfs",
      "type": "RemoteSiteSetting"
    },
    {
      "createdById": "00541000002RzpjAAC",
      "createdByName": "Dylan Gerow",
      "createdDate": "2017-06-05T14:37:29.000Z",
      "fileName": "remoteSiteSettings/dlrs_mdapi.remoteSite",
      "fullName": "dlrs_mdapi",
      "id": "0rp41000000Ep9bAAC",
      "lastModifiedById": "00541000002RzpjAAC",
      "lastModifiedByName": "Dylan Gerow",
      "lastModifiedDate": "2017-06-05T14:37:29.000Z",
      "manageableState": "unmanaged",
      "type": "RemoteSiteSetting"
    },
    {
      "createdById": "0053f00000145zgAAA",
      "createdByName": "Nathan Wylder",
      "createdDate": "2021-04-09T16:07:35.000Z",
      "fileName": "remoteSiteSettings/Mulesoft_UAT.remoteSite",
      "fullName": "Mulesoft_UAT",
      "id": "0rp3f00000001haAAA",
      "lastModifiedById": "0053f00000145zgAAA",
      "lastModifiedByName": "Nathan Wylder",
      "lastModifiedDate": "2021-04-09T16:07:35.000Z",
      "manageableState": "unmanaged",
      "type": "RemoteSiteSetting"
    },
    {
      "createdById": "0053f00000145zgAAA",
      "createdByName": "Nathan Wylder",
      "createdDate": "2021-03-04T22:13:58.000Z",
      "fileName": "remoteSiteSettings/dsfs__ProductionAU.remoteSite",
      "fullName": "dsfs__ProductionAU",
      "id": "0rp3f00000001gdAAA",
      "lastModifiedById": "0053f00000145zgAAA",
      "lastModifiedByName": "Nathan Wylder",
      "lastModifiedDate": "2021-03-04T22:13:58.000Z",
      "manageableState": "installed",
      "namespacePrefix": "dsfs",
      "type": "RemoteSiteSetting"
    },
    {
      "createdById": "00541000004SyXBAA0",
      "createdByName": "Zack Patrick",
      "createdDate": "2020-02-29T01:12:02.000Z",
      "fileName": "remoteSiteSettings/Mulesoft.remoteSite",
      "fullName": "Mulesoft",
      "id": "0rp3f0000008OTIAA2",
      "lastModifiedById": "00541000004SyXBAA0",
      "lastModifiedByName": "Zack Patrick",
      "lastModifiedDate": "2022-10-07T15:08:43.000Z",
      "manageableState": "unmanaged",
      "type": "RemoteSiteSetting"
    },
    {
      "createdById": "00541000002RzpjAAC",
      "createdByName": "Dylan Gerow",
      "createdDate": "2017-05-02T15:29:21.000Z",
      "fileName": "remoteSiteSettings/SBQQ__RestJP.remoteSite",
      "fullName": "SBQQ__RestJP",
      "id": "0rp41000000ElhGAAS",
      "lastModifiedById": "00541000002RzpjAAC",
      "lastModifiedByName": "Dylan Gerow",
      "lastModifiedDate": "2017-05-02T15:29:21.000Z",
      "manageableState": "installed",
      "namespacePrefix": "SBQQ",
      "type": "RemoteSiteSetting"
    },
    {
      "createdById": "0053f00000145zgAAA",
      "createdByName": "Nathan Wylder",
      "createdDate": "2021-03-04T22:13:58.000Z",
      "fileName": "remoteSiteSettings/dsfs__ProductionNA2.remoteSite",
      "fullName": "dsfs__ProductionNA2",
      "id": "0rp3f00000001giAAA",
      "lastModifiedById": "0053f00000145zgAAA",
      "lastModifiedByName": "Nathan Wylder",
      "lastModifiedDate": "2021-03-04T22:13:58.000Z",
      "manageableState": "installed",
      "namespacePrefix": "dsfs",
      "type": "RemoteSiteSetting"
    },
    {
      "createdById": "00541000002RzpjAAC",
      "createdByName": "Dylan Gerow",
      "createdDate": "2017-06-23T17:26:07.000Z",
      "fileName": "remoteSiteSettings/SBQQ__ProposalsShield.remoteSite",
      "fullName": "SBQQ__ProposalsShield",
      "id": "0rp41000000Eqw0AAC",
      "lastModifiedById": "00541000002RzpjAAC",
      "lastModifiedByName": "Dylan Gerow",
      "lastModifiedDate": "2017-06-23T17:26:07.000Z",
      "manageableState": "installed",
      "namespacePrefix": "SBQQ",
      "type": "RemoteSiteSetting"
    },
    {
      "createdById": "00541000002RzpjAAC",
      "createdByName": "Dylan Gerow",
      "createdDate": "2017-05-02T15:29:20.000Z",
      "fileName": "remoteSiteSettings/SBQQ__ProposalsNA.remoteSite",
      "fullName": "SBQQ__ProposalsNA",
      "id": "0rp41000000ElhDAAS",
      "lastModifiedById": "00541000002RzpjAAC",
      "lastModifiedByName": "Dylan Gerow",
      "lastModifiedDate": "2017-05-02T15:29:20.000Z",
      "manageableState": "installed",
      "namespacePrefix": "SBQQ",
      "type": "RemoteSiteSetting"
    },
    {
      "createdById": "0053f00000145zgAAA",
      "createdByName": "Nathan Wylder",
      "createdDate": "2021-03-04T22:13:58.000Z",
      "fileName": "remoteSiteSettings/dsfs__ProductionNA4.remoteSite",
      "fullName": "dsfs__ProductionNA4",
      "id": "0rp3f00000001gkAAA",
      "lastModifiedById": "0053f00000145zgAAA",
      "lastModifiedByName": "Nathan Wylder",
      "lastModifiedDate": "2021-03-04T22:13:58.000Z",
      "manageableState": "installed",
      "namespacePrefix": "dsfs",
      "type": "RemoteSiteSetting"
    },
    {
      "createdById": "0053f00000145zgAAA",
      "createdByName": "Nathan Wylder",
      "createdDate": "2021-03-04T22:20:36.000Z",
      "fileName": "remoteSiteSettings/Salesforce.remoteSite",
      "fullName": "Salesforce",
      "id": "0rp3f00000001gmAAA",
      "lastModifiedById": "0053f00000145zgAAA",
      "lastModifiedByName": "Nathan Wylder",
      "lastModifiedDate": "2022-09-27T18:36:32.000Z",
      "manageableState": "unmanaged",
      "type": "RemoteSiteSetting"
    },
    {
      "createdById": "00541000002RzpjAAC",
      "createdByName": "Dylan Gerow",
      "createdDate": "2017-05-02T15:29:20.000Z",
      "fileName": "remoteSiteSettings/SBQQ__ProposalsJP.remoteSite",
      "fullName": "SBQQ__ProposalsJP",
      "id": "0rp41000000ElhCAAS",
      "lastModifiedById": "00541000002RzpjAAC",
      "lastModifiedByName": "Dylan Gerow",
      "lastModifiedDate": "2017-05-02T15:29:20.000Z",
      "manageableState": "installed",
      "namespacePrefix": "SBQQ",
      "type": "RemoteSiteSetting"
    },
    {
      "createdById": "00541000002RzpjAAC",
      "createdByName": "Dylan Gerow",
      "createdDate": "2017-05-02T15:29:20.000Z",
      "fileName": "remoteSiteSettings/SBQQ__ProposalsEU.remoteSite",
      "fullName": "SBQQ__ProposalsEU",
      "id": "0rp41000000ElhBAAS",
      "lastModifiedById": "00541000002RzpjAAC",
      "lastModifiedByName": "Dylan Gerow",
      "lastModifiedDate": "2017-05-02T15:29:20.000Z",
      "manageableState": "installed",
      "namespacePrefix": "SBQQ",
      "type": "RemoteSiteSetting"
    },
    {
      "createdById": "00541000002RzpjAAC",
      "createdByName": "Dylan Gerow",
      "createdDate": "2017-03-31T15:16:59.000Z",
      "fileName": "remoteSiteSettings/SBQQ__SteelBrickServices.remoteSite",
      "fullName": "SBQQ__SteelBrickServices",
      "id": "0rp410000000X0tAAE",
      "lastModifiedById": "00541000002RzpjAAC",
      "lastModifiedByName": "Dylan Gerow",
      "lastModifiedDate": "2017-03-31T15:16:59.000Z",
      "manageableState": "installed",
      "namespacePrefix": "SBQQ",
      "type": "RemoteSiteSetting"
    },
    {
      "createdById": "0053f00000145zgAAA",
      "createdByName": "Nathan Wylder",
      "createdDate": "2021-03-04T22:13:58.000Z",
      "fileName": "remoteSiteSettings/dsfs__ProductionCA.remoteSite",
      "fullName": "dsfs__ProductionCA",
      "id": "0rp3f00000001geAAA",
      "lastModifiedById": "0053f00000145zgAAA",
      "lastModifiedByName": "Nathan Wylder",
      "lastModifiedDate": "2021-03-04T22:13:58.000Z",
      "manageableState": "installed",
      "namespacePrefix": "dsfs",
      "type": "RemoteSiteSetting"
    },
    {
      "createdById": "00541000002RzrVAAS",
      "createdByName": "Salesforce CPQ",
      "createdDate": "2018-11-09T06:12:32.000Z",
      "fileName": "remoteSiteSettings/SBQQ__RestSbAU.remoteSite",
      "fullName": "SBQQ__RestSbAU",
      "id": "0rp41000000aWvGAAU",
      "lastModifiedById": "00541000002RzrVAAS",
      "lastModifiedByName": "Salesforce CPQ",
      "lastModifiedDate": "2018-11-09T06:12:32.000Z",
      "manageableState": "installed",
      "namespacePrefix": "SBQQ",
      "type": "RemoteSiteSetting"
    },
    {
      "createdById": "00541000002RzrVAAS",
      "createdByName": "Salesforce CPQ",
      "createdDate": "2018-11-09T06:12:32.000Z",
      "fileName": "remoteSiteSettings/SBQQ__RestSbEU.remoteSite",
      "fullName": "SBQQ__RestSbEU",
      "id": "0rp41000000aWvHAAU",
      "lastModifiedById": "00541000002RzrVAAS",
      "lastModifiedByName": "Salesforce CPQ",
      "lastModifiedDate": "2018-11-09T06:12:32.000Z",
      "manageableState": "installed",
      "namespacePrefix": "SBQQ",
      "type": "RemoteSiteSetting"
    },
    {
      "createdById": "0053f00000145zgAAA",
      "createdByName": "Nathan Wylder",
      "createdDate": "2021-03-04T22:13:58.000Z",
      "fileName": "remoteSiteSettings/dsfs__Demo.remoteSite",
      "fullName": "dsfs__Demo",
      "id": "0rp3f00000001gcAAA",
      "lastModifiedById": "0053f00000145zgAAA",
      "lastModifiedByName": "Nathan Wylder",
      "lastModifiedDate": "2021-03-04T22:13:58.000Z",
      "manageableState": "installed",
      "namespacePrefix": "dsfs",
      "type": "RemoteSiteSetting"
    },
    {
      "createdById": "00541000002RzrVAAS",
      "createdByName": "Salesforce CPQ",
      "createdDate": "2018-11-09T06:12:32.000Z",
      "fileName": "remoteSiteSettings/SBQQ__OAuthLogin.remoteSite",
      "fullName": "SBQQ__OAuthLogin",
      "id": "0rp41000000aWvEAAU",
      "lastModifiedById": "00541000002RzrVAAS",
      "lastModifiedByName": "Salesforce CPQ",
      "lastModifiedDate": "2018-11-09T06:12:32.000Z",
      "manageableState": "installed",
      "namespacePrefix": "SBQQ",
      "type": "RemoteSiteSetting"
    },
    {
      "createdById": "0053f00000145zgAAA",
      "createdByName": "Nathan Wylder",
      "createdDate": "2020-02-07T15:36:55.000Z",
      "fileName": "remoteSiteSettings/pi__PardotDemo.remoteSite",
      "fullName": "pi__PardotDemo",
      "id": "0rp3f0000008OQnAAM",
      "lastModifiedById": "0053f00000145zgAAA",
      "lastModifiedByName": "Nathan Wylder",
      "lastModifiedDate": "2020-02-07T15:36:55.000Z",
      "manageableState": "installed",
      "namespacePrefix": "pi",
      "type": "RemoteSiteSetting"
    },
    {
      "createdById": "0053f00000145zgAAA",
      "createdByName": "Nathan Wylder",
      "createdDate": "2021-03-04T22:13:58.000Z",
      "fileName": "remoteSiteSettings/dsfs__ProductionNA3.remoteSite",
      "fullName": "dsfs__ProductionNA3",
      "id": "0rp3f00000001gjAAA",
      "lastModifiedById": "0053f00000145zgAAA",
      "lastModifiedByName": "Nathan Wylder",
      "lastModifiedDate": "2021-03-04T22:13:58.000Z",
      "manageableState": "installed",
      "namespacePrefix": "dsfs",
      "type": "RemoteSiteSetting"
    },
    {
      "createdById": "0053f00000145zgAAA",
      "createdByName": "Nathan Wylder",
      "createdDate": "2021-03-04T22:13:58.000Z",
      "fileName": "remoteSiteSettings/dsfs__ProductionFED.remoteSite",
      "fullName": "dsfs__ProductionFED",
      "id": "0rp3f00000001ggAAA",
      "lastModifiedById": "0053f00000145zgAAA",
      "lastModifiedByName": "Nathan Wylder",
      "lastModifiedDate": "2021-03-04T22:13:58.000Z",
      "manageableState": "installed",
      "namespacePrefix": "dsfs",
      "type": "RemoteSiteSetting"
    },
    {
      "createdById": "00541000002RzpjAAC",
      "createdByName": "Dylan Gerow",
      "createdDate": "2017-07-10T21:44:02.000Z",
      "fileName": "remoteSiteSettings/ADS_SOA_D_Pricing_Service.remoteSite",
      "fullName": "ADS_SOA_D_Pricing_Service",
      "id": "0rp41000000EsQVAA0",
      "lastModifiedById": "00541000002RzpjAAC",
      "lastModifiedByName": "Dylan Gerow",
      "lastModifiedDate": "2017-07-10T21:44:02.000Z",
      "manageableState": "unmanaged",
      "type": "RemoteSiteSetting"
    },
    {
      "createdById": "00541000003Aq3qAAC",
      "createdByName": "Jessica Deal",
      "createdDate": "2017-07-10T21:14:03.000Z",
      "fileName": "remoteSiteSettings/ADS_SOA_T_Pricing_Service.remoteSite",
      "fullName": "ADS_SOA_T_Pricing_Service",
      "id": "0rp41000000EsQHAA0",
      "lastModifiedById": "00541000003Aq3qAAC",
      "lastModifiedByName": "Jessica Deal",
      "lastModifiedDate": "2017-07-10T21:14:03.000Z",
      "manageableState": "unmanaged",
      "type": "RemoteSiteSetting"
    },
    {
      "createdById": "0053f00000145zgAAA",
      "createdByName": "Nathan Wylder",
      "createdDate": "2020-02-07T15:36:55.000Z",
      "fileName": "remoteSiteSettings/pi__PardotProd.remoteSite",
      "fullName": "pi__PardotProd",
      "id": "0rp3f0000008OQoAAM",
      "lastModifiedById": "0053f00000145zgAAA",
      "lastModifiedByName": "Nathan Wylder",
      "lastModifiedDate": "2020-02-07T15:36:55.000Z",
      "manageableState": "installed",
      "namespacePrefix": "pi",
      "type": "RemoteSiteSetting"
    },
    {
      "createdById": "0053f00000145zgAAA",
      "createdByName": "Nathan Wylder",
      "createdDate": "2021-03-04T22:13:58.000Z",
      "fileName": "remoteSiteSettings/dsfs__ProductionEU.remoteSite",
      "fullName": "dsfs__ProductionEU",
      "id": "0rp3f00000001gfAAA",
      "lastModifiedById": "0053f00000145zgAAA",
      "lastModifiedByName": "Nathan Wylder",
      "lastModifiedDate": "2021-03-04T22:13:58.000Z",
      "manageableState": "installed",
      "namespacePrefix": "dsfs",
      "type": "RemoteSiteSetting"
    },
    {
      "createdById": "00541000002RzpjAAC",
      "createdByName": "Dylan Gerow",
      "createdDate": "2017-07-10T17:35:30.000Z",
      "fileName": "remoteSiteSettings/SBQQ__RestNA2.remoteSite",
      "fullName": "SBQQ__RestNA2",
      "id": "0rp41000000EsOeAAK",
      "lastModifiedById": "00541000002RzpjAAC",
      "lastModifiedByName": "Dylan Gerow",
      "lastModifiedDate": "2017-07-10T17:35:30.000Z",
      "manageableState": "installed",
      "namespacePrefix": "SBQQ",
      "type": "RemoteSiteSetting"
    },
    {
      "createdById": "0053f00000145zgAAA",
      "createdByName": "Nathan Wylder",
      "createdDate": "2021-11-05T16:05:57.000Z",
      "fileName": "remoteSiteSettings/FieldTracker2.remoteSite",
      "fullName": "FieldTracker2",
      "id": "0rp3f000000TNVoAAO",
      "lastModifiedById": "0053f00000145zgAAA",
      "lastModifiedByName": "Nathan Wylder",
      "lastModifiedDate": "2021-11-10T16:36:51.000Z",
      "manageableState": "unmanaged",
      "type": "RemoteSiteSetting"
    },
    {
      "createdById": "00541000002RzpjAAC",
      "createdByName": "Dylan Gerow",
      "createdDate": "2017-05-02T15:29:20.000Z",
      "fileName": "remoteSiteSettings/SBQQ__ProposalsAU.remoteSite",
      "fullName": "SBQQ__ProposalsAU",
      "id": "0rp41000000ElhAAAS",
      "lastModifiedById": "00541000002RzpjAAC",
      "lastModifiedByName": "Dylan Gerow",
      "lastModifiedDate": "2017-05-02T15:29:20.000Z",
      "manageableState": "installed",
      "namespacePrefix": "SBQQ",
      "type": "RemoteSiteSetting"
    },
    {
      "createdById": "00541000002RzpjAAC",
      "createdByName": "Dylan Gerow",
      "createdDate": "2017-03-31T15:16:59.000Z",
      "fileName": "remoteSiteSettings/SBQQ__BrickRest.remoteSite",
      "fullName": "SBQQ__BrickRest",
      "id": "0rp410000000X0sAAE",
      "lastModifiedById": "00541000002RzpjAAC",
      "lastModifiedByName": "Dylan Gerow",
      "lastModifiedDate": "2017-03-31T15:16:59.000Z",
      "manageableState": "installed",
      "namespacePrefix": "SBQQ",
      "type": "RemoteSiteSetting"
    },
    {
      "createdById": "00541000002RzrVAAS",
      "createdByName": "Salesforce CPQ",
      "createdDate": "2018-11-09T06:12:32.000Z",
      "fileName": "remoteSiteSettings/SBQQ__RestSbShield.remoteSite",
      "fullName": "SBQQ__RestSbShield",
      "id": "0rp41000000aWvKAAU",
      "lastModifiedById": "00541000002RzrVAAS",
      "lastModifiedByName": "Salesforce CPQ",
      "lastModifiedDate": "2018-11-09T06:12:32.000Z",
      "manageableState": "installed",
      "namespacePrefix": "SBQQ",
      "type": "RemoteSiteSetting"
    },
    {
      "createdById": "00541000003Aq3qAAC",
      "createdByName": "Jessica Deal",
      "createdDate": "2017-07-10T21:14:03.000Z",
      "fileName": "remoteSiteSettings/ADS_SOA_P_Pricing_Service.remoteSite",
      "fullName": "ADS_SOA_P_Pricing_Service",
      "id": "0rp41000000EsQGAA0",
      "lastModifiedById": "00541000002RzpjAAC",
      "lastModifiedByName": "Dylan Gerow",
      "lastModifiedDate": "2017-07-10T21:43:25.000Z",
      "manageableState": "unmanaged",
      "type": "RemoteSiteSetting"
    },
    {
      "createdById": "00541000002RzpjAAC",
      "createdByName": "Dylan Gerow",
      "createdDate": "2017-05-02T15:29:20.000Z",
      "fileName": "remoteSiteSettings/SBQQ__RestAU.remoteSite",
      "fullName": "SBQQ__RestAU",
      "id": "0rp41000000ElhEAAS",
      "lastModifiedById": "00541000002RzpjAAC",
      "lastModifiedByName": "Dylan Gerow",
      "lastModifiedDate": "2017-05-02T15:29:20.000Z",
      "manageableState": "installed",
      "namespacePrefix": "SBQQ",
      "type": "RemoteSiteSetting"
    },
    {
      "createdById": "00541000002RzrVAAS",
      "createdByName": "Salesforce CPQ",
      "createdDate": "2018-11-09T06:12:32.000Z",
      "fileName": "remoteSiteSettings/SBQQ__RestSbJP.remoteSite",
      "fullName": "SBQQ__RestSbJP",
      "id": "0rp41000000aWvIAAU",
      "lastModifiedById": "00541000002RzrVAAS",
      "lastModifiedByName": "Salesforce CPQ",
      "lastModifiedDate": "2018-11-09T06:12:32.000Z",
      "manageableState": "installed",
      "namespacePrefix": "SBQQ",
      "type": "RemoteSiteSetting"
    },
    {
      "createdById": "00541000002RzrVAAS",
      "createdByName": "Salesforce CPQ",
      "createdDate": "2018-11-09T06:12:32.000Z",
      "fileName": "remoteSiteSettings/SBQQ__RestSbNA.remoteSite",
      "fullName": "SBQQ__RestSbNA",
      "id": "0rp41000000aWvJAAU",
      "lastModifiedById": "00541000002RzrVAAS",
      "lastModifiedByName": "Salesforce CPQ",
      "lastModifiedDate": "2018-11-09T06:12:32.000Z",
      "manageableState": "installed",
      "namespacePrefix": "SBQQ",
      "type": "RemoteSiteSetting"
    },
    {
      "createdById": "00541000004SyXBAA0",
      "createdByName": "Zack Patrick",
      "createdDate": "2021-04-03T01:44:12.000Z",
      "fileName": "remoteSiteSettings/ADS_Mule_Oracle_URL.remoteSite",
      "fullName": "ADS_Mule_Oracle_URL",
      "id": "0rp3f00000001hVAAQ",
      "lastModifiedById": "00541000004SyXBAA0",
      "lastModifiedByName": "Zack Patrick",
      "lastModifiedDate": "2021-04-03T01:44:12.000Z",
      "manageableState": "unmanaged",
      "type": "RemoteSiteSetting"
    },
    {
      "createdById": "00541000004SMkpAAG",
      "createdByName": "SFDC Support",
      "createdDate": "2018-04-24T21:52:53.000Z",
      "fileName": "remoteSiteSettings/mdapi.remoteSite",
      "fullName": "mdapi",
      "id": "0rp41000000g0QhAAI",
      "lastModifiedById": "00541000004SyXBAA0",
      "lastModifiedByName": "Zack Patrick",
      "lastModifiedDate": "2022-10-31T15:15:55.000Z",
      "manageableState": "unmanaged",
      "type": "RemoteSiteSetting"
    },
    {
      "createdById": "0053f00000145zgAAA",
      "createdByName": "Nathan Wylder",
      "createdDate": "2021-04-09T16:07:58.000Z",
      "fileName": "remoteSiteSettings/Mulesoft_SIT.remoteSite",
      "fullName": "Mulesoft_SIT",
      "id": "0rp3f00000001hfAAA",
      "lastModifiedById": "00541000004SyXBAA0",
      "lastModifiedByName": "Zack Patrick",
      "lastModifiedDate": "2022-10-07T15:08:49.000Z",
      "manageableState": "unmanaged",
      "type": "RemoteSiteSetting"
    },
    {
      "createdById": "00541000002RzpjAAC",
      "createdByName": "Dylan Gerow",
      "createdDate": "2017-05-02T15:29:21.000Z",
      "fileName": "remoteSiteSettings/SBQQ__RestEU.remoteSite",
      "fullName": "SBQQ__RestEU",
      "id": "0rp41000000ElhFAAS",
      "lastModifiedById": "00541000002RzpjAAC",
      "lastModifiedByName": "Dylan Gerow",
      "lastModifiedDate": "2017-05-02T15:29:21.000Z",
      "manageableState": "installed",
      "namespacePrefix": "SBQQ",
      "type": "RemoteSiteSetting"
    },
    {
      "createdById": "00541000002RzpjAAC",
      "createdByName": "Dylan Gerow",
      "createdDate": "2017-05-02T15:29:21.000Z",
      "fileName": "remoteSiteSettings/SBQQ__RestNA.remoteSite",
      "fullName": "SBQQ__RestNA",
      "id": "0rp41000000ElhHAAS",
      "lastModifiedById": "00541000002RzpjAAC",
      "lastModifiedByName": "Dylan Gerow",
      "lastModifiedDate": "2017-05-02T15:29:21.000Z",
      "manageableState": "installed",
      "namespacePrefix": "SBQQ",
      "type": "RemoteSiteSetting"
    },
    {
      "createdById": "00541000002RzrVAAS",
      "createdByName": "Salesforce CPQ",
      "createdDate": "2018-11-09T06:12:32.000Z",
      "fileName": "remoteSiteSettings/SBQQ__OAuthTestLogin.remoteSite",
      "fullName": "SBQQ__OAuthTestLogin",
      "id": "0rp41000000aWvFAAU",
      "lastModifiedById": "00541000002RzrVAAS",
      "lastModifiedByName": "Salesforce CPQ",
      "lastModifiedDate": "2018-11-09T06:12:32.000Z",
      "manageableState": "installed",
      "namespacePrefix": "SBQQ",
      "type": "RemoteSiteSetting"
    },
    {
      "createdById": "00541000004SMkpAAG",
      "createdByName": "SFDC Support",
      "createdDate": "2018-04-30T23:32:22.000Z",
      "fileName": "remoteSiteSettings/SBQQ__ContractingNA.remoteSite",
      "fullName": "SBQQ__ContractingNA",
      "id": "0rp41000000g0UKAAY",
      "lastModifiedById": "00541000004SMkpAAG",
      "lastModifiedByName": "SFDC Support",
      "lastModifiedDate": "2018-04-30T23:32:22.000Z",
      "manageableState": "installed",
      "namespacePrefix": "SBQQ",
      "type": "RemoteSiteSetting"
    },
    {
      "createdById": "00541000002RzpjAAC",
      "createdByName": "Dylan Gerow",
      "createdDate": "2017-06-23T17:26:07.000Z",
      "fileName": "remoteSiteSettings/SBQQ__RestShield.remoteSite",
      "fullName": "SBQQ__RestShield",
      "id": "0rp41000000Eqw1AAC",
      "lastModifiedById": "00541000002RzpjAAC",
      "lastModifiedByName": "Dylan Gerow",
      "lastModifiedDate": "2017-06-23T17:26:07.000Z",
      "manageableState": "installed",
      "namespacePrefix": "SBQQ",
      "type": "RemoteSiteSetting"
    },
    {
      "createdById": "0053f00000145zgAAA",
      "createdByName": "Nathan Wylder",
      "createdDate": "2021-03-04T22:13:58.000Z",
      "fileName": "remoteSiteSettings/dsfs__Stage.remoteSite",
      "fullName": "dsfs__Stage",
      "id": "0rp3f00000001glAAA",
      "lastModifiedById": "0053f00000145zgAAA",
      "lastModifiedByName": "Nathan Wylder",
      "lastModifiedDate": "2021-03-04T22:13:58.000Z",
      "manageableState": "installed",
      "namespacePrefix": "dsfs",
      "type": "RemoteSiteSetting"
    }
  ]
}