{
  "status": 0,
  "result": [
    {
      "createdById": "00541000004SyXBAA0",
      "createdByName": "Zack Patrick",
      "createdDate": "2018-01-04T14:33:51.000Z",
      "fileName": "reports/ADS_Customer_Service_Reports",
      "fullName": "ADS_Customer_Service_Reports",
      "id": "00l41000001EHEZAA4",
      "lastModifiedById": "00541000004SyXBAA0",
      "lastModifiedByName": "Zack Patrick",
      "lastModifiedDate": "2018-01-04T14:33:51.000Z",
      "manageableState": "unmanaged",
      "type": "ReportFolder"
    },
    {
      "createdById": "00541000003Aq3qAAC",
      "createdByName": "Jessica Deal",
      "createdDate": "2017-06-01T19:44:26.000Z",
      "fileName": "reports/ADS_Standard_Reports",
      "fullName": "ADS_Standard_Reports",
      "id": "00l41000001FjiBAAS",
      "lastModifiedById": "00541000002RzpkAAC",
      "lastModifiedByName": "Sarah Labadie",
      "lastModifiedDate": "2017-06-26T16:10:49.000Z",
      "manageableState": "unmanaged",
      "type": "ReportFolder"
    },
    {
      "createdById": "00541000003BN49AAG",
      "createdByName": "Michelle Culver",
      "createdDate": "2021-06-07T14:19:06.000Z",
      "fileName": "reports/Double_L",
      "fullName": "Double_L",
      "id": "00l3f000000HqDAAA0",
      "lastModifiedById": "00541000003BN49AAG",
      "lastModifiedByName": "Michelle Culver",
      "lastModifiedDate": "2021-06-07T14:19:06.000Z",
      "manageableState": "unmanaged",
      "type": "ReportFolder"
    },
    {
      "createdById": "00541000000jJabAAE",
      "createdByName": "Automated Process",
      "createdDate": "2021-10-09T05:27:08.000Z",
      "fileName": "reports/EinsteinBotReports",
      "fullName": "EinsteinBotReports",
      "id": "00l3f000000M1j4AAC",
      "lastModifiedById": "00541000000jJabAAE",
      "lastModifiedByName": "Automated Process",
      "lastModifiedDate": "2021-10-09T05:27:08.000Z",
      "manageableState": "unmanaged",
      "type": "ReportFolder"
    },
    {
      "createdById": "00541000004SyXBAA0",
      "createdByName": "Zack Patrick",
      "createdDate": "2018-01-19T21:33:33.000Z",
      "fileName": "reports/Zone_Engineer_Reports",
      "fullName": "Zone_Engineer_Reports",
      "id": "00l41000001EIhmAAG",
      "lastModifiedById": "00541000004SyXBAA0",
      "lastModifiedByName": "Zack Patrick",
      "lastModifiedDate": "2018-01-19T21:33:33.000Z",
      "manageableState": "unmanaged",
      "type": "ReportFolder"
    },
    {
      "createdById": "0053f0000016G9aAAE",
      "createdByName": "Levi Kurtright",
      "createdDate": "2020-11-19T15:23:26.000Z",
      "fileName": "reports/sbaa__AdvancedApprovalReports",
      "fullName": "sbaa__AdvancedApprovalReports",
      "id": "00l3f000000kzWxAAI",
      "lastModifiedById": "0053f0000016G9aAAE",
      "lastModifiedByName": "Levi Kurtright",
      "lastModifiedDate": "2020-11-19T15:23:26.000Z",
      "manageableState": "installed",
      "namespacePrefix": "sbaa",
      "type": "ReportFolder"
    },
    {
      "createdById": "00541000003Aq3qAAC",
      "createdByName": "Jessica Deal",
      "createdDate": "2018-04-19T13:11:47.000Z",
      "fileName": "reports/Weekly_Averages",
      "fullName": "Weekly_Averages",
      "id": "00l41000000HQIsAAO",
      "lastModifiedById": "00541000003Aq3qAAC",
      "lastModifiedByName": "Jessica Deal",
      "lastModifiedDate": "2018-04-19T13:11:47.000Z",
      "manageableState": "unmanaged",
      "type": "ReportFolder"
    },
    {
      "createdById": "00541000003Aq3qAAC",
      "createdByName": "Jessica Deal",
      "createdDate": "2022-06-22T15:01:10.000Z",
      "fileName": "reports/PowerBI_Scorecard_EPM_Requirements",
      "fullName": "PowerBI_Scorecard_EPM_Requirements",
      "id": "00l3f000000tP2FAAU",
      "lastModifiedById": "00541000003Aq3qAAC",
      "lastModifiedByName": "Jessica Deal",
      "lastModifiedDate": "2022-06-22T15:01:10.000Z",
      "manageableState": "unmanaged",
      "type": "ReportFolder"
    },
    {
      "createdById": "00541000004SyXBAA0",
      "createdByName": "Zack Patrick",
      "createdDate": "2019-08-12T19:48:12.000Z",
      "fileName": "reports/ZackandBrad",
      "fullName": "ZackandBrad",
      "id": "00l2M000000HZPhQAO",
      "lastModifiedById": "00541000004SyXBAA0",
      "lastModifiedByName": "Zack Patrick",
      "lastModifiedDate": "2019-08-12T19:48:12.000Z",
      "manageableState": "unmanaged",
      "type": "ReportFolder"
    },
    {
      "createdById": "00541000004SyXBAA0",
      "createdByName": "Zack Patrick",
      "createdDate": "2019-09-10T17:14:19.000Z",
      "fileName": "reports/DevonEricSFteam",
      "fullName": "DevonEricSFteam",
      "id": "00l3f000000kyGJAAY",
      "lastModifiedById": "00541000004SyXBAA0",
      "lastModifiedByName": "Zack Patrick",
      "lastModifiedDate": "2019-09-10T17:14:19.000Z",
      "manageableState": "unmanaged",
      "type": "ReportFolder"
    },
    {
      "createdById": "00541000004SyXBAA0",
      "createdByName": "Zack Patrick",
      "createdDate": "2017-12-07T15:54:12.000Z",
      "fileName": "reports/APM_Reports",
      "fullName": "APM_Reports",
      "id": "00l41000001EEvBAAW",
      "lastModifiedById": "00541000004SyXBAA0",
      "lastModifiedByName": "Zack Patrick",
      "lastModifiedDate": "2017-12-07T15:54:12.000Z",
      "manageableState": "unmanaged",
      "type": "ReportFolder"
    },
    {
      "createdById": "00541000000jJabAAE",
      "createdByName": "Automated Process",
      "createdDate": "2022-10-15T20:32:29.000Z",
      "fileName": "reports/EBotR_v3",
      "fullName": "EBotR_v3",
      "id": "00l540000015vLdAAI",
      "lastModifiedById": "00541000000jJabAAE",
      "lastModifiedByName": "Automated Process",
      "lastModifiedDate": "2022-10-15T20:32:29.000Z",
      "manageableState": "unmanaged",
      "type": "ReportFolder"
    },
    {
      "createdById": "00541000004SyXBAA0",
      "createdByName": "Zack Patrick",
      "createdDate": "2022-07-18T18:34:57.000Z",
      "fileName": "reports/ADSSalesOwnerDeveloperReports",
      "fullName": "ADSSalesOwnerDeveloperReports",
      "id": "00l3f000000tP3NAAU",
      "lastModifiedById": "00541000004SyXBAA0",
      "lastModifiedByName": "Zack Patrick",
      "lastModifiedDate": "2022-07-18T18:34:57.000Z",
      "manageableState": "unmanaged",
      "type": "ReportFolder"
    },
    {
      "createdById": "0052M000008i2GbQAI",
      "createdByName": "Eric Browning",
      "createdDate": "2020-01-02T15:35:57.000Z",
      "fileName": "reports/Long_Term_KPI",
      "fullName": "Long_Term_KPI",
      "id": "00l3f000000kygCAAQ",
      "lastModifiedById": "0052M000008i2GbQAI",
      "lastModifiedByName": "Eric Browning",
      "lastModifiedDate": "2020-01-02T15:35:57.000Z",
      "manageableState": "unmanaged",
      "type": "ReportFolder"
    },
    {
      "createdById": "00541000004SyXBAA0",
      "createdByName": "Zack Patrick",
      "createdDate": "2022-03-02T21:34:11.000Z",
      "fileName": "reports/LeadsReporting",
      "fullName": "LeadsReporting",
      "id": "00l3f000000tOoDAAU",
      "lastModifiedById": "00541000004SyXBAA0",
      "lastModifiedByName": "Zack Patrick",
      "lastModifiedDate": "2022-03-02T21:34:11.000Z",
      "manageableState": "unmanaged",
      "type": "ReportFolder"
    },
    {
      "createdById": "00541000004SyXBAA0",
      "createdByName": "Zack Patrick",
      "createdDate": "2020-09-16T12:20:19.000Z",
      "fileName": "reports/ApprovalsManagement",
      "fullName": "ApprovalsManagement",
      "id": "00l3f000000kzLLAAY",
      "lastModifiedById": "00541000004SyXBAA0",
      "lastModifiedByName": "Zack Patrick",
      "lastModifiedDate": "2020-09-16T12:20:19.000Z",
      "manageableState": "unmanaged",
      "type": "ReportFolder"
    },
    {
      "createdById": "0053f000000U5CCAA0",
      "createdByName": "Pooja Dendukoori",
      "createdDate": "2021-09-27T21:16:51.000Z",
      "fileName": "reports/sansancard__ScanToSalesforceReportFolder",
      "fullName": "sansancard__ScanToSalesforceReportFolder",
      "id": "00l3f000000M1f7AAC",
      "lastModifiedById": "0053f000000U5CCAA0",
      "lastModifiedByName": "Pooja Dendukoori",
      "lastModifiedDate": "2021-09-27T21:16:51.000Z",
      "manageableState": "installed",
      "namespacePrefix": "sansancard",
      "type": "ReportFolder"
    },
    {
      "createdById": "00541000003Aq3qAAC",
      "createdByName": "Jessica Deal",
      "createdDate": "2021-06-29T15:11:30.000Z",
      "fileName": "reports/Allied_Quote_Attachment",
      "fullName": "Allied_Quote_Attachment",
      "id": "00l3f000000HqFkAAK",
      "lastModifiedById": "00541000003Aq3qAAC",
      "lastModifiedByName": "Jessica Deal",
      "lastModifiedDate": "2021-06-29T15:11:30.000Z",
      "manageableState": "unmanaged",
      "type": "ReportFolder"
    },
    {
      "createdById": "0052M000008i2GbQAI",
      "createdByName": "Eric Browning",
      "createdDate": "2019-12-11T18:36:30.000Z",
      "fileName": "reports/Rollout_Planning",
      "fullName": "Rollout_Planning",
      "id": "00l3f000000xYfiAAE",
      "lastModifiedById": "0052M000008i2GbQAI",
      "lastModifiedByName": "Eric Browning",
      "lastModifiedDate": "2020-01-02T15:35:39.000Z",
      "manageableState": "unmanaged",
      "type": "ReportFolder"
    },
    {
      "createdById": "00541000004SyXBAA0",
      "createdByName": "Zack Patrick",
      "createdDate": "2018-10-09T12:55:26.000Z",
      "fileName": "reports/Inside_Sales_Engineer_Reports",
      "fullName": "Inside_Sales_Engineer_Reports",
      "id": "00l41000001qIPAAA2",
      "lastModifiedById": "00541000004SyXBAA0",
      "lastModifiedByName": "Zack Patrick",
      "lastModifiedDate": "2018-10-09T12:55:26.000Z",
      "manageableState": "unmanaged",
      "type": "ReportFolder"
    },
    {
      "createdById": "0052M000009LfFNQA0",
      "createdByName": "David Hetrick",
      "createdDate": "2020-08-12T14:13:05.000Z",
      "fileName": "reports/DaveMichelle",
      "fullName": "DaveMichelle",
      "id": "00l3f000000kzF8AAI",
      "lastModifiedById": "00541000004SyXBAA0",
      "lastModifiedByName": "Zack Patrick",
      "lastModifiedDate": "2022-04-11T15:31:57.000Z",
      "manageableState": "unmanaged",
      "type": "ReportFolder"
    },
    {
      "createdById": "0052M000009fdwnQAA",
      "createdByName": "Devon Wood",
      "createdDate": "2022-02-02T16:59:22.000Z",
      "fileName": "reports/Water_Quality1",
      "fullName": "Water_Quality1",
      "id": "00l3f000000tOlJAAU",
      "lastModifiedById": "0052M000009fdwnQAA",
      "lastModifiedByName": "Devon Wood",
      "lastModifiedDate": "2022-02-02T16:59:22.000Z",
      "manageableState": "unmanaged",
      "type": "ReportFolder"
    },
    {
      "createdById": "0052M000008i2GbQAI",
      "createdByName": "Eric Browning",
      "createdDate": "2019-09-17T14:43:50.000Z",
      "fileName": "reports/Attachment_Project",
      "fullName": "Attachment_Project",
      "id": "00l3f000000kyJmAAI",
      "lastModifiedById": "0052M000008i2GbQAI",
      "lastModifiedByName": "Eric Browning",
      "lastModifiedDate": "2019-09-17T14:43:50.000Z",
      "manageableState": "unmanaged",
      "type": "ReportFolder"
    },
    {
      "createdById": "00541000004SyXBAA0",
      "createdByName": "Zack Patrick",
      "createdDate": "2018-04-20T15:31:36.000Z",
      "fileName": "reports/APM_Manager_Reports",
      "fullName": "APM_Manager_Reports",
      "id": "00l41000001lxxJAAQ",
      "lastModifiedById": "00541000004SyXBAA0",
      "lastModifiedByName": "Zack Patrick",
      "lastModifiedDate": "2018-04-20T15:31:36.000Z",
      "manageableState": "unmanaged",
      "type": "ReportFolder"
    },
    {
      "createdById": "00541000004SyXBAA0",
      "createdByName": "Zack Patrick",
      "createdDate": "2020-07-07T18:55:53.000Z",
      "fileName": "reports/PardotLeads",
      "fullName": "PardotLeads",
      "id": "00l3f000000kzBBAAY",
      "lastModifiedById": "00541000004SyXBAA0",
      "lastModifiedByName": "Zack Patrick",
      "lastModifiedDate": "2020-07-07T18:56:03.000Z",
      "manageableState": "unmanaged",
      "type": "ReportFolder"
    },
    {
      "createdById": "0053f00000145zgAAA",
      "createdByName": "Nathan Wylder",
      "createdDate": "2023-01-30T14:14:10.000Z",
      "fileName": "reports/cultecreports2",
      "fullName": "cultecreports2",
      "id": "00l54000001EMpkAAG",
      "lastModifiedById": "0053f00000145zgAAA",
      "lastModifiedByName": "Nathan Wylder",
      "lastModifiedDate": "2023-01-30T14:14:10.000Z",
      "manageableState": "unmanaged",
      "type": "ReportFolder"
    },
    {
      "createdById": "0053f000001F7USAA0",
      "createdByName": "Nathan Cox",
      "createdDate": "2022-04-20T13:30:06.000Z",
      "fileName": "reports/Territory",
      "fullName": "Territory",
      "id": "00l3f000000tOsjAAE",
      "lastModifiedById": "0053f000001F7USAA0",
      "lastModifiedByName": "Nathan Cox",
      "lastModifiedDate": "2022-04-20T13:30:06.000Z",
      "manageableState": "unmanaged",
      "type": "ReportFolder"
    },
    {
      "createdById": "00541000003Aq3qAAC",
      "createdByName": "Jessica Deal",
      "createdDate": "2019-03-11T20:25:13.000Z",
      "fileName": "reports/Bain",
      "fullName": "Bain",
      "id": "00l2M000001qMcnQAE",
      "lastModifiedById": "00541000003Aq3qAAC",
      "lastModifiedByName": "Jessica Deal",
      "lastModifiedDate": "2019-03-11T20:25:13.000Z",
      "manageableState": "unmanaged",
      "type": "ReportFolder"
    },
    {
      "createdById": "00541000004SyXBAA0",
      "createdByName": "Zack Patrick",
      "createdDate": "2018-05-21T13:30:07.000Z",
      "fileName": "reports/Engineering_Services_Supervisors_Canada",
      "fullName": "Engineering_Services_Supervisors_Canada",
      "id": "00l41000001lyeSAAQ",
      "lastModifiedById": "00541000004SyXBAA0",
      "lastModifiedByName": "Zack Patrick",
      "lastModifiedDate": "2018-05-21T14:36:48.000Z",
      "manageableState": "unmanaged",
      "type": "ReportFolder"
    },
    {
      "createdById": "0052M000009fdwnQAA",
      "createdByName": "Devon Wood",
      "createdDate": "2020-04-27T12:37:14.000Z",
      "fileName": "reports/OH_NC_SC",
      "fullName": "OH_NC_SC",
      "id": "00l3f000000kyzFAAQ",
      "lastModifiedById": "0052M000009fdwnQAA",
      "lastModifiedByName": "Devon Wood",
      "lastModifiedDate": "2020-04-27T12:37:14.000Z",
      "manageableState": "unmanaged",
      "type": "ReportFolder"
    },
    {
      "createdById": "0052M000009LfFNQA0",
      "createdByName": "David Hetrick",
      "createdDate": "2020-06-25T15:28:05.000Z",
      "fileName": "reports/DaveTimR",
      "fullName": "DaveTimR",
      "id": "00l3f000000kzA8AAI",
      "lastModifiedById": "0052M000009LfFNQA0",
      "lastModifiedByName": "David Hetrick",
      "lastModifiedDate": "2020-06-25T15:28:05.000Z",
      "manageableState": "unmanaged",
      "type": "ReportFolder"
    },
    {
      "createdById": "00541000003Aq3qAAC",
      "createdByName": "Jessica Deal",
      "createdDate": "2017-06-01T19:44:26.000Z",
      "fileName": "reports/ADS_Sales_Reps_Reports",
      "fullName": "ADS_Sales_Reps_Reports",
      "id": "00l41000001Fji8AAC",
      "lastModifiedById": "00541000003Aq3qAAC",
      "lastModifiedByName": "Jessica Deal",
      "lastModifiedDate": "2017-08-29T13:34:47.000Z",
      "manageableState": "unmanaged",
      "type": "ReportFolder"
    },
    {
      "createdById": "0052M000009fdwnQAA",
      "createdByName": "Devon Wood",
      "createdDate": "2019-10-31T17:14:36.000Z",
      "fileName": "reports/Pilot_KPIs",
      "fullName": "Pilot_KPIs",
      "id": "00l3f000000kyaTAAQ",
      "lastModifiedById": "0052M000009fdwnQAA",
      "lastModifiedByName": "Devon Wood",
      "lastModifiedDate": "2019-10-31T17:14:36.000Z",
      "manageableState": "unmanaged",
      "type": "ReportFolder"
    },
    {
      "createdById": "00541000003Aq3qAAC",
      "createdByName": "Jessica Deal",
      "createdDate": "2019-02-05T16:11:44.000Z",
      "fileName": "reports/GM_Yield_Analysis",
      "fullName": "GM_Yield_Analysis",
      "id": "00l2M000001Zz0IQAS",
      "lastModifiedById": "00541000003Aq3qAAC",
      "lastModifiedByName": "Jessica Deal",
      "lastModifiedDate": "2019-02-05T16:11:44.000Z",
      "manageableState": "unmanaged",
      "type": "ReportFolder"
    },
    {
      "createdById": "00541000004SyXBAA0",
      "createdByName": "Zack Patrick",
      "createdDate": "2019-08-13T13:46:07.000Z",
      "fileName": "reports/MidSouthZoneReports",
      "fullName": "MidSouthZoneReports",
      "id": "00l2M000000HZQ6QAO",
      "lastModifiedById": "00541000004SyXBAA0",
      "lastModifiedByName": "Zack Patrick",
      "lastModifiedDate": "2019-08-13T13:46:07.000Z",
      "manageableState": "unmanaged",
      "type": "ReportFolder"
    },
    {
      "createdById": "00541000003Aq3qAAC",
      "createdByName": "Jessica Deal",
      "createdDate": "2019-03-25T18:52:13.000Z",
      "fileName": "reports/Quality_Feedback",
      "fullName": "Quality_Feedback",
      "id": "00l2M000001qMkrQAE",
      "lastModifiedById": "00541000003Aq3qAAC",
      "lastModifiedByName": "Jessica Deal",
      "lastModifiedDate": "2019-03-25T18:52:13.000Z",
      "manageableState": "unmanaged",
      "type": "ReportFolder"
    },
    {
      "createdById": "0053f000000LPM5AAO",
      "createdByName": "Marketing Integration",
      "createdDate": "2021-11-18T15:39:35.000Z",
      "fileName": "reports/MarketingReportsforDatorama",
      "fullName": "MarketingReportsforDatorama",
      "id": "00l3f000000M1onAAC",
      "lastModifiedById": "0053f000000LPM5AAO",
      "lastModifiedByName": "Marketing Integration",
      "lastModifiedDate": "2021-11-18T15:39:35.000Z",
      "manageableState": "unmanaged",
      "type": "ReportFolder"
    },
    {
      "createdById": "0052M000009fdwnQAA",
      "createdByName": "Devon Wood",
      "createdDate": "2021-11-03T18:56:25.000Z",
      "fileName": "reports/Flexstorm_Dashboard",
      "fullName": "Flexstorm_Dashboard",
      "id": "00l3f000000M1nGAAS",
      "lastModifiedById": "0052M000009fdwnQAA",
      "lastModifiedByName": "Devon Wood",
      "lastModifiedDate": "2021-11-03T18:56:25.000Z",
      "manageableState": "unmanaged",
      "type": "ReportFolder"
    },
    {
      "createdById": "00541000003Aq3qAAC",
      "createdByName": "Jessica Deal",
      "createdDate": "2018-03-21T14:21:48.000Z",
      "fileName": "reports/SalesRepProfile_Homepage_Reports",
      "fullName": "SalesRepProfile_Homepage_Reports",
      "id": "00l41000000HOukAAG",
      "lastModifiedById": "00541000003Aq3qAAC",
      "lastModifiedByName": "Jessica Deal",
      "lastModifiedDate": "2018-03-21T14:21:48.000Z",
      "manageableState": "unmanaged",
      "type": "ReportFolder"
    },
    {
      "createdById": "00541000004SyXBAA0",
      "createdByName": "Zack Patrick",
      "createdDate": "2019-05-29T12:28:08.000Z",
      "fileName": "reports/ADS_Ag_Rep_Reports",
      "fullName": "ADS_Ag_Rep_Reports",
      "id": "00l2M000001qNJ3QAM",
      "lastModifiedById": "00541000004SyXBAA0",
      "lastModifiedByName": "Zack Patrick",
      "lastModifiedDate": "2019-05-29T12:28:08.000Z",
      "manageableState": "unmanaged",
      "type": "ReportFolder"
    },
    {
      "createdById": "0053f00000145zgAAA",
      "createdByName": "Nathan Wylder",
      "createdDate": "2023-01-26T15:55:08.000Z",
      "fileName": "reports/CULTECUAT",
      "fullName": "CULTECUAT",
      "id": "00l54000001EMl9AAG",
      "lastModifiedById": "0053f00000145zgAAA",
      "lastModifiedByName": "Nathan Wylder",
      "lastModifiedDate": "2023-01-26T15:55:08.000Z",
      "manageableState": "unmanaged",
      "type": "ReportFolder"
    },
    {
      "createdById": "00541000003Aq3qAAC",
      "createdByName": "Jessica Deal",
      "createdDate": "2017-11-27T12:53:56.000Z",
      "fileName": "reports/Geo_Reports",
      "fullName": "Geo_Reports",
      "id": "00l41000001EDgKAAW",
      "lastModifiedById": "00541000003Aq3qAAC",
      "lastModifiedByName": "Jessica Deal",
      "lastModifiedDate": "2017-11-27T12:53:56.000Z",
      "manageableState": "unmanaged",
      "type": "ReportFolder"
    },
    {
      "createdById": "0053f00000145zgAAA",
      "createdByName": "Nathan Wylder",
      "createdDate": "2020-05-05T14:35:26.000Z",
      "fileName": "reports/CSRManagerReports",
      "fullName": "CSRManagerReports",
      "id": "00l3f000000kz1BAAQ",
      "lastModifiedById": "0053f00000145zgAAA",
      "lastModifiedByName": "Nathan Wylder",
      "lastModifiedDate": "2020-05-18T15:40:07.000Z",
      "manageableState": "unmanaged",
      "type": "ReportFolder"
    },
    {
      "createdById": "00541000003Aq3qAAC",
      "createdByName": "Jessica Deal",
      "createdDate": "2017-06-01T19:44:26.000Z",
      "fileName": "reports/ADS_SouthCentral_Zone_Manager_Reports",
      "fullName": "ADS_SouthCentral_Zone_Manager_Reports",
      "id": "00l41000001Fji9AAC",
      "lastModifiedById": "00541000003Aq3qAAC",
      "lastModifiedByName": "Jessica Deal",
      "lastModifiedDate": "2017-06-01T19:44:26.000Z",
      "manageableState": "unmanaged",
      "type": "ReportFolder"
    },
    {
      "createdById": "00541000004SyXBAA0",
      "createdByName": "Zack Patrick",
      "createdDate": "2019-12-17T13:28:15.000Z",
      "fileName": "reports/IPM",
      "fullName": "IPM",
      "id": "00l3f000000xYg7AAE",
      "lastModifiedById": "00541000004SyXBAA0",
      "lastModifiedByName": "Zack Patrick",
      "lastModifiedDate": "2019-12-17T13:28:15.000Z",
      "manageableState": "unmanaged",
      "type": "ReportFolder"
    },
    {
      "createdById": "0053f000000U5CCAA0",
      "createdByName": "Pooja Dendukoori",
      "createdDate": "2021-07-20T17:32:33.000Z",
      "fileName": "reports/TrevorWardsReport",
      "fullName": "TrevorWardsReport",
      "id": "00l3f000000HqJDAA0",
      "lastModifiedById": "0053f000000U5CCAA0",
      "lastModifiedByName": "Pooja Dendukoori",
      "lastModifiedDate": "2021-07-20T17:32:33.000Z",
      "manageableState": "unmanaged",
      "type": "ReportFolder"
    },
    {
      "createdById": "0052M000009fdwnQAA",
      "createdByName": "Devon Wood",
      "createdDate": "2020-04-27T12:37:26.000Z",
      "fileName": "reports/MI_IN",
      "fullName": "MI_IN",
      "id": "00l3f000000kyzKAAQ",
      "lastModifiedById": "0052M000009fdwnQAA",
      "lastModifiedByName": "Devon Wood",
      "lastModifiedDate": "2020-04-27T12:37:26.000Z",
      "manageableState": "unmanaged",
      "type": "ReportFolder"
    },
    {
      "createdById": "0052M000008i2GbQAI",
      "createdByName": "Eric Browning",
      "createdDate": "2020-01-02T15:34:12.000Z",
      "fileName": "reports/ISR_Metrics",
      "fullName": "ISR_Metrics",
      "id": "00l3f000000kyg7AAA",
      "lastModifiedById": "0052M000008i2GbQAI",
      "lastModifiedByName": "Eric Browning",
      "lastModifiedDate": "2020-01-02T15:34:12.000Z",
      "manageableState": "unmanaged",
      "type": "ReportFolder"
    },
    {
      "createdById": "00541000003Aq3qAAC",
      "createdByName": "Jessica Deal",
      "createdDate": "2022-05-23T20:48:40.000Z",
      "fileName": "reports/New_Item_Requests",
      "fullName": "New_Item_Requests",
      "id": "00l3f000000tOw7AAE",
      "lastModifiedById": "00541000003Aq3qAAC",
      "lastModifiedByName": "Jessica Deal",
      "lastModifiedDate": "2022-05-23T20:48:40.000Z",
      "manageableState": "unmanaged",
      "type": "ReportFolder"
    },
    {
      "createdById": "00541000003Aq3qAAC",
      "createdByName": "Jessica Deal",
      "createdDate": "2018-11-13T19:23:40.000Z",
      "fileName": "reports/National_Accounts_Reports",
      "fullName": "National_Accounts_Reports",
      "id": "00l41000001qL90AAE",
      "lastModifiedById": "00541000003Aq3qAAC",
      "lastModifiedByName": "Jessica Deal",
      "lastModifiedDate": "2018-11-13T19:23:40.000Z",
      "manageableState": "unmanaged",
      "type": "ReportFolder"
    },
    {
      "createdById": "00541000003Aq3qAAC",
      "createdByName": "Jessica Deal",
      "createdDate": "2017-12-07T13:10:59.000Z",
      "fileName": "reports/Vendor_Reports",
      "fullName": "Vendor_Reports",
      "id": "00l41000001EEuhAAG",
      "lastModifiedById": "00541000003Aq3qAAC",
      "lastModifiedByName": "Jessica Deal",
      "lastModifiedDate": "2017-12-07T13:10:59.000Z",
      "manageableState": "unmanaged",
      "type": "ReportFolder"
    },
    {
      "createdById": "0052M000009LfFNQA0",
      "createdByName": "David Hetrick",
      "createdDate": "2020-07-09T20:38:23.000Z",
      "fileName": "reports/ISRCSRExportQuote",
      "fullName": "ISRCSRExportQuote",
      "id": "00l3f000000kzBVAAY",
      "lastModifiedById": "0052M000009LfFNQA0",
      "lastModifiedByName": "David Hetrick",
      "lastModifiedDate": "2020-07-09T20:38:23.000Z",
      "manageableState": "unmanaged",
      "type": "ReportFolder"
    },
    {
      "createdById": "0052M000009LfFNQA0",
      "createdByName": "David Hetrick",
      "createdDate": "2020-05-26T19:56:19.000Z",
      "fileName": "reports/DaveTomD",
      "fullName": "DaveTomD",
      "id": "00l3f000000kz53AAA",
      "lastModifiedById": "0052M000009LfFNQA0",
      "lastModifiedByName": "David Hetrick",
      "lastModifiedDate": "2020-05-26T19:56:19.000Z",
      "manageableState": "unmanaged",
      "type": "ReportFolder"
    },
    {
      "createdById": "0052M000009fdwnQAA",
      "createdByName": "Devon Wood",
      "createdDate": "2020-10-30T16:50:39.000Z",
      "fileName": "reports/Power_BI_Reports",
      "fullName": "Power_BI_Reports",
      "id": "00l3f000000kzTUAAY",
      "lastModifiedById": "0052M000009fdwnQAA",
      "lastModifiedByName": "Devon Wood",
      "lastModifiedDate": "2020-10-30T16:50:39.000Z",
      "manageableState": "unmanaged",
      "type": "ReportFolder"
    },
    {
      "createdById": "00541000004SyXBAA0",
      "createdByName": "Zack Patrick",
      "createdDate": "2018-01-15T15:39:42.000Z",
      "fileName": "reports/Support_Reports",
      "fullName": "Support_Reports",
      "id": "00l41000001EIBCAA4",
      "lastModifiedById": "00541000004SyXBAA0",
      "lastModifiedByName": "Zack Patrick",
      "lastModifiedDate": "2018-01-15T15:39:42.000Z",
      "manageableState": "unmanaged",
      "type": "ReportFolder"
    },
    {
      "createdById": "00541000003Aq3qAAC",
      "createdByName": "Jessica Deal",
      "createdDate": "2017-06-01T19:44:26.000Z",
      "fileName": "reports/ADS_Western_Zone_Manager_Reports",
      "fullName": "ADS_Western_Zone_Manager_Reports",
      "id": "00l41000001FjiCAAS",
      "lastModifiedById": "00541000003Aq3qAAC",
      "lastModifiedByName": "Jessica Deal",
      "lastModifiedDate": "2017-06-01T19:44:26.000Z",
      "manageableState": "unmanaged",
      "type": "ReportFolder"
    },
    {
      "createdById": "00541000003BN4CAAW",
      "createdByName": "Michele Burns",
      "createdDate": "2022-01-31T14:07:03.000Z",
      "fileName": "reports/Michele_Burns_Reports",
      "fullName": "Michele_Burns_Reports",
      "id": "00l3f000000tOkzAAE",
      "lastModifiedById": "00541000003BN4CAAW",
      "lastModifiedByName": "Michele Burns",
      "lastModifiedDate": "2022-01-31T14:07:03.000Z",
      "manageableState": "unmanaged",
      "type": "ReportFolder"
    },
    {
      "createdById": "00541000004SyXBAA0",
      "createdByName": "Zack Patrick",
      "createdDate": "2019-10-10T14:09:54.000Z",
      "fileName": "reports/IPMReports",
      "fullName": "IPMReports",
      "id": "00l3f000000kyZ6AAI",
      "lastModifiedById": "00541000004SyXBAA0",
      "lastModifiedByName": "Zack Patrick",
      "lastModifiedDate": "2019-10-10T14:09:54.000Z",
      "manageableState": "unmanaged",
      "type": "ReportFolder"
    },
    {
      "createdById": "00541000003BN4iAAG",
      "createdByName": "Steven Young",
      "createdDate": "2018-02-14T15:18:15.000Z",
      "fileName": "reports/Distribution_Quote_Reports",
      "fullName": "Distribution_Quote_Reports",
      "id": "00l41000001ELDRAA4",
      "lastModifiedById": "00541000003BN4iAAG",
      "lastModifiedByName": "Steven Young",
      "lastModifiedDate": "2018-02-14T15:18:15.000Z",
      "manageableState": "unmanaged",
      "type": "ReportFolder"
    },
    {
      "createdById": "00541000004SyXBAA0",
      "createdByName": "Zack Patrick",
      "createdDate": "2019-09-27T18:31:57.000Z",
      "fileName": "reports/ZP",
      "fullName": "ZP",
      "id": "00l3f000000kyYNAAY",
      "lastModifiedById": "00541000004SyXBAA0",
      "lastModifiedByName": "Zack Patrick",
      "lastModifiedDate": "2019-09-27T18:31:57.000Z",
      "manageableState": "unmanaged",
      "type": "ReportFolder"
    },
    {
      "createdById": "0052M000009fdwnQAA",
      "createdByName": "Devon Wood",
      "createdDate": "2021-03-22T19:16:48.000Z",
      "fileName": "reports/Archive1",
      "fullName": "Archive1",
      "id": "00l3f000000Hq0zAAC",
      "lastModifiedById": "0052M000009fdwnQAA",
      "lastModifiedByName": "Devon Wood",
      "lastModifiedDate": "2021-03-22T19:16:48.000Z",
      "manageableState": "unmanaged",
      "type": "ReportFolder"
    },
    {
      "createdById": "00541000004SyXBAA0",
      "createdByName": "Zack Patrick",
      "createdDate": "2020-06-30T17:16:32.000Z",
      "fileName": "reports/FieldSalesVisibilityAdoption",
      "fullName": "FieldSalesVisibilityAdoption",
      "id": "00l3f000000kzArAAI",
      "lastModifiedById": "00541000004SyXBAA0",
      "lastModifiedByName": "Zack Patrick",
      "lastModifiedDate": "2020-06-30T17:16:32.000Z",
      "manageableState": "unmanaged",
      "type": "ReportFolder"
    },
    {
      "createdById": "0052M000009fdwnQAA",
      "createdByName": "Devon Wood",
      "createdDate": "2019-10-31T17:14:22.000Z",
      "fileName": "reports/ISE_Metrics",
      "fullName": "ISE_Metrics",
      "id": "00l3f000000kyaOAAQ",
      "lastModifiedById": "0052M000009fdwnQAA",
      "lastModifiedByName": "Devon Wood",
      "lastModifiedDate": "2019-10-31T17:14:22.000Z",
      "manageableState": "unmanaged",
      "type": "ReportFolder"
    },
    {
      "createdById": "00541000004SyXBAA0",
      "createdByName": "Zack Patrick",
      "createdDate": "2022-08-30T14:23:29.000Z",
      "fileName": "reports/NewItemRequestsGeneralReports",
      "fullName": "NewItemRequestsGeneralReports",
      "id": "00l3f000000tP62AAE",
      "lastModifiedById": "00541000004SyXBAA0",
      "lastModifiedByName": "Zack Patrick",
      "lastModifiedDate": "2022-08-30T14:23:29.000Z",
      "manageableState": "unmanaged",
      "type": "ReportFolder"
    },
    {
      "createdById": "00541000001bEDeAAM",
      "createdByName": "Eric Reo",
      "createdDate": "2016-12-22T15:47:21.000Z",
      "fileName": "reports/Sales_and_Marketing_Reports",
      "fullName": "Sales_and_Marketing_Reports",
      "id": "00l41000000iqDdAAI",
      "lastModifiedById": "00541000001bEDeAAM",
      "lastModifiedByName": "Eric Reo",
      "lastModifiedDate": "2016-12-22T15:47:21.000Z",
      "manageableState": "unmanaged",
      "type": "ReportFolder"
    },
    {
      "createdById": "0052M000009LfFNQA0",
      "createdByName": "David Hetrick",
      "createdDate": "2020-05-21T17:53:10.000Z",
      "fileName": "reports/DaveandDannyH",
      "fullName": "DaveandDannyH",
      "id": "00l3f000000kz4oAAA",
      "lastModifiedById": "0052M000009LfFNQA0",
      "lastModifiedByName": "David Hetrick",
      "lastModifiedDate": "2020-05-21T17:53:10.000Z",
      "manageableState": "unmanaged",
      "type": "ReportFolder"
    },
    {
      "createdById": "00541000001bEDeAAM",
      "createdByName": "Eric Reo",
      "createdDate": "2016-12-22T15:47:21.000Z",
      "fileName": "reports/Sales_Marketing_Reports",
      "fullName": "Sales_Marketing_Reports",
      "id": "00l41000000iqDfAAI",
      "lastModifiedById": "00541000001bEDeAAM",
      "lastModifiedByName": "Eric Reo",
      "lastModifiedDate": "2016-12-22T15:47:21.000Z",
      "manageableState": "unmanaged",
      "type": "ReportFolder"
    },
    {
      "createdById": "00541000003Aq3qAAC",
      "createdByName": "Jessica Deal",
      "createdDate": "2017-08-16T18:39:59.000Z",
      "fileName": "reports/HPRX75_Reports",
      "fullName": "HPRX75_Reports",
      "id": "00l41000001FwKnAAK",
      "lastModifiedById": "00541000003Aq3qAAC",
      "lastModifiedByName": "Jessica Deal",
      "lastModifiedDate": "2017-08-16T18:39:59.000Z",
      "manageableState": "unmanaged",
      "type": "ReportFolder"
    },
    {
      "createdById": "00541000003Aq3qAAC",
      "createdByName": "Jessica Deal",
      "createdDate": "2020-01-14T17:51:24.000Z",
      "fileName": "reports/ComOps",
      "fullName": "ComOps",
      "id": "00l3f000000kyhPAAQ",
      "lastModifiedById": "00541000003Aq3qAAC",
      "lastModifiedByName": "Jessica Deal",
      "lastModifiedDate": "2020-01-14T17:51:24.000Z",
      "manageableState": "unmanaged",
      "type": "ReportFolder"
    },
    {
      "createdById": "00541000003Aq3qAAC",
      "createdByName": "Jessica Deal",
      "createdDate": "2017-06-01T19:44:26.000Z",
      "fileName": "reports/ADS_Regional_Sales_Manager_Reports",
      "fullName": "ADS_Regional_Sales_Manager_Reports",
      "id": "00l41000001Fji6AAC",
      "lastModifiedById": "00541000002RzpkAAC",
      "lastModifiedByName": "Sarah Labadie",
      "lastModifiedDate": "2017-06-26T16:10:49.000Z",
      "manageableState": "unmanaged",
      "type": "ReportFolder"
    },
    {
      "createdById": "00541000004SyXBAA0",
      "createdByName": "Zack Patrick",
      "createdDate": "2018-03-30T13:56:57.000Z",
      "fileName": "reports/Storm_Sewer_Report_Folder",
      "fullName": "Storm_Sewer_Report_Folder",
      "id": "00l41000000HPOpAAO",
      "lastModifiedById": "00541000004SyXBAA0",
      "lastModifiedByName": "Zack Patrick",
      "lastModifiedDate": "2018-04-06T14:15:33.000Z",
      "manageableState": "unmanaged",
      "type": "ReportFolder"
    },
    {
      "createdById": "0052M000009fdwnQAA",
      "createdByName": "Devon Wood",
      "createdDate": "2021-04-26T15:19:50.000Z",
      "fileName": "reports/T2Q",
      "fullName": "T2Q",
      "id": "00l3f000000Hq7RAAS",
      "lastModifiedById": "0052M000009fdwnQAA",
      "lastModifiedByName": "Devon Wood",
      "lastModifiedDate": "2021-04-26T15:19:50.000Z",
      "manageableState": "unmanaged",
      "type": "ReportFolder"
    },
    {
      "createdById": "00541000004SyXBAA0",
      "createdByName": "Zack Patrick",
      "createdDate": "2020-03-27T14:26:29.000Z",
      "fileName": "reports/SalesAgent",
      "fullName": "SalesAgent",
      "id": "00l3f000000kypOAAQ",
      "lastModifiedById": "00541000004SyXBAA0",
      "lastModifiedByName": "Zack Patrick",
      "lastModifiedDate": "2020-03-27T14:26:29.000Z",
      "manageableState": "unmanaged",
      "type": "ReportFolder"
    },
    {
      "createdById": "00541000002RzpkAAC",
      "createdByName": "Sarah Labadie",
      "createdDate": "2017-06-07T18:05:13.000Z",
      "fileName": "reports/ADS_Inside_Sales_Reports",
      "fullName": "ADS_Inside_Sales_Reports",
      "id": "00l41000001FkUlAAK",
      "lastModifiedById": "00541000002RzpkAAC",
      "lastModifiedByName": "Sarah Labadie",
      "lastModifiedDate": "2017-06-07T18:05:13.000Z",
      "manageableState": "unmanaged",
      "type": "ReportFolder"
    },
    {
      "createdById": "00541000002RzpjAAC",
      "createdByName": "Dylan Gerow",
      "createdDate": "2017-07-13T15:43:58.000Z",
      "fileName": "reports/Dylan_and_Gabby",
      "fullName": "Dylan_and_Gabby",
      "id": "00l41000001Fq9zAAC",
      "lastModifiedById": "00541000002RzpjAAC",
      "lastModifiedByName": "Dylan Gerow",
      "lastModifiedDate": "2017-07-13T15:43:58.000Z",
      "manageableState": "unmanaged",
      "type": "ReportFolder"
    },
    {
      "createdById": "0053f00000145zgAAA",
      "createdByName": "Nathan Wylder",
      "createdDate": "2020-06-17T14:52:36.000Z",
      "fileName": "reports/NathanPam",
      "fullName": "NathanPam",
      "id": "00l3f000000kz8bAAA",
      "lastModifiedById": "0053f00000145zgAAA",
      "lastModifiedByName": "Nathan Wylder",
      "lastModifiedDate": "2020-06-17T14:52:36.000Z",
      "manageableState": "unmanaged",
      "type": "ReportFolder"
    },
    {
      "createdById": "00541000003Aq3qAAC",
      "createdByName": "Jessica Deal",
      "createdDate": "2017-06-01T19:44:25.000Z",
      "fileName": "reports/ADS_Midwest_Zone_Manager_Reports",
      "fullName": "ADS_Midwest_Zone_Manager_Reports",
      "id": "00l41000001Fji4AAC",
      "lastModifiedById": "00541000003Aq3qAAC",
      "lastModifiedByName": "Jessica Deal",
      "lastModifiedDate": "2017-09-01T14:41:04.000Z",
      "manageableState": "unmanaged",
      "type": "ReportFolder"
    },
    {
      "createdById": "0053f00000145zgAAA",
      "createdByName": "Nathan Wylder",
      "createdDate": "2021-03-18T14:03:17.000Z",
      "fileName": "reports/Q2O",
      "fullName": "Q2O",
      "id": "00l3f000000Hq0VAAS",
      "lastModifiedById": "0053f00000145zgAAA",
      "lastModifiedByName": "Nathan Wylder",
      "lastModifiedDate": "2021-03-18T14:03:17.000Z",
      "manageableState": "unmanaged",
      "type": "ReportFolder"
    },
    {
      "createdById": "00541000003Aq3qAAC",
      "createdByName": "Jessica Deal",
      "createdDate": "2017-09-01T15:44:16.000Z",
      "fileName": "reports/Jessica_and_Brandon",
      "fullName": "Jessica_and_Brandon",
      "id": "00l41000001E3QfAAK",
      "lastModifiedById": "00541000003Aq3qAAC",
      "lastModifiedByName": "Jessica Deal",
      "lastModifiedDate": "2017-09-01T15:44:16.000Z",
      "manageableState": "unmanaged",
      "type": "ReportFolder"
    },
    {
      "createdById": "00541000004SyXBAA0",
      "createdByName": "Zack Patrick",
      "createdDate": "2021-09-02T14:25:42.000Z",
      "fileName": "reports/ADSMReports",
      "fullName": "ADSMReports",
      "id": "00l3f000000M1bAAAS",
      "lastModifiedById": "00541000004SyXBAA0",
      "lastModifiedByName": "Zack Patrick",
      "lastModifiedDate": "2021-09-02T14:25:42.000Z",
      "manageableState": "unmanaged",
      "type": "ReportFolder"
    },
    {
      "createdById": "00541000003Aq3qAAC",
      "createdByName": "Jessica Deal",
      "createdDate": "2020-04-08T12:46:46.000Z",
      "fileName": "reports/End_Market",
      "fullName": "End_Market",
      "id": "00l3f000000kyuoAAA",
      "lastModifiedById": "00541000003Aq3qAAC",
      "lastModifiedByName": "Jessica Deal",
      "lastModifiedDate": "2020-04-08T12:46:46.000Z",
      "manageableState": "unmanaged",
      "type": "ReportFolder"
    },
    {
      "createdById": "0053f00000145zgAAA",
      "createdByName": "Nathan Wylder",
      "createdDate": "2020-11-13T13:50:13.000Z",
      "fileName": "reports/NathanDonGrieco",
      "fullName": "NathanDonGrieco",
      "id": "00l3f000000kzVQAAY",
      "lastModifiedById": "0053f00000145zgAAA",
      "lastModifiedByName": "Nathan Wylder",
      "lastModifiedDate": "2020-11-13T13:52:30.000Z",
      "manageableState": "unmanaged",
      "type": "ReportFolder"
    },
    {
      "createdById": "0052M000009LfFNQA0",
      "createdByName": "David Hetrick",
      "createdDate": "2020-08-19T17:33:00.000Z",
      "fileName": "reports/DavePeggy",
      "fullName": "DavePeggy",
      "id": "00l3f000000kzGzAAI",
      "lastModifiedById": "0052M000009LfFNQA0",
      "lastModifiedByName": "David Hetrick",
      "lastModifiedDate": "2020-08-19T17:33:00.000Z",
      "manageableState": "unmanaged",
      "type": "ReportFolder"
    },
    {
      "createdById": "0053f00000145zgAAA",
      "createdByName": "Nathan Wylder",
      "createdDate": "2022-12-20T19:22:10.000Z",
      "fileName": "reports/LWCCaseTimer__CaseSessionReports",
      "fullName": "LWCCaseTimer__CaseSessionReports",
      "id": "00l540000015wBPAAY",
      "lastModifiedById": "0053f00000145zgAAA",
      "lastModifiedByName": "Nathan Wylder",
      "lastModifiedDate": "2022-12-20T19:22:10.000Z",
      "manageableState": "installed",
      "namespacePrefix": "LWCCaseTimer",
      "type": "ReportFolder"
    },
    {
      "createdById": "0052M000009LfFNQA0",
      "createdByName": "David Hetrick",
      "createdDate": "2020-04-03T18:37:02.000Z",
      "fileName": "reports/CraigsDashboardReports",
      "fullName": "CraigsDashboardReports",
      "id": "00l3f000000kyqHAAQ",
      "lastModifiedById": "0052M000009LfFNQA0",
      "lastModifiedByName": "David Hetrick",
      "lastModifiedDate": "2020-04-03T18:37:02.000Z",
      "manageableState": "unmanaged",
      "type": "ReportFolder"
    },
    {
      "createdById": "0053f00000145zgAAA",
      "createdByName": "Nathan Wylder",
      "createdDate": "2021-02-19T18:47:09.000Z",
      "fileName": "reports/PowerBITeam",
      "fullName": "PowerBITeam",
      "id": "00l3f000000kzhRAAQ",
      "lastModifiedById": "0053f00000145zgAAA",
      "lastModifiedByName": "Nathan Wylder",
      "lastModifiedDate": "2021-02-19T18:47:09.000Z",
      "manageableState": "unmanaged",
      "type": "ReportFolder"
    },
    {
      "createdById": "00541000000jJabAAE",
      "createdByName": "Automated Process",
      "createdDate": "2022-06-11T05:25:23.000Z",
      "fileName": "reports/EinsteinBotReports_v2",
      "fullName": "EinsteinBotReports_v2",
      "id": "00l3f000000tP1WAAU",
      "lastModifiedById": "00541000000jJabAAE",
      "lastModifiedByName": "Automated Process",
      "lastModifiedDate": "2022-06-11T05:25:23.000Z",
      "manageableState": "unmanaged",
      "type": "ReportFolder"
    },
    {
      "createdById": "00541000004SyXBAA0",
      "createdByName": "Zack Patrick",
      "createdDate": "2018-05-09T14:28:40.000Z",
      "fileName": "reports/Onsite_Manager_Reports",
      "fullName": "Onsite_Manager_Reports",
      "id": "00l41000001lyNMAAY",
      "lastModifiedById": "00541000004SyXBAA0",
      "lastModifiedByName": "Zack Patrick",
      "lastModifiedDate": "2018-05-09T14:28:40.000Z",
      "manageableState": "unmanaged",
      "type": "ReportFolder"
    },
    {
      "createdById": "00541000003Aq3qAAC",
      "createdByName": "Jessica Deal",
      "createdDate": "2019-06-06T14:48:10.000Z",
      "fileName": "reports/Corporate_Strategy",
      "fullName": "Corporate_Strategy",
      "id": "00l2M000001qNRyQAM",
      "lastModifiedById": "00541000003Aq3qAAC",
      "lastModifiedByName": "Jessica Deal",
      "lastModifiedDate": "2019-06-06T14:48:10.000Z",
      "manageableState": "unmanaged",
      "type": "ReportFolder"
    },
    {
      "createdById": "0052M000009fdwnQAA",
      "createdByName": "Devon Wood",
      "createdDate": "2020-05-27T14:20:37.000Z",
      "fileName": "reports/Project_Entry",
      "fullName": "Project_Entry",
      "id": "00l3f000000kz5NAAQ",
      "lastModifiedById": "0052M000009fdwnQAA",
      "lastModifiedByName": "Devon Wood",
      "lastModifiedDate": "2020-05-27T14:20:37.000Z",
      "manageableState": "unmanaged",
      "type": "ReportFolder"
    },
    {
      "createdById": "0052M000009fdwnQAA",
      "createdByName": "Devon Wood",
      "createdDate": "2022-01-27T15:03:16.000Z",
      "fileName": "reports/Jodi",
      "fullName": "Jodi",
      "id": "00l3f000000tOkpAAE",
      "lastModifiedById": "0052M000009fdwnQAA",
      "lastModifiedByName": "Devon Wood",
      "lastModifiedDate": "2022-01-27T15:03:16.000Z",
      "manageableState": "unmanaged",
      "type": "ReportFolder"
    },
    {
      "createdById": "00541000001bEDeAAM",
      "createdByName": "Eric Reo",
      "createdDate": "2016-12-22T15:47:21.000Z",
      "fileName": "reports/DashboardReportsAdoption",
      "fullName": "DashboardReportsAdoption",
      "id": "00l41000000iqDeAAI",
      "lastModifiedById": "00541000003Aq3qAAC",
      "lastModifiedByName": "Jessica Deal",
      "lastModifiedDate": "2017-06-01T19:44:26.000Z",
      "manageableState": "unmanaged",
      "type": "ReportFolder"
    },
    {
      "createdById": "0052M000008i2GbQAI",
      "createdByName": "Eric Browning",
      "createdDate": "2021-04-29T15:47:08.000Z",
      "fileName": "reports/Water_Quality",
      "fullName": "Water_Quality",
      "id": "00l3f000000Hq7vAAC",
      "lastModifiedById": "0052M000008i2GbQAI",
      "lastModifiedByName": "Eric Browning",
      "lastModifiedDate": "2021-04-29T16:28:34.000Z",
      "manageableState": "unmanaged",
      "type": "ReportFolder"
    },
    {
      "createdById": "00541000003Aq3qAAC",
      "createdByName": "Jessica Deal",
      "createdDate": "2020-10-05T12:01:53.000Z",
      "fileName": "reports/Price_Increase_Canada",
      "fullName": "Price_Increase_Canada",
      "id": "00l3f000000kzPXAAY",
      "lastModifiedById": "00541000003Aq3qAAC",
      "lastModifiedByName": "Jessica Deal",
      "lastModifiedDate": "2020-10-05T12:01:53.000Z",
      "manageableState": "unmanaged",
      "type": "ReportFolder"
    },
    {
      "createdById": "0052M000009fdwnQAA",
      "createdByName": "Devon Wood",
      "createdDate": "2020-02-21T20:20:14.000Z",
      "fileName": "reports/Adoption",
      "fullName": "Adoption",
      "id": "00l3f000000kyl2AAA",
      "lastModifiedById": "0052M000009fdwnQAA",
      "lastModifiedByName": "Devon Wood",
      "lastModifiedDate": "2020-02-21T20:20:14.000Z",
      "manageableState": "unmanaged",
      "type": "ReportFolder"
    },
    {
      "createdById": "0053f00000145zgAAA",
      "createdByName": "Nathan Wylder",
      "createdDate": "2023-01-26T14:22:26.000Z",
      "fileName": "reports/Cultec",
      "fullName": "Cultec",
      "id": "00l54000001EMemAAG",
      "lastModifiedById": "0053f00000145zgAAA",
      "lastModifiedByName": "Nathan Wylder",
      "lastModifiedDate": "2023-01-26T14:22:26.000Z",
      "manageableState": "unmanaged",
      "type": "ReportFolder"
    },
    {
      "createdById": "00541000004SyXBAA0",
      "createdByName": "Zack Patrick",
      "createdDate": "2018-04-25T20:27:39.000Z",
      "fileName": "reports/Approval_Activity_Reports",
      "fullName": "Approval_Activity_Reports",
      "id": "00l41000001ly5DAAQ",
      "lastModifiedById": "00541000004SyXBAA0",
      "lastModifiedByName": "Zack Patrick",
      "lastModifiedDate": "2018-04-25T20:27:39.000Z",
      "manageableState": "unmanaged",
      "type": "ReportFolder"
    },
    {
      "createdById": "0052M000009fdwnQAA",
      "createdByName": "Devon Wood",
      "createdDate": "2021-03-04T16:01:55.000Z",
      "fileName": "reports/IPM_Manager_Dashboard",
      "fullName": "IPM_Manager_Dashboard",
      "id": "00l3f000000Hpw4AAC",
      "lastModifiedById": "0052M000009fdwnQAA",
      "lastModifiedByName": "Devon Wood",
      "lastModifiedDate": "2021-03-04T16:01:55.000Z",
      "manageableState": "unmanaged",
      "type": "ReportFolder"
    },
    {
      "createdById": "0052M000009fdwnQAA",
      "createdByName": "Devon Wood",
      "createdDate": "2020-05-27T19:39:01.000Z",
      "fileName": "reports/TX_CA",
      "fullName": "TX_CA",
      "id": "00l3f000000kz5SAAQ",
      "lastModifiedById": "0052M000009fdwnQAA",
      "lastModifiedByName": "Devon Wood",
      "lastModifiedDate": "2020-05-27T19:39:01.000Z",
      "manageableState": "unmanaged",
      "type": "ReportFolder"
    },
    {
      "createdById": "0052M000009LfFNQA0",
      "createdByName": "David Hetrick",
      "createdDate": "2020-07-20T18:51:05.000Z",
      "fileName": "reports/GarrettTeam",
      "fullName": "GarrettTeam",
      "id": "00l3f000000kzCTAAY",
      "lastModifiedById": "0052M000009LfFNQA0",
      "lastModifiedByName": "David Hetrick",
      "lastModifiedDate": "2020-07-20T18:51:05.000Z",
      "manageableState": "unmanaged",
      "type": "ReportFolder"
    },
    {
      "createdById": "00541000004SyXBAA0",
      "createdByName": "Zack Patrick",
      "createdDate": "2018-09-26T14:28:20.000Z",
      "fileName": "reports/StormTech_EPM_Reports",
      "fullName": "StormTech_EPM_Reports",
      "id": "00l41000001qHslAAE",
      "lastModifiedById": "00541000004SyXBAA0",
      "lastModifiedByName": "Zack Patrick",
      "lastModifiedDate": "2018-09-26T14:28:20.000Z",
      "manageableState": "unmanaged",
      "type": "ReportFolder"
    },
    {
      "createdById": "00541000003Aq3qAAC",
      "createdByName": "Jessica Deal",
      "createdDate": "2020-12-01T22:21:53.000Z",
      "fileName": "reports/Market_Share_Model",
      "fullName": "Market_Share_Model",
      "id": "00l3f000000kzY5AAI",
      "lastModifiedById": "00541000003Aq3qAAC",
      "lastModifiedByName": "Jessica Deal",
      "lastModifiedDate": "2020-12-01T22:21:53.000Z",
      "manageableState": "unmanaged",
      "type": "ReportFolder"
    },
    {
      "createdById": "00541000004SyXBAA0",
      "createdByName": "Zack Patrick",
      "createdDate": "2018-05-01T18:07:50.000Z",
      "fileName": "reports/General_Manager_Folder",
      "fullName": "General_Manager_Folder",
      "id": "00l41000001lyD7AAI",
      "lastModifiedById": "00541000004SyXBAA0",
      "lastModifiedByName": "Zack Patrick",
      "lastModifiedDate": "2018-05-01T18:14:42.000Z",
      "manageableState": "unmanaged",
      "type": "ReportFolder"
    },
    {
      "createdById": "00541000004SyXBAA0",
      "createdByName": "Zack Patrick",
      "createdDate": "2022-02-03T15:19:14.000Z",
      "fileName": "reports/FlexstormReports",
      "fullName": "FlexstormReports",
      "id": "00l3f000000tOlTAAU",
      "lastModifiedById": "00541000004SyXBAA0",
      "lastModifiedByName": "Zack Patrick",
      "lastModifiedDate": "2022-02-03T15:19:14.000Z",
      "manageableState": "unmanaged",
      "type": "ReportFolder"
    },
    {
      "createdById": "00541000004SyXBAA0",
      "createdByName": "Zack Patrick",
      "createdDate": "2017-12-14T17:32:54.000Z",
      "fileName": "reports/Purchasing_Reports",
      "fullName": "Purchasing_Reports",
      "id": "00l41000001EFksAAG",
      "lastModifiedById": "00541000004SyXBAA0",
      "lastModifiedByName": "Zack Patrick",
      "lastModifiedDate": "2017-12-14T17:32:54.000Z",
      "manageableState": "unmanaged",
      "type": "ReportFolder"
    },
    {
      "createdById": "0052M000009LfFNQA0",
      "createdByName": "David Hetrick",
      "createdDate": "2020-06-09T18:24:22.000Z",
      "fileName": "reports/DaveandJacob",
      "fullName": "DaveandJacob",
      "id": "00l3f000000kz7EAAQ",
      "lastModifiedById": "0052M000009LfFNQA0",
      "lastModifiedByName": "David Hetrick",
      "lastModifiedDate": "2020-06-09T18:24:22.000Z",
      "manageableState": "unmanaged",
      "type": "ReportFolder"
    },
    {
      "createdById": "00541000003Aq3qAAC",
      "createdByName": "Jessica Deal",
      "createdDate": "2019-11-04T18:12:48.000Z",
      "fileName": "reports/International_Reports",
      "fullName": "International_Reports",
      "id": "00l3f000000kyaYAAQ",
      "lastModifiedById": "00541000003Aq3qAAC",
      "lastModifiedByName": "Jessica Deal",
      "lastModifiedDate": "2019-11-04T18:12:48.000Z",
      "manageableState": "unmanaged",
      "type": "ReportFolder"
    },
    {
      "createdById": "00541000004SyXBAA0",
      "createdByName": "Zack Patrick",
      "createdDate": "2021-04-28T13:16:13.000Z",
      "fileName": "reports/AdminsPowerUsers",
      "fullName": "AdminsPowerUsers",
      "id": "00l3f000000Hq7lAAC",
      "lastModifiedById": "00541000004SyXBAA0",
      "lastModifiedByName": "Zack Patrick",
      "lastModifiedDate": "2021-04-28T13:16:13.000Z",
      "manageableState": "unmanaged",
      "type": "ReportFolder"
    },
    {
      "createdById": "0052M000008i2GbQAI",
      "createdByName": "Eric Browning",
      "createdDate": "2019-10-10T14:37:05.000Z",
      "fileName": "reports/Archive",
      "fullName": "Archive",
      "id": "00l3f000000kyZGAAY",
      "lastModifiedById": "0052M000008i2GbQAI",
      "lastModifiedByName": "Eric Browning",
      "lastModifiedDate": "2019-10-10T14:37:05.000Z",
      "manageableState": "unmanaged",
      "type": "ReportFolder"
    },
    {
      "createdById": "0053f000001F7USAA0",
      "createdByName": "Nathan Cox",
      "createdDate": "2021-08-28T17:13:10.000Z",
      "fileName": "reports/Audit",
      "fullName": "Audit",
      "id": "00l3f000000M1ZnAAK",
      "lastModifiedById": "0053f000001F7USAA0",
      "lastModifiedByName": "Nathan Cox",
      "lastModifiedDate": "2021-08-28T17:13:10.000Z",
      "manageableState": "unmanaged",
      "type": "ReportFolder"
    },
    {
      "createdById": "00541000004SyXBAA0",
      "createdByName": "Zack Patrick",
      "createdDate": "2021-03-05T20:50:55.000Z",
      "fileName": "reports/ProductManagerReports",
      "fullName": "ProductManagerReports",
      "id": "00l3f000000HpwOAAS",
      "lastModifiedById": "00541000004SyXBAA0",
      "lastModifiedByName": "Zack Patrick",
      "lastModifiedDate": "2021-03-05T20:50:55.000Z",
      "manageableState": "unmanaged",
      "type": "ReportFolder"
    },
    {
      "createdById": "00541000003Aq3qAAC",
      "createdByName": "Jessica Deal",
      "createdDate": "2017-06-13T21:26:51.000Z",
      "fileName": "reports/Adoption_Folder",
      "fullName": "Adoption_Folder",
      "id": "00l41000001FlYTAA0",
      "lastModifiedById": "00541000003Aq3qAAC",
      "lastModifiedByName": "Jessica Deal",
      "lastModifiedDate": "2017-06-13T21:26:51.000Z",
      "manageableState": "unmanaged",
      "type": "ReportFolder"
    },
    {
      "createdById": "0052M000009fdwnQAA",
      "createdByName": "Devon Wood",
      "createdDate": "2022-01-27T18:09:45.000Z",
      "fileName": "reports/IPMs",
      "fullName": "IPMs",
      "id": "00l3f000000tOkuAAE",
      "lastModifiedById": "0052M000009fdwnQAA",
      "lastModifiedByName": "Devon Wood",
      "lastModifiedDate": "2022-01-27T18:09:45.000Z",
      "manageableState": "unmanaged",
      "type": "ReportFolder"
    },
    {
      "createdById": "00541000004SyXBAA0",
      "createdByName": "Zack Patrick",
      "createdDate": "2019-04-19T13:27:27.000Z",
      "fileName": "reports/PolyFlex_Management_Reports",
      "fullName": "PolyFlex_Management_Reports",
      "id": "00l2M000000PxSxQAK",
      "lastModifiedById": "00541000004SyXBAA0",
      "lastModifiedByName": "Zack Patrick",
      "lastModifiedDate": "2019-04-19T13:27:27.000Z",
      "manageableState": "unmanaged",
      "type": "ReportFolder"
    },
    {
      "createdById": "00541000003BNENAA4",
      "createdByName": "Brandon Clements",
      "createdDate": "2018-11-29T21:44:09.000Z",
      "fileName": "reports/MA_Sales_Reporting",
      "fullName": "MA_Sales_Reporting",
      "id": "00l2M000001ZyNJQA0",
      "lastModifiedById": "00541000003BNENAA4",
      "lastModifiedByName": "Brandon Clements",
      "lastModifiedDate": "2018-11-29T21:44:09.000Z",
      "manageableState": "unmanaged",
      "type": "ReportFolder"
    },
    {
      "createdById": "00541000004SyXBAA0",
      "createdByName": "Zack Patrick",
      "createdDate": "2022-01-10T19:27:51.000Z",
      "fileName": "reports/CasesOpenDuring132022",
      "fullName": "CasesOpenDuring132022",
      "id": "00l3f000000M1rcAAC",
      "lastModifiedById": "00541000004SyXBAA0",
      "lastModifiedByName": "Zack Patrick",
      "lastModifiedDate": "2022-01-10T19:27:51.000Z",
      "manageableState": "unmanaged",
      "type": "ReportFolder"
    },
    {
      "createdById": "0052M000009LfFNQA0",
      "createdByName": "David Hetrick",
      "createdDate": "2021-01-22T22:14:54.000Z",
      "fileName": "reports/FloridaManagment",
      "fullName": "FloridaManagment",
      "id": "00l3f000000kzemAAA",
      "lastModifiedById": "0052M000009LfFNQA0",
      "lastModifiedByName": "David Hetrick",
      "lastModifiedDate": "2021-01-22T22:14:54.000Z",
      "manageableState": "unmanaged",
      "type": "ReportFolder"
    },
    {
      "createdById": "00541000004SyXBAA0",
      "createdByName": "Zack Patrick",
      "createdDate": "2018-10-29T18:28:14.000Z",
      "fileName": "reports/Southeast_Sales_Management_Reports",
      "fullName": "Southeast_Sales_Management_Reports",
      "id": "00l41000001qJzEAAU",
      "lastModifiedById": "00541000004SyXBAA0",
      "lastModifiedByName": "Zack Patrick",
      "lastModifiedDate": "2018-12-03T21:49:18.000Z",
      "manageableState": "unmanaged",
      "type": "ReportFolder"
    },
    {
      "createdById": "00541000004SyXBAA0",
      "createdByName": "Zack Patrick",
      "createdDate": "2017-12-13T21:36:51.000Z",
      "fileName": "reports/Manager_Corp_Accts_Reports",
      "fullName": "Manager_Corp_Accts_Reports",
      "id": "00l41000001EFd3AAG",
      "lastModifiedById": "00541000004SyXBAA0",
      "lastModifiedByName": "Zack Patrick",
      "lastModifiedDate": "2017-12-13T21:36:51.000Z",
      "manageableState": "unmanaged",
      "type": "ReportFolder"
    },
    {
      "createdById": "00541000004SyXBAA0",
      "createdByName": "Zack Patrick",
      "createdDate": "2018-10-03T14:47:33.000Z",
      "fileName": "reports/StormTech_Champion_Reports",
      "fullName": "StormTech_Champion_Reports",
      "id": "00l41000001qIARAA2",
      "lastModifiedById": "00541000004SyXBAA0",
      "lastModifiedByName": "Zack Patrick",
      "lastModifiedDate": "2018-10-03T14:47:33.000Z",
      "manageableState": "unmanaged",
      "type": "ReportFolder"
    },
    {
      "createdById": "00541000003BNENAA4",
      "createdByName": "Brandon Clements",
      "createdDate": "2018-06-20T17:40:53.000Z",
      "fileName": "reports/Market_Analyst_Reports",
      "fullName": "Market_Analyst_Reports",
      "id": "00l41000001lzV4AAI",
      "lastModifiedById": "00541000003BNENAA4",
      "lastModifiedByName": "Brandon Clements",
      "lastModifiedDate": "2018-06-20T17:40:53.000Z",
      "manageableState": "unmanaged",
      "type": "ReportFolder"
    },
    {
      "createdById": "00541000000jJabAAE",
      "createdByName": "Automated Process",
      "createdDate": "2023-02-11T19:13:04.000Z",
      "fileName": "reports/EBotR_v4",
      "fullName": "EBotR_v4",
      "id": "00l54000001ENpgAAG",
      "lastModifiedById": "00541000000jJabAAE",
      "lastModifiedByName": "Automated Process",
      "lastModifiedDate": "2023-02-11T19:13:04.000Z",
      "manageableState": "unmanaged",
      "type": "ReportFolder"
    },
    {
      "createdById": "0052M000009fdwnQAA",
      "createdByName": "Devon Wood",
      "createdDate": "2020-10-30T16:56:54.000Z",
      "fileName": "reports/Reports_Created_by_ZP",
      "fullName": "Reports_Created_by_ZP",
      "id": "00l3f000000kzTZAAY",
      "lastModifiedById": "0052M000009fdwnQAA",
      "lastModifiedByName": "Devon Wood",
      "lastModifiedDate": "2020-10-30T16:56:54.000Z",
      "manageableState": "unmanaged",
      "type": "ReportFolder"
    },
    {
      "createdById": "0052M000009fdwnQAA",
      "createdByName": "Devon Wood",
      "createdDate": "2022-02-02T17:02:32.000Z",
      "fileName": "reports/Engineering_Services",
      "fullName": "Engineering_Services",
      "id": "00l3f000000tOlOAAU",
      "lastModifiedById": "0052M000009fdwnQAA",
      "lastModifiedByName": "Devon Wood",
      "lastModifiedDate": "2022-02-02T17:02:32.000Z",
      "manageableState": "unmanaged",
      "type": "ReportFolder"
    },
    {
      "createdById": "00541000004SyXBAA0",
      "createdByName": "Zack Patrick",
      "createdDate": "2020-07-20T12:02:58.000Z",
      "fileName": "reports/DBEReporting",
      "fullName": "DBEReporting",
      "id": "00l3f000000kzC9AAI",
      "lastModifiedById": "00541000004SyXBAA0",
      "lastModifiedByName": "Zack Patrick",
      "lastModifiedDate": "2020-07-20T12:02:58.000Z",
      "manageableState": "unmanaged",
      "type": "ReportFolder"
    },
    {
      "createdById": "0052M000009LfFNQA0",
      "createdByName": "David Hetrick",
      "createdDate": "2020-06-30T13:22:18.000Z",
      "fileName": "reports/EthanWhite",
      "fullName": "EthanWhite",
      "id": "00l3f000000kzAcAAI",
      "lastModifiedById": "0052M000009LfFNQA0",
      "lastModifiedByName": "David Hetrick",
      "lastModifiedDate": "2020-06-30T13:22:18.000Z",
      "manageableState": "unmanaged",
      "type": "ReportFolder"
    },
    {
      "createdById": "00541000004SyXBAA0",
      "createdByName": "Zack Patrick",
      "createdDate": "2018-05-10T20:36:23.000Z",
      "fileName": "reports/All_Activity_Reports",
      "fullName": "All_Activity_Reports",
      "id": "00l41000001lyQQAAY",
      "lastModifiedById": "00541000004SyXBAA0",
      "lastModifiedByName": "Zack Patrick",
      "lastModifiedDate": "2018-05-10T20:36:23.000Z",
      "manageableState": "unmanaged",
      "type": "ReportFolder"
    },
    {
      "createdById": "0053f00000145zgAAA",
      "createdByName": "Nathan Wylder",
      "createdDate": "2021-03-04T22:13:05.000Z",
      "fileName": "reports/dsfs__DocuSign_Reports",
      "fullName": "dsfs__DocuSign_Reports",
      "id": "00l3f000000HpwEAAS",
      "lastModifiedById": "0053f00000145zgAAA",
      "lastModifiedByName": "Nathan Wylder",
      "lastModifiedDate": "2021-03-04T22:13:05.000Z",
      "manageableState": "installed",
      "namespacePrefix": "dsfs",
      "type": "ReportFolder"
    },
    {
      "createdById": "00541000003Aq3qAAC",
      "createdByName": "Jessica Deal",
      "createdDate": "2017-06-01T19:44:26.000Z",
      "fileName": "reports/ADS_Southeast_Zone_Manager_Reports",
      "fullName": "ADS_Southeast_Zone_Manager_Reports",
      "id": "00l41000001FjiAAAS",
      "lastModifiedById": "00541000003Aq3qAAC",
      "lastModifiedByName": "Jessica Deal",
      "lastModifiedDate": "2017-06-01T19:44:26.000Z",
      "manageableState": "unmanaged",
      "type": "ReportFolder"
    },
    {
      "createdById": "00541000003Aq3qAAC",
      "createdByName": "Jessica Deal",
      "createdDate": "2017-06-01T19:44:25.000Z",
      "fileName": "reports/ADS_Company_Overview_Reports",
      "fullName": "ADS_Company_Overview_Reports",
      "id": "00l41000001Fji2AAC",
      "lastModifiedById": "00541000003Aq3qAAC",
      "lastModifiedByName": "Jessica Deal",
      "lastModifiedDate": "2017-06-01T19:44:25.000Z",
      "manageableState": "unmanaged",
      "type": "ReportFolder"
    },
    {
      "createdById": "0052M000009LfFNQA0",
      "createdByName": "David Hetrick",
      "createdDate": "2020-07-22T14:01:09.000Z",
      "fileName": "reports/DaveKyleP",
      "fullName": "DaveKyleP",
      "id": "00l3f000000kzD2AAI",
      "lastModifiedById": "0052M000009LfFNQA0",
      "lastModifiedByName": "David Hetrick",
      "lastModifiedDate": "2020-07-22T14:01:09.000Z",
      "manageableState": "unmanaged",
      "type": "ReportFolder"
    },
    {
      "createdById": "0053f00000145zgAAA",
      "createdByName": "Nathan Wylder",
      "createdDate": "2022-02-25T22:19:00.000Z",
      "fileName": "reports/UserReports",
      "fullName": "UserReports",
      "id": "00l3f000000tOnoAAE",
      "lastModifiedById": "0053f00000145zgAAA",
      "lastModifiedByName": "Nathan Wylder",
      "lastModifiedDate": "2022-02-25T22:19:00.000Z",
      "manageableState": "unmanaged",
      "type": "ReportFolder"
    },
    {
      "createdById": "00541000003Aq3qAAC",
      "createdByName": "Jessica Deal",
      "createdDate": "2018-08-21T13:35:56.000Z",
      "fileName": "reports/Pricing_Engine_Reports_View_All",
      "fullName": "Pricing_Engine_Reports_View_All",
      "id": "00l41000001WKHyAAO",
      "lastModifiedById": "00541000003Aq3qAAC",
      "lastModifiedByName": "Jessica Deal",
      "lastModifiedDate": "2018-08-21T13:35:56.000Z",
      "manageableState": "unmanaged",
      "type": "ReportFolder"
    },
    {
      "createdById": "00541000004SyXBAA0",
      "createdByName": "Zack Patrick",
      "createdDate": "2018-04-06T14:15:18.000Z",
      "fileName": "reports/Water_Quality_Reports",
      "fullName": "Water_Quality_Reports",
      "id": "00l41000000HPk2AAG",
      "lastModifiedById": "00541000004SyXBAA0",
      "lastModifiedByName": "Zack Patrick",
      "lastModifiedDate": "2018-04-06T14:15:18.000Z",
      "manageableState": "unmanaged",
      "type": "ReportFolder"
    },
    {
      "createdById": "00541000004SyXBAA0",
      "createdByName": "Zack Patrick",
      "createdDate": "2018-04-23T19:08:23.000Z",
      "fileName": "reports/Inserta_Tee_Reports",
      "fullName": "Inserta_Tee_Reports",
      "id": "00l41000001ly1GAAQ",
      "lastModifiedById": "00541000004SyXBAA0",
      "lastModifiedByName": "Zack Patrick",
      "lastModifiedDate": "2018-04-23T19:08:23.000Z",
      "manageableState": "unmanaged",
      "type": "ReportFolder"
    },
    {
      "createdById": "0053f000000qKaxAAE",
      "createdByName": "Rajasekhar Vempati",
      "createdDate": "1970-01-01T00:00:00.000Z",
      "fileName": "unfiled$public",
      "fullName": "unfiled$public",
      "id": "",
      "lastModifiedById": "0053f000000qKaxAAE",
      "lastModifiedByName": "Rajasekhar Vempati",
      "lastModifiedDate": "1970-01-01T00:00:00.000Z",
      "manageableState": "unmanaged",
      "namespacePrefix": "",
      "type": "ReportFolder"
    },
    {
      "createdById": "00541000003BN49AAG",
      "createdByName": "Michelle Culver",
      "createdDate": "2022-01-25T21:05:16.000Z",
      "fileName": "reports/ISR",
      "fullName": "ISR",
      "id": "00l3f000000tOkfAAE",
      "lastModifiedById": "00541000003BN49AAG",
      "lastModifiedByName": "Michelle Culver",
      "lastModifiedDate": "2022-01-25T21:05:16.000Z",
      "manageableState": "unmanaged",
      "type": "ReportFolder"
    },
    {
      "createdById": "0052M000009LfFNQA0",
      "createdByName": "David Hetrick",
      "createdDate": "2020-05-28T17:39:14.000Z",
      "fileName": "reports/DaveSimon",
      "fullName": "DaveSimon",
      "id": "00l3f000000kz5XAAQ",
      "lastModifiedById": "0052M000009LfFNQA0",
      "lastModifiedByName": "David Hetrick",
      "lastModifiedDate": "2020-05-28T17:39:14.000Z",
      "manageableState": "unmanaged",
      "type": "ReportFolder"
    },
    {
      "createdById": "0053f00000145zgAAA",
      "createdByName": "Nathan Wylder",
      "createdDate": "2020-06-16T13:16:56.000Z",
      "fileName": "reports/Marketing",
      "fullName": "Marketing",
      "id": "00l3f000000kz7sAAA",
      "lastModifiedById": "0053f00000145zgAAA",
      "lastModifiedByName": "Nathan Wylder",
      "lastModifiedDate": "2020-06-16T13:16:56.000Z",
      "manageableState": "unmanaged",
      "type": "ReportFolder"
    },
    {
      "createdById": "0053f00000145zgAAA",
      "createdByName": "Nathan Wylder",
      "createdDate": "2020-04-24T14:52:06.000Z",
      "fileName": "reports/NathanSimon",
      "fullName": "NathanSimon",
      "id": "00l3f000000kyygAAA",
      "lastModifiedById": "0053f00000145zgAAA",
      "lastModifiedByName": "Nathan Wylder",
      "lastModifiedDate": "2020-04-24T14:52:06.000Z",
      "manageableState": "unmanaged",
      "type": "ReportFolder"
    },
    {
      "createdById": "00541000003Aq3qAAC",
      "createdByName": "Jessica Deal",
      "createdDate": "2021-06-03T15:49:39.000Z",
      "fileName": "reports/Convey_Reports",
      "fullName": "Convey_Reports",
      "id": "00l3f000000HqD0AAK",
      "lastModifiedById": "00541000003Aq3qAAC",
      "lastModifiedByName": "Jessica Deal",
      "lastModifiedDate": "2021-06-03T15:49:39.000Z",
      "manageableState": "unmanaged",
      "type": "ReportFolder"
    },
    {
      "createdById": "0053f00000145zgAAA",
      "createdByName": "Nathan Wylder",
      "createdDate": "2020-10-08T19:44:49.000Z",
      "fileName": "reports/NathanPete",
      "fullName": "NathanPete",
      "id": "00l3f000000kzPrAAI",
      "lastModifiedById": "0053f00000145zgAAA",
      "lastModifiedByName": "Nathan Wylder",
      "lastModifiedDate": "2020-10-08T19:44:49.000Z",
      "manageableState": "unmanaged",
      "type": "ReportFolder"
    },
    {
      "createdById": "0052M000009fdwnQAA",
      "createdByName": "Devon Wood",
      "createdDate": "2020-03-31T16:27:13.000Z",
      "fileName": "reports/Roll_out_Demand_Planning",
      "fullName": "Roll_out_Demand_Planning",
      "id": "00l3f000000kypiAAA",
      "lastModifiedById": "0052M000009fdwnQAA",
      "lastModifiedByName": "Devon Wood",
      "lastModifiedDate": "2020-03-31T16:27:13.000Z",
      "manageableState": "unmanaged",
      "type": "ReportFolder"
    },
    {
      "createdById": "00541000003Aq3qAAC",
      "createdByName": "Jessica Deal",
      "createdDate": "2017-11-14T19:11:10.000Z",
      "fileName": "reports/Duraslot_Reports",
      "fullName": "Duraslot_Reports",
      "id": "00l41000001ECFMAA4",
      "lastModifiedById": "00541000003Aq3qAAC",
      "lastModifiedByName": "Jessica Deal",
      "lastModifiedDate": "2017-11-14T19:11:10.000Z",
      "manageableState": "unmanaged",
      "type": "ReportFolder"
    },
    {
      "createdById": "0052M000009fdwnQAA",
      "createdByName": "Devon Wood",
      "createdDate": "2020-04-27T12:35:51.000Z",
      "fileName": "reports/IPM_SLAs",
      "fullName": "IPM_SLAs",
      "id": "00l3f000000kyzAAAQ",
      "lastModifiedById": "0052M000009fdwnQAA",
      "lastModifiedByName": "Devon Wood",
      "lastModifiedDate": "2020-04-27T12:35:51.000Z",
      "manageableState": "unmanaged",
      "type": "ReportFolder"
    },
    {
      "createdById": "00541000004SyXBAA0",
      "createdByName": "Zack Patrick",
      "createdDate": "2018-08-20T15:26:17.000Z",
      "fileName": "reports/ADS_Corporate_Reports",
      "fullName": "ADS_Corporate_Reports",
      "id": "00l41000001WKFEAA4",
      "lastModifiedById": "00541000004SyXBAA0",
      "lastModifiedByName": "Zack Patrick",
      "lastModifiedDate": "2018-08-20T15:26:17.000Z",
      "manageableState": "unmanaged",
      "type": "ReportFolder"
    },
    {
      "createdById": "0052M000009fdwnQAA",
      "createdByName": "Devon Wood",
      "createdDate": "2022-01-17T22:44:13.000Z",
      "fileName": "reports/Takeoff_and_Quote_Assessment",
      "fullName": "Takeoff_and_Quote_Assessment",
      "id": "00l3f000000tOj3AAE",
      "lastModifiedById": "0052M000009fdwnQAA",
      "lastModifiedByName": "Devon Wood",
      "lastModifiedDate": "2022-01-17T22:44:13.000Z",
      "manageableState": "unmanaged",
      "type": "ReportFolder"
    },
    {
      "createdById": "0052M000009LfFNQA0",
      "createdByName": "David Hetrick",
      "createdDate": "2020-05-18T19:40:43.000Z",
      "fileName": "reports/DaveandRyanC",
      "fullName": "DaveandRyanC",
      "id": "00l3f000000kz4FAAQ",
      "lastModifiedById": "0052M000009LfFNQA0",
      "lastModifiedByName": "David Hetrick",
      "lastModifiedDate": "2020-05-18T19:40:43.000Z",
      "manageableState": "unmanaged",
      "type": "ReportFolder"
    },
    {
      "createdById": "00541000004SyXBAA0",
      "createdByName": "Zack Patrick",
      "createdDate": "2018-02-02T16:11:48.000Z",
      "fileName": "reports/ADS_Allied_Product_Manager_Reports",
      "fullName": "ADS_Allied_Product_Manager_Reports",
      "id": "00l41000001EJvbAAG",
      "lastModifiedById": "00541000004SyXBAA0",
      "lastModifiedByName": "Zack Patrick",
      "lastModifiedDate": "2018-02-02T16:11:48.000Z",
      "manageableState": "unmanaged",
      "type": "ReportFolder"
    },
    {
      "createdById": "00541000004SyXBAA0",
      "createdByName": "Zack Patrick",
      "createdDate": "2018-05-16T15:41:23.000Z",
      "fileName": "reports/Coordinator_Supervisor_Reports",
      "fullName": "Coordinator_Supervisor_Reports",
      "id": "00l41000001lyXvAAI",
      "lastModifiedById": "00541000004SyXBAA0",
      "lastModifiedByName": "Zack Patrick",
      "lastModifiedDate": "2018-05-16T15:41:59.000Z",
      "manageableState": "unmanaged",
      "type": "ReportFolder"
    },
    {
      "createdById": "0053f00000145zgAAA",
      "createdByName": "Nathan Wylder",
      "createdDate": "2020-04-10T18:37:21.000Z",
      "fileName": "reports/NathanMHagen",
      "fullName": "NathanMHagen",
      "id": "00l3f000000kywBAAQ",
      "lastModifiedById": "0053f00000145zgAAA",
      "lastModifiedByName": "Nathan Wylder",
      "lastModifiedDate": "2020-04-10T18:37:21.000Z",
      "manageableState": "unmanaged",
      "type": "ReportFolder"
    },
    {
      "createdById": "00541000003Aq3qAAC",
      "createdByName": "Jessica Deal",
      "createdDate": "2017-08-22T20:34:42.000Z",
      "fileName": "reports/Projects_with_Quote_Requests_and_Quotes",
      "fullName": "Projects_with_Quote_Requests_and_Quotes",
      "id": "00l41000001FxF8AAK",
      "lastModifiedById": "00541000003Aq3qAAC",
      "lastModifiedByName": "Jessica Deal",
      "lastModifiedDate": "2017-08-22T20:34:42.000Z",
      "manageableState": "unmanaged",
      "type": "ReportFolder"
    },
    {
      "createdById": "00541000004SyXBAA0",
      "createdByName": "Zack Patrick",
      "createdDate": "2021-07-30T18:07:41.000Z",
      "fileName": "reports/TriMark",
      "fullName": "TriMark",
      "id": "00l3f000000HqLiAAK",
      "lastModifiedById": "00541000004SyXBAA0",
      "lastModifiedByName": "Zack Patrick",
      "lastModifiedDate": "2021-07-30T18:07:41.000Z",
      "manageableState": "unmanaged",
      "type": "ReportFolder"
    },
    {
      "createdById": "00541000003Aq3qAAC",
      "createdByName": "Jessica Deal",
      "createdDate": "2017-06-01T19:44:26.000Z",
      "fileName": "reports/ADS_Reports",
      "fullName": "ADS_Reports",
      "id": "00l41000001Fji7AAC",
      "lastModifiedById": "00541000003Aq3qAAC",
      "lastModifiedByName": "Jessica Deal",
      "lastModifiedDate": "2017-06-01T19:44:26.000Z",
      "manageableState": "unmanaged",
      "type": "ReportFolder"
    },
    {
      "createdById": "0052M000009fdwnQAA",
      "createdByName": "Devon Wood",
      "createdDate": "2021-06-24T17:29:13.000Z",
      "fileName": "reports/Consolidate_Design_Teams",
      "fullName": "Consolidate_Design_Teams",
      "id": "00l3f000000HqFGAA0",
      "lastModifiedById": "0052M000009fdwnQAA",
      "lastModifiedByName": "Devon Wood",
      "lastModifiedDate": "2022-02-02T16:59:11.000Z",
      "manageableState": "unmanaged",
      "type": "ReportFolder"
    },
    {
      "createdById": "00541000003Aq3qAAC",
      "createdByName": "Jessica Deal",
      "createdDate": "2017-08-24T15:03:24.000Z",
      "fileName": "reports/StormTech_Management_Reports",
      "fullName": "StormTech_Management_Reports",
      "id": "00l41000001FxRxAAK",
      "lastModifiedById": "00541000003Aq3qAAC",
      "lastModifiedByName": "Jessica Deal",
      "lastModifiedDate": "2017-08-24T15:03:24.000Z",
      "manageableState": "unmanaged",
      "type": "ReportFolder"
    },
    {
      "createdById": "00541000003Aq3qAAC",
      "createdByName": "Jessica Deal",
      "createdDate": "2017-07-26T12:50:31.000Z",
      "fileName": "reports/Nyloplast",
      "fullName": "Nyloplast",
      "id": "00l41000001FsiqAAC",
      "lastModifiedById": "00541000003Aq3qAAC",
      "lastModifiedByName": "Jessica Deal",
      "lastModifiedDate": "2017-07-26T12:50:31.000Z",
      "manageableState": "unmanaged",
      "type": "ReportFolder"
    },
    {
      "createdById": "00541000004SyXBAA0",
      "createdByName": "Zack Patrick",
      "createdDate": "2022-02-17T18:35:22.000Z",
      "fileName": "reports/ESDesignReports",
      "fullName": "ESDesignReports",
      "id": "00l3f000000tOmgAAE",
      "lastModifiedById": "00541000004SyXBAA0",
      "lastModifiedByName": "Zack Patrick",
      "lastModifiedDate": "2022-02-17T18:35:22.000Z",
      "manageableState": "unmanaged",
      "type": "ReportFolder"
    },
    {
      "createdById": "00541000004SyXBAA0",
      "createdByName": "Zack Patrick",
      "createdDate": "2018-03-16T13:57:47.000Z",
      "fileName": "reports/Approvals_Reports",
      "fullName": "Approvals_Reports",
      "id": "00l41000000HOgJAAW",
      "lastModifiedById": "00541000004SyXBAA0",
      "lastModifiedByName": "Zack Patrick",
      "lastModifiedDate": "2018-03-16T13:57:47.000Z",
      "manageableState": "unmanaged",
      "type": "ReportFolder"
    },
    {
      "createdById": "00541000003Aq3qAAC",
      "createdByName": "Jessica Deal",
      "createdDate": "2020-03-16T14:22:57.000Z",
      "fileName": "reports/Daily_Leading_Indicators",
      "fullName": "Daily_Leading_Indicators",
      "id": "00l3f000000kynNAAQ",
      "lastModifiedById": "00541000003Aq3qAAC",
      "lastModifiedByName": "Jessica Deal",
      "lastModifiedDate": "2020-03-16T14:22:57.000Z",
      "manageableState": "unmanaged",
      "type": "ReportFolder"
    },
    {
      "createdById": "0053f00000145zgAAA",
      "createdByName": "Nathan Wylder",
      "createdDate": "2020-04-10T18:34:37.000Z",
      "fileName": "reports/NathanKSayre",
      "fullName": "NathanKSayre",
      "id": "00l3f000000kyw1AAA",
      "lastModifiedById": "0053f00000145zgAAA",
      "lastModifiedByName": "Nathan Wylder",
      "lastModifiedDate": "2020-04-10T18:34:37.000Z",
      "manageableState": "unmanaged",
      "type": "ReportFolder"
    },
    {
      "createdById": "00541000001bEDeAAM",
      "createdByName": "Eric Reo",
      "createdDate": "2016-12-22T15:47:21.000Z",
      "fileName": "reports/Service_Dashboards_Reports",
      "fullName": "Service_Dashboards_Reports",
      "id": "00l41000000iqDcAAI",
      "lastModifiedById": "00541000001bEDeAAM",
      "lastModifiedByName": "Eric Reo",
      "lastModifiedDate": "2016-12-22T15:47:21.000Z",
      "manageableState": "unmanaged",
      "type": "ReportFolder"
    },
    {
      "createdById": "0053f00000145zgAAA",
      "createdByName": "Nathan Wylder",
      "createdDate": "2022-09-22T19:58:53.000Z",
      "fileName": "reports/CustomerFeedbackReports",
      "fullName": "CustomerFeedbackReports",
      "id": "00l540000015ttdAAA",
      "lastModifiedById": "0053f00000145zgAAA",
      "lastModifiedByName": "Nathan Wylder",
      "lastModifiedDate": "2022-09-22T19:58:53.000Z",
      "manageableState": "unmanaged",
      "type": "ReportFolder"
    },
    {
      "createdById": "00541000003Aq3qAAC",
      "createdByName": "Jessica Deal",
      "createdDate": "2017-06-01T19:44:25.000Z",
      "fileName": "reports/ADS_MidSouth_Zone_Manager_Reports",
      "fullName": "ADS_MidSouth_Zone_Manager_Reports",
      "id": "00l41000001Fji3AAC",
      "lastModifiedById": "00541000003Aq3qAAC",
      "lastModifiedByName": "Jessica Deal",
      "lastModifiedDate": "2017-06-01T19:44:25.000Z",
      "manageableState": "unmanaged",
      "type": "ReportFolder"
    },
    {
      "createdById": "00541000003Aq3qAAC",
      "createdByName": "Jessica Deal",
      "createdDate": "2017-06-01T19:44:26.000Z",
      "fileName": "reports/ADS_Northeast_Zone_Manager_Reports",
      "fullName": "ADS_Northeast_Zone_Manager_Reports",
      "id": "00l41000001Fji5AAC",
      "lastModifiedById": "00541000003Aq3qAAC",
      "lastModifiedByName": "Jessica Deal",
      "lastModifiedDate": "2017-06-01T19:44:26.000Z",
      "manageableState": "unmanaged",
      "type": "ReportFolder"
    },
    {
      "createdById": "00541000003BNENAA4",
      "createdByName": "Brandon Clements",
      "createdDate": "2017-10-06T12:40:31.000Z",
      "fileName": "reports/Pricing_Engine_Reports",
      "fullName": "Pricing_Engine_Reports",
      "id": "00l41000001E7dAAAS",
      "lastModifiedById": "00541000003BNENAA4",
      "lastModifiedByName": "Brandon Clements",
      "lastModifiedDate": "2017-10-06T12:40:31.000Z",
      "manageableState": "unmanaged",
      "type": "ReportFolder"
    },
    {
      "createdById": "00541000002RzpjAAC",
      "createdByName": "Dylan Gerow",
      "createdDate": "2017-07-17T17:57:37.000Z",
      "fileName": "reports/Admin_Reports",
      "fullName": "Admin_Reports",
      "id": "00l41000001FqoNAAS",
      "lastModifiedById": "00541000002RzpjAAC",
      "lastModifiedByName": "Dylan Gerow",
      "lastModifiedDate": "2017-07-17T17:57:37.000Z",
      "manageableState": "unmanaged",
      "type": "ReportFolder"
    },
    {
      "createdById": "0052M000008i2GbQAI",
      "createdByName": "Eric Browning",
      "createdDate": "2021-04-19T18:39:30.000Z",
      "fileName": "reports/End_To_End_Metrics",
      "fullName": "End_To_End_Metrics",
      "id": "00l3f000000Hq6TAAS",
      "lastModifiedById": "0052M000008i2GbQAI",
      "lastModifiedByName": "Eric Browning",
      "lastModifiedDate": "2021-04-19T18:39:30.000Z",
      "manageableState": "unmanaged",
      "type": "ReportFolder"
    },
    {
      "createdById": "00541000004SyXBAA0",
      "createdByName": "Zack Patrick",
      "createdDate": "2020-04-20T19:21:27.000Z",
      "fileName": "reports/ApprovalsOversight",
      "fullName": "ApprovalsOversight",
      "id": "00l3f000000kyxxAAA",
      "lastModifiedById": "00541000004SyXBAA0",
      "lastModifiedByName": "Zack Patrick",
      "lastModifiedDate": "2020-04-20T19:21:27.000Z",
      "manageableState": "unmanaged",
      "type": "ReportFolder"
    },
    {
      "createdById": "00541000003Aq3qAAC",
      "createdByName": "Jessica Deal",
      "createdDate": "2017-09-05T19:36:48.000Z",
      "fileName": "reports/EPM_Reports",
      "fullName": "EPM_Reports",
      "id": "00l41000001E3nyAAC",
      "lastModifiedById": "00541000003Aq3qAAC",
      "lastModifiedByName": "Jessica Deal",
      "lastModifiedDate": "2017-09-05T19:36:48.000Z",
      "manageableState": "unmanaged",
      "type": "ReportFolder"
    },
    {
      "createdById": "0052M000009fdwnQAA",
      "createdByName": "Devon Wood",
      "createdDate": "2021-03-03T19:25:37.000Z",
      "fileName": "reports/CoE",
      "fullName": "CoE",
      "id": "00l3f000000HpvfAAC",
      "lastModifiedById": "0052M000009fdwnQAA",
      "lastModifiedByName": "Devon Wood",
      "lastModifiedDate": "2021-03-03T19:25:37.000Z",
      "manageableState": "unmanaged",
      "type": "ReportFolder"
    },
    {
      "createdById": "00541000004SyXBAA0",
      "createdByName": "Zack Patrick",
      "createdDate": "2022-09-01T15:01:05.000Z",
      "fileName": "reports/InternationalBusinessReview",
      "fullName": "InternationalBusinessReview",
      "id": "00l3f000000tP6HAAU",
      "lastModifiedById": "00541000004SyXBAA0",
      "lastModifiedByName": "Zack Patrick",
      "lastModifiedDate": "2022-09-01T15:01:05.000Z",
      "manageableState": "unmanaged",
      "type": "ReportFolder"
    },
    {
      "createdById": "00541000004SyXBAA0",
      "createdByName": "Zack Patrick",
      "createdDate": "2021-07-02T15:42:50.000Z",
      "fileName": "reports/BrandieWilsonReporting",
      "fullName": "BrandieWilsonReporting",
      "id": "00l3f000000HqGEAA0",
      "lastModifiedById": "00541000004SyXBAA0",
      "lastModifiedByName": "Zack Patrick",
      "lastModifiedDate": "2021-07-02T15:42:50.000Z",
      "manageableState": "unmanaged",
      "type": "ReportFolder"
    },
    {
      "createdById": "0053f00000145zgAAA",
      "createdByName": "Nathan Wylder",
      "createdDate": "2023-01-30T14:12:34.000Z",
      "fileName": "reports/CultecReports",
      "fullName": "CultecReports",
      "id": "00l54000001EMpfAAG",
      "lastModifiedById": "0053f00000145zgAAA",
      "lastModifiedByName": "Nathan Wylder",
      "lastModifiedDate": "2023-01-30T14:12:34.000Z",
      "manageableState": "unmanaged",
      "type": "ReportFolder"
    },
    {
      "createdById": "0052M000009fdwnQAA",
      "createdByName": "Devon Wood",
      "createdDate": "2021-01-22T18:00:35.000Z",
      "fileName": "reports/Prioritization",
      "fullName": "Prioritization",
      "id": "00l3f000000kzehAAA",
      "lastModifiedById": "0052M000009fdwnQAA",
      "lastModifiedByName": "Devon Wood",
      "lastModifiedDate": "2021-01-22T18:00:35.000Z",
      "manageableState": "unmanaged",
      "type": "ReportFolder"
    },
    {
      "createdById": "0052M000009fdwnQAA",
      "createdByName": "Devon Wood",
      "createdDate": "2021-10-22T16:54:24.000Z",
      "fileName": "reports/Flexstorm",
      "fullName": "Flexstorm",
      "id": "00l3f000000M1lyAAC",
      "lastModifiedById": "0052M000009fdwnQAA",
      "lastModifiedByName": "Devon Wood",
      "lastModifiedDate": "2021-10-22T16:54:24.000Z",
      "manageableState": "unmanaged",
      "type": "ReportFolder"
    },
    {
      "createdById": "00541000003Aq3qAAC",
      "createdByName": "Jessica Deal",
      "createdDate": "2017-10-03T16:01:24.000Z",
      "fileName": "reports/EPM_Manager_Reports",
      "fullName": "EPM_Manager_Reports",
      "id": "00l41000001E7AmAAK",
      "lastModifiedById": "00541000003Aq3qAAC",
      "lastModifiedByName": "Jessica Deal",
      "lastModifiedDate": "2017-10-03T16:01:24.000Z",
      "manageableState": "unmanaged",
      "type": "ReportFolder"
    },
    {
      "createdById": "0052M000009fdwnQAA",
      "createdByName": "Devon Wood",
      "createdDate": "2021-01-29T17:33:06.000Z",
      "fileName": "reports/FY22_Rollout_and_Demand_Planning",
      "fullName": "FY22_Rollout_and_Demand_Planning",
      "id": "00l3f000000kzfaAAA",
      "lastModifiedById": "0052M000009fdwnQAA",
      "lastModifiedByName": "Devon Wood",
      "lastModifiedDate": "2021-03-04T16:16:20.000Z",
      "manageableState": "unmanaged",
      "type": "ReportFolder"
    },
    {
      "createdById": "0053f00000145zgAAA",
      "createdByName": "Nathan Wylder",
      "createdDate": "2020-06-17T14:12:04.000Z",
      "fileName": "reports/NathanGregS",
      "fullName": "NathanGregS",
      "id": "00l3f000000kz8MAAQ",
      "lastModifiedById": "0053f00000145zgAAA",
      "lastModifiedByName": "Nathan Wylder",
      "lastModifiedDate": "2020-06-17T14:12:04.000Z",
      "manageableState": "unmanaged",
      "type": "ReportFolder"
    },
    {
      "createdById": "00541000003Aq3qAAC",
      "createdByName": "Jessica Deal",
      "createdDate": "2020-09-08T13:45:05.000Z",
      "fileName": "reports/Price_Increase",
      "fullName": "Price_Increase",
      "id": "00l3f000000kzKXAAY",
      "lastModifiedById": "00541000003Aq3qAAC",
      "lastModifiedByName": "Jessica Deal",
      "lastModifiedDate": "2020-09-08T13:45:05.000Z",
      "manageableState": "unmanaged",
      "type": "ReportFolder"
    },
    {
      "createdById": "0052M000009LfFNQA0",
      "createdByName": "David Hetrick",
      "createdDate": "2020-06-10T15:05:34.000Z",
      "fileName": "reports/MikeHandGeoffrey",
      "fullName": "MikeHandGeoffrey",
      "id": "00l3f000000kz7YAAQ",
      "lastModifiedById": "0052M000009LfFNQA0",
      "lastModifiedByName": "David Hetrick",
      "lastModifiedDate": "2020-06-10T15:05:34.000Z",
      "manageableState": "unmanaged",
      "type": "ReportFolder"
    },
    {
      "createdById": "0053f00000145zgAAA",
      "createdByName": "Nathan Wylder",
      "createdDate": "2022-12-08T18:30:16.000Z",
      "fileName": "reports/TAPTESTING",
      "fullName": "TAPTESTING",
      "id": "00l540000015w49AAA",
      "lastModifiedById": "0053f00000145zgAAA",
      "lastModifiedByName": "Nathan Wylder",
      "lastModifiedDate": "2022-12-08T18:30:16.000Z",
      "manageableState": "unmanaged",
      "type": "ReportFolder"
    },
    {
      "createdById": "0053f00000145zgAAA",
      "createdByName": "Nathan Wylder",
      "createdDate": "2020-07-22T13:36:46.000Z",
      "fileName": "reports/NathanDClick",
      "fullName": "NathanDClick",
      "id": "00l3f000000kzCxAAI",
      "lastModifiedById": "0053f00000145zgAAA",
      "lastModifiedByName": "Nathan Wylder",
      "lastModifiedDate": "2020-07-22T13:36:46.000Z",
      "manageableState": "unmanaged",
      "type": "ReportFolder"
    },
    {
      "createdById": "00541000003Aq3qAAC",
      "createdByName": "Jessica Deal",
      "createdDate": "2017-08-07T19:12:01.000Z",
      "fileName": "reports/Project_Qualification_Reports",
      "fullName": "Project_Qualification_Reports",
      "id": "00l41000001FumLAAS",
      "lastModifiedById": "00541000003Aq3qAAC",
      "lastModifiedByName": "Jessica Deal",
      "lastModifiedDate": "2017-08-07T19:12:01.000Z",
      "manageableState": "unmanaged",
      "type": "ReportFolder"
    },
    {
      "createdById": "00541000003Aq3qAAC",
      "createdByName": "Jessica Deal",
      "createdDate": "2019-03-20T19:24:50.000Z",
      "fileName": "reports/Polyflex",
      "fullName": "Polyflex",
      "id": "00l2M000001qMilQAE",
      "lastModifiedById": "00541000003Aq3qAAC",
      "lastModifiedByName": "Jessica Deal",
      "lastModifiedDate": "2019-03-20T19:24:50.000Z",
      "manageableState": "unmanaged",
      "type": "ReportFolder"
    },
    {
      "createdById": "00541000003Aq3qAAC",
      "createdByName": "Jessica Deal",
      "createdDate": "2017-07-24T20:42:06.000Z",
      "fileName": "reports/Take_Off_Request_Reports",
      "fullName": "Take_Off_Request_Reports",
      "id": "00l41000001FsQSAA0",
      "lastModifiedById": "00541000003Aq3qAAC",
      "lastModifiedByName": "Jessica Deal",
      "lastModifiedDate": "2017-07-24T20:42:06.000Z",
      "manageableState": "unmanaged",
      "type": "ReportFolder"
    },
    {
      "createdById": "00541000003Aq3qAAC",
      "createdByName": "Jessica Deal",
      "createdDate": "2018-02-08T13:42:39.000Z",
      "fileName": "reports/Salesforce_Effectiveness_Reports",
      "fullName": "Salesforce_Effectiveness_Reports",
      "id": "00l41000001EKYYAA4",
      "lastModifiedById": "00541000003Aq3qAAC",
      "lastModifiedByName": "Jessica Deal",
      "lastModifiedDate": "2018-02-08T13:42:39.000Z",
      "manageableState": "unmanaged",
      "type": "ReportFolder"
    },
    {
      "createdById": "00541000003Aq3qAAC",
      "createdByName": "Jessica Deal",
      "createdDate": "2022-01-19T22:07:13.000Z",
      "fileName": "reports/PowerBI_Monthly_Report",
      "fullName": "PowerBI_Monthly_Report",
      "id": "00l3f000000tOjIAAU",
      "lastModifiedById": "00541000003Aq3qAAC",
      "lastModifiedByName": "Jessica Deal",
      "lastModifiedDate": "2022-01-19T22:07:13.000Z",
      "manageableState": "unmanaged",
      "type": "ReportFolder"
    },
    {
      "createdById": "0052M000009fdwnQAA",
      "createdByName": "Devon Wood",
      "createdDate": "2020-07-20T15:56:04.000Z",
      "fileName": "reports/Quote_to_Order_Reconciliation",
      "fullName": "Quote_to_Order_Reconciliation",
      "id": "00l3f000000kzCJAAY",
      "lastModifiedById": "0052M000009fdwnQAA",
      "lastModifiedByName": "Devon Wood",
      "lastModifiedDate": "2020-07-20T15:56:04.000Z",
      "manageableState": "unmanaged",
      "type": "ReportFolder"
    }
  ]
}