{
  "status": 0,
  "result": [
    {
      "createdById": "00541000004SMkpAAG",
      "createdByName": "SFDC Support",
      "createdDate": "2018-04-04T20:45:13.000Z",
      "fileName": "reportTypes/Requested_Prices.reportType",
      "fullName": "Requested_Prices",
      "id": "07041000000SOKpAAO",
      "lastModifiedById": "00541000004SMkpAAG",
      "lastModifiedByName": "SFDC Support",
      "lastModifiedDate": "2018-04-04T20:45:14.000Z",
      "manageableState": "unmanaged",
      "type": "ReportType"
    },
    {
      "createdById": "00541000003Aq3qAAC",
      "createdByName": "Jessica Deal",
      "createdDate": "2018-07-24T13:17:23.000Z",
      "fileName": "reportTypes/Quotes_Requested_Price.reportType",
      "fullName": "Quotes_Requested_Price",
      "id": "07041000000sbEGAAY",
      "lastModifiedById": "00541000003Aq3qAAC",
      "lastModifiedByName": "Jessica Deal",
      "lastModifiedDate": "2018-08-03T14:13:01.000Z",
      "manageableState": "unmanaged",
      "type": "ReportType"
    },
    {
      "createdById": "00541000004SyXBAA0",
      "createdByName": "Zack Patrick",
      "createdDate": "2019-03-28T13:23:02.000Z",
      "fileName": "reportTypes/Projects_with_Orders.reportType",
      "fullName": "Projects_with_Orders",
      "id": "0702M000000cecrQAA",
      "lastModifiedById": "00541000003Aq3qAAC",
      "lastModifiedByName": "Jessica Deal",
      "lastModifiedDate": "2022-01-20T16:28:55.000Z",
      "manageableState": "unmanaged",
      "type": "ReportType"
    },
    {
      "createdById": "0053f00000145zgAAA",
      "createdByName": "Nathan Wylder",
      "createdDate": "2020-02-25T18:14:38.000Z",
      "fileName": "reportTypes/Quote_Requets_with_or_without_Quotes.reportType",
      "fullName": "Quote_Requets_with_or_without_Quotes",
      "id": "0703f000000GmiwAAC",
      "lastModifiedById": "0053f00000145zgAAA",
      "lastModifiedByName": "Nathan Wylder",
      "lastModifiedDate": "2020-02-25T18:40:10.000Z",
      "manageableState": "unmanaged",
      "type": "ReportType"
    },
    {
      "createdById": "00541000003Aq3qAAC",
      "createdByName": "Jessica Deal",
      "createdDate": "2017-06-01T19:44:24.000Z",
      "fileName": "reportTypes/Projects_with_Cases.reportType",
      "fullName": "Projects_with_Cases",
      "id": "07041000000gMteAAE",
      "lastModifiedById": "0053f00000145zgAAA",
      "lastModifiedByName": "Nathan Wylder",
      "lastModifiedDate": "2022-05-03T10:49:48.000Z",
      "manageableState": "unmanaged",
      "type": "ReportType"
    },
    {
      "createdById": "00541000003Aq3qAAC",
      "createdByName": "Jessica Deal",
      "createdDate": "2017-09-06T14:24:18.000Z",
      "fileName": "reportTypes/Projects_with_Quote_Requests.reportType",
      "fullName": "Projects_with_Quote_Requests",
      "id": "07041000000cLULAA2",
      "lastModifiedById": "00541000003Aq3qAAC",
      "lastModifiedByName": "Jessica Deal",
      "lastModifiedDate": "2021-07-30T15:16:02.000Z",
      "manageableState": "unmanaged",
      "type": "ReportType"
    },
    {
      "createdById": "00541000004SyXBAA0",
      "createdByName": "Zack Patrick",
      "createdDate": "2021-06-14T14:43:44.000Z",
      "fileName": "reportTypes/Integration_Logs.reportType",
      "fullName": "Integration_Logs",
      "id": "0703f00000000FwAAI",
      "lastModifiedById": "00541000004SyXBAA0",
      "lastModifiedByName": "Zack Patrick",
      "lastModifiedDate": "2021-06-14T14:43:45.000Z",
      "manageableState": "unmanaged",
      "type": "ReportType"
    },
    {
      "createdById": "00541000003Aq3qAAC",
      "createdByName": "Jessica Deal",
      "createdDate": "2021-12-10T15:26:55.000Z",
      "fileName": "reportTypes/Orders_with_Order_Products.reportType",
      "fullName": "Orders_with_Order_Products",
      "id": "0703f000000TNbwAAG",
      "lastModifiedById": "00541000004SyXBAA0",
      "lastModifiedByName": "Zack Patrick",
      "lastModifiedDate": "2022-01-11T21:17:58.000Z",
      "manageableState": "unmanaged",
      "type": "ReportType"
    },
    {
      "createdById": "00541000004SyXBAA0",
      "createdByName": "Zack Patrick",
      "createdDate": "2020-04-23T15:53:53.000Z",
      "fileName": "reportTypes/Projects_with_Quotes_with_Quote_Documents.reportType",
      "fullName": "Projects_with_Quotes_with_Quote_Documents",
      "id": "0703f000000Gml7AAC",
      "lastModifiedById": "00541000004SyXBAA0",
      "lastModifiedByName": "Zack Patrick",
      "lastModifiedDate": "2020-04-23T15:53:53.000Z",
      "manageableState": "unmanaged",
      "type": "ReportType"
    },
    {
      "createdById": "00541000003Aq3qAAC",
      "createdByName": "Jessica Deal",
      "createdDate": "2018-03-08T16:21:29.000Z",
      "fileName": "reportTypes/Pricing_Integration_Analysis.reportType",
      "fullName": "Pricing_Integration_Analysis",
      "id": "07041000000cYVLAA2",
      "lastModifiedById": "00541000003Aq3qAAC",
      "lastModifiedByName": "Jessica Deal",
      "lastModifiedDate": "2018-03-14T13:28:48.000Z",
      "manageableState": "unmanaged",
      "type": "ReportType"
    },
    {
      "createdById": "00541000004SyXBAA0",
      "createdByName": "Zack Patrick",
      "createdDate": "2022-07-29T18:36:28.000Z",
      "fileName": "reportTypes/Quote_Requests_with_Quotes_with_Advanced_Approvals.reportType",
      "fullName": "Quote_Requests_with_Quotes_with_Advanced_Approvals",
      "id": "0703f000000KzeRAAS",
      "lastModifiedById": "00541000004SyXBAA0",
      "lastModifiedByName": "Zack Patrick",
      "lastModifiedDate": "2022-07-29T18:41:26.000Z",
      "manageableState": "unmanaged",
      "type": "ReportType"
    },
    {
      "createdById": "00541000004SyXBAA0",
      "createdByName": "Zack Patrick",
      "createdDate": "2020-06-16T15:23:13.000Z",
      "fileName": "reportTypes/Accounts_with_Market_Share_Models_with_Targets.reportType",
      "fullName": "Accounts_with_Market_Share_Models_with_Targets",
      "id": "0703f000000GmnXAAS",
      "lastModifiedById": "00541000004SyXBAA0",
      "lastModifiedByName": "Zack Patrick",
      "lastModifiedDate": "2020-06-16T15:23:13.000Z",
      "manageableState": "unmanaged",
      "type": "ReportType"
    },
    {
      "createdById": "00541000003Aq3qAAC",
      "createdByName": "Jessica Deal",
      "createdDate": "2017-06-01T19:44:25.000Z",
      "fileName": "reportTypes/Projects_with_Custom_Quotes.reportType",
      "fullName": "Projects_with_Custom_Quotes",
      "id": "07041000000gMtfAAE",
      "lastModifiedById": "00541000003Aq3qAAC",
      "lastModifiedByName": "Jessica Deal",
      "lastModifiedDate": "2017-07-10T21:12:03.000Z",
      "manageableState": "unmanaged",
      "type": "ReportType"
    },
    {
      "createdById": "00541000004SyXBAA0",
      "createdByName": "Zack Patrick",
      "createdDate": "2021-09-22T20:03:10.000Z",
      "fileName": "reportTypes/Cases_with_ESR_Weighted_Scores.reportType",
      "fullName": "Cases_with_ESR_Weighted_Scores",
      "id": "0703f000000TNVUAA4",
      "lastModifiedById": "00541000004SyXBAA0",
      "lastModifiedByName": "Zack Patrick",
      "lastModifiedDate": "2021-09-22T20:03:10.000Z",
      "manageableState": "unmanaged",
      "type": "ReportType"
    },
    {
      "createdById": "00541000003Aq3qAAC",
      "createdByName": "Jessica Deal",
      "createdDate": "2019-01-04T14:38:45.000Z",
      "fileName": "reportTypes/Projects_Primary_Products.reportType",
      "fullName": "Projects_Primary_Products",
      "id": "0702M000000GdfSQAS",
      "lastModifiedById": "00541000003Aq3qAAC",
      "lastModifiedByName": "Jessica Deal",
      "lastModifiedDate": "2019-01-04T14:38:46.000Z",
      "manageableState": "unmanaged",
      "type": "ReportType"
    },
    {
      "createdById": "00541000003BNENAA4",
      "createdByName": "Brandon Clements",
      "createdDate": "2018-06-06T19:56:56.000Z",
      "fileName": "reportTypes/Projects_with_or_without_Quote_Requests.reportType",
      "fullName": "Projects_with_or_without_Quote_Requests",
      "id": "07041000000sahbAAA",
      "lastModifiedById": "00541000003BNENAA4",
      "lastModifiedByName": "Brandon Clements",
      "lastModifiedDate": "2018-06-06T19:57:13.000Z",
      "manageableState": "unmanaged",
      "type": "ReportType"
    },
    {
      "createdById": "00541000004SyXBAA0",
      "createdByName": "Zack Patrick",
      "createdDate": "2021-11-08T21:14:50.000Z",
      "fileName": "reportTypes/Email_Messages.reportType",
      "fullName": "Email_Messages",
      "id": "0703f000000TNayAAG",
      "lastModifiedById": "00541000004SyXBAA0",
      "lastModifiedByName": "Zack Patrick",
      "lastModifiedDate": "2021-11-08T21:14:50.000Z",
      "manageableState": "unmanaged",
      "type": "ReportType"
    },
    {
      "createdById": "00541000004SyXBAA0",
      "createdByName": "Zack Patrick",
      "createdDate": "2020-01-02T21:03:19.000Z",
      "fileName": "reportTypes/Accounts_with_Quotes_with_Activities.reportType",
      "fullName": "Accounts_with_Quotes_with_Activities",
      "id": "0703f000000GmfJAAS",
      "lastModifiedById": "00541000004SyXBAA0",
      "lastModifiedByName": "Zack Patrick",
      "lastModifiedDate": "2020-01-02T21:03:26.000Z",
      "manageableState": "unmanaged",
      "type": "ReportType"
    },
    {
      "createdById": "00541000003Aq3qAAC",
      "createdByName": "Jessica Deal",
      "createdDate": "2017-09-01T15:28:19.000Z",
      "fileName": "reportTypes/projects_w_quotes.reportType",
      "fullName": "projects_w_quotes",
      "id": "07041000000cL6YAAU",
      "lastModifiedById": "00541000003Aq3qAAC",
      "lastModifiedByName": "Jessica Deal",
      "lastModifiedDate": "2017-09-01T15:33:19.000Z",
      "manageableState": "unmanaged",
      "type": "ReportType"
    },
    {
      "createdById": "00541000004SyXBAA0",
      "createdByName": "Zack Patrick",
      "createdDate": "2019-04-17T13:40:40.000Z",
      "fileName": "reportTypes/Polyflex_Targets.reportType",
      "fullName": "Polyflex_Targets",
      "id": "0702M0000003KUxQAM",
      "lastModifiedById": "00541000004SyXBAA0",
      "lastModifiedByName": "Zack Patrick",
      "lastModifiedDate": "2019-04-30T16:15:44.000Z",
      "manageableState": "unmanaged",
      "type": "ReportType"
    },
    {
      "createdById": "0053f000001F7USAA0",
      "createdByName": "Nathan Cox",
      "createdDate": "2021-08-27T21:19:33.000Z",
      "fileName": "reportTypes/Quote_Integration_Logs.reportType",
      "fullName": "Quote_Integration_Logs",
      "id": "0703f000000TNV0AAO",
      "lastModifiedById": "0053f000001F7USAA0",
      "lastModifiedByName": "Nathan Cox",
      "lastModifiedDate": "2021-08-27T21:19:34.000Z",
      "manageableState": "unmanaged",
      "type": "ReportType"
    },
    {
      "createdById": "00541000004SyXBAA0",
      "createdByName": "Zack Patrick",
      "createdDate": "2020-02-06T20:16:40.000Z",
      "fileName": "reportTypes/Cases_with_Quotes_with_Quote_Lines.reportType",
      "fullName": "Cases_with_Quotes_with_Quote_Lines",
      "id": "0703f000000GmhjAAC",
      "lastModifiedById": "00541000004SyXBAA0",
      "lastModifiedByName": "Zack Patrick",
      "lastModifiedDate": "2020-02-06T20:16:40.000Z",
      "manageableState": "unmanaged",
      "type": "ReportType"
    },
    {
      "createdById": "00541000004SyXBAA0",
      "createdByName": "Zack Patrick",
      "createdDate": "2022-03-24T15:57:19.000Z",
      "fileName": "reportTypes/Product_Rules.reportType",
      "fullName": "Product_Rules",
      "id": "0703f000000Kza5AAC",
      "lastModifiedById": "00541000004SyXBAA0",
      "lastModifiedByName": "Zack Patrick",
      "lastModifiedDate": "2022-03-24T15:57:19.000Z",
      "manageableState": "unmanaged",
      "type": "ReportType"
    },
    {
      "createdById": "00541000002RzpjAAC",
      "createdByName": "Dylan Gerow",
      "createdDate": "2017-09-07T16:12:32.000Z",
      "fileName": "reportTypes/Metro_Market_Lookup_Data.reportType",
      "fullName": "Metro_Market_Lookup_Data",
      "id": "07041000000cLgHAAU",
      "lastModifiedById": "00541000002RzpjAAC",
      "lastModifiedByName": "Dylan Gerow",
      "lastModifiedDate": "2017-09-07T16:12:33.000Z",
      "manageableState": "unmanaged",
      "type": "ReportType"
    },
    {
      "createdById": "00541000004SyXBAA0",
      "createdByName": "Zack Patrick",
      "createdDate": "2022-05-31T13:41:00.000Z",
      "fileName": "reportTypes/Cases_with_Quote_Requests.reportType",
      "fullName": "Cases_with_Quote_Requests",
      "id": "0703f000000KzbwAAC",
      "lastModifiedById": "00541000004SyXBAA0",
      "lastModifiedByName": "Zack Patrick",
      "lastModifiedDate": "2022-05-31T13:41:01.000Z",
      "manageableState": "unmanaged",
      "type": "ReportType"
    },
    {
      "createdById": "00541000003BNENAA4",
      "createdByName": "Brandon Clements",
      "createdDate": "2018-03-02T20:37:36.000Z",
      "fileName": "reportTypes/Quote_Price_Analyses.reportType",
      "fullName": "Quote_Price_Analyses",
      "id": "07041000000cYLfAAM",
      "lastModifiedById": "00541000003BNENAA4",
      "lastModifiedByName": "Brandon Clements",
      "lastModifiedDate": "2018-03-02T20:37:36.000Z",
      "manageableState": "unmanaged",
      "type": "ReportType"
    },
    {
      "createdById": "00541000003BNENAA4",
      "createdByName": "Brandon Clements",
      "createdDate": "2018-06-07T16:41:09.000Z",
      "fileName": "reportTypes/Projects_with_or_without_Quotes2.reportType",
      "fullName": "Projects_with_or_without_Quotes2",
      "id": "07041000000saiZAAQ",
      "lastModifiedById": "0053f00000145zgAAA",
      "lastModifiedByName": "Nathan Wylder",
      "lastModifiedDate": "2020-10-07T15:40:45.000Z",
      "manageableState": "unmanaged",
      "type": "ReportType"
    },
    {
      "createdById": "00541000004SyXBAA0",
      "createdByName": "Zack Patrick",
      "createdDate": "2022-03-23T20:39:03.000Z",
      "fileName": "reportTypes/Price_Rules_with_Lookup_Queries.reportType",
      "fullName": "Price_Rules_with_Lookup_Queries",
      "id": "0703f000000KzZvAAK",
      "lastModifiedById": "00541000004SyXBAA0",
      "lastModifiedByName": "Zack Patrick",
      "lastModifiedDate": "2022-03-23T20:39:04.000Z",
      "manageableState": "unmanaged",
      "type": "ReportType"
    },
    {
      "createdById": "00541000003Aq3qAAC",
      "createdByName": "Jessica Deal",
      "createdDate": "2017-08-07T20:21:48.000Z",
      "fileName": "reportTypes/Users_Support.reportType",
      "fullName": "Users_Support",
      "id": "07041000000gUGdAAM",
      "lastModifiedById": "00541000003Aq3qAAC",
      "lastModifiedByName": "Jessica Deal",
      "lastModifiedDate": "2017-08-07T20:21:48.000Z",
      "manageableState": "unmanaged",
      "type": "ReportType"
    },
    {
      "createdById": "0053f000001F7USAA0",
      "createdByName": "Nathan Cox",
      "createdDate": "2021-09-22T15:12:19.000Z",
      "fileName": "reportTypes/Products_Missing_Price_Book_Entries.reportType",
      "fullName": "Products_Missing_Price_Book_Entries",
      "id": "0703f000000TNVPAA4",
      "lastModifiedById": "0053f000001F7USAA0",
      "lastModifiedByName": "Nathan Cox",
      "lastModifiedDate": "2021-09-22T15:12:19.000Z",
      "manageableState": "unmanaged",
      "type": "ReportType"
    },
    {
      "createdById": "00541000003Aq3qAAC",
      "createdByName": "Jessica Deal",
      "createdDate": "2018-10-02T14:41:40.000Z",
      "fileName": "reportTypes/Projects_with_Quotes_CPQ.reportType",
      "fullName": "Projects_with_Quotes_CPQ",
      "id": "07041000000ccmBAAQ",
      "lastModifiedById": "00541000003Aq3qAAC",
      "lastModifiedByName": "Jessica Deal",
      "lastModifiedDate": "2022-06-06T18:15:24.000Z",
      "manageableState": "unmanaged",
      "type": "ReportType"
    },
    {
      "createdById": "00541000004SyXBAA0",
      "createdByName": "Zack Patrick",
      "createdDate": "2022-01-31T18:24:18.000Z",
      "fileName": "reportTypes/Accounts_with_or_without_Projects.reportType",
      "fullName": "Accounts_with_or_without_Projects",
      "id": "0703f000000KzYEAA0",
      "lastModifiedById": "00541000004SyXBAA0",
      "lastModifiedByName": "Zack Patrick",
      "lastModifiedDate": "2022-01-31T18:24:18.000Z",
      "manageableState": "unmanaged",
      "type": "ReportType"
    },
    {
      "createdById": "00541000003Aq3qAAC",
      "createdByName": "Jessica Deal",
      "createdDate": "2017-06-01T19:44:23.000Z",
      "fileName": "reportTypes/Accounts_with_Projects_and_Quotes.reportType",
      "fullName": "Accounts_with_Projects_and_Quotes",
      "id": "07041000000gMtbAAE",
      "lastModifiedById": "00541000003Aq3qAAC",
      "lastModifiedByName": "Jessica Deal",
      "lastModifiedDate": "2017-06-01T19:44:23.000Z",
      "manageableState": "unmanaged",
      "type": "ReportType"
    },
    {
      "createdById": "00541000003BNENAA4",
      "createdByName": "Brandon Clements",
      "createdDate": "2018-03-02T20:48:23.000Z",
      "fileName": "reportTypes/Quote_Price_Analyses_Test_2.reportType",
      "fullName": "Quote_Price_Analyses_Test_2",
      "id": "07041000000cYLpAAM",
      "lastModifiedById": "00541000003BNENAA4",
      "lastModifiedByName": "Brandon Clements",
      "lastModifiedDate": "2018-03-30T16:33:21.000Z",
      "manageableState": "unmanaged",
      "type": "ReportType"
    },
    {
      "createdById": "00541000004SyXBAA0",
      "createdByName": "Zack Patrick",
      "createdDate": "2022-05-18T13:01:16.000Z",
      "fileName": "reportTypes/Users_custom.reportType",
      "fullName": "Users_custom",
      "id": "0703f000000KzbrAAC",
      "lastModifiedById": "00541000004SyXBAA0",
      "lastModifiedByName": "Zack Patrick",
      "lastModifiedDate": "2022-06-14T16:43:04.000Z",
      "manageableState": "unmanaged",
      "type": "ReportType"
    },
    {
      "createdById": "00541000004SyXBAA0",
      "createdByName": "Zack Patrick",
      "createdDate": "2022-03-24T14:13:38.000Z",
      "fileName": "reportTypes/Price_Rules.reportType",
      "fullName": "Price_Rules",
      "id": "0703f000000Kza0AAC",
      "lastModifiedById": "00541000004SyXBAA0",
      "lastModifiedByName": "Zack Patrick",
      "lastModifiedDate": "2022-03-24T14:13:38.000Z",
      "manageableState": "unmanaged",
      "type": "ReportType"
    },
    {
      "createdById": "00541000003Aq3qAAC",
      "createdByName": "Jessica Deal",
      "createdDate": "2019-03-15T14:37:51.000Z",
      "fileName": "reportTypes/Quote_Approval_History.reportType",
      "fullName": "Quote_Approval_History",
      "id": "0702M000000ceaqQAA",
      "lastModifiedById": "00541000003Aq3qAAC",
      "lastModifiedByName": "Jessica Deal",
      "lastModifiedDate": "2020-08-20T19:25:01.000Z",
      "manageableState": "unmanaged",
      "type": "ReportType"
    },
    {
      "createdById": "00541000003Aq3qAAC",
      "createdByName": "Jessica Deal",
      "createdDate": "2021-08-25T12:46:24.000Z",
      "fileName": "reportTypes/Amended_Quote_Lines.reportType",
      "fullName": "Amended_Quote_Lines",
      "id": "0703f000000TNUbAAO",
      "lastModifiedById": "00541000003Aq3qAAC",
      "lastModifiedByName": "Jessica Deal",
      "lastModifiedDate": "2021-08-25T12:46:24.000Z",
      "manageableState": "unmanaged",
      "type": "ReportType"
    },
    {
      "createdById": "00541000004SyXBAA0",
      "createdByName": "Zack Patrick",
      "createdDate": "2018-12-13T14:45:21.000Z",
      "fileName": "reportTypes/Projects_with_without_Project_Teams.reportType",
      "fullName": "Projects_with_without_Project_Teams",
      "id": "0702M000000GdcOQAS",
      "lastModifiedById": "00541000004SyXBAA0",
      "lastModifiedByName": "Zack Patrick",
      "lastModifiedDate": "2018-12-13T14:45:21.000Z",
      "manageableState": "unmanaged",
      "type": "ReportType"
    },
    {
      "createdById": "00541000004SyXBAA0",
      "createdByName": "Zack Patrick",
      "createdDate": "2019-01-14T15:13:53.000Z",
      "fileName": "reportTypes/Projects_with_Quotes_with_Quote_Lines.reportType",
      "fullName": "Projects_with_Quotes_with_Quote_Lines",
      "id": "0702M000000GdgfQAC",
      "lastModifiedById": "0053f00000145zgAAA",
      "lastModifiedByName": "Nathan Wylder",
      "lastModifiedDate": "2023-01-03T19:30:26.000Z",
      "manageableState": "unmanaged",
      "type": "ReportType"
    },
    {
      "createdById": "00541000003Aq3qAAC",
      "createdByName": "Jessica Deal",
      "createdDate": "2017-06-01T19:44:22.000Z",
      "fileName": "reportTypes/Accounts_with_Projects.reportType",
      "fullName": "Accounts_with_Projects",
      "id": "07041000000gMtaAAE",
      "lastModifiedById": "00541000003Aq3qAAC",
      "lastModifiedByName": "Jessica Deal",
      "lastModifiedDate": "2017-06-01T19:44:23.000Z",
      "manageableState": "unmanaged",
      "type": "ReportType"
    },
    {
      "createdById": "00541000003BNENAA4",
      "createdByName": "Brandon Clements",
      "createdDate": "2018-06-26T13:41:15.000Z",
      "fileName": "reportTypes/Opportunities_with_Quotes_with_Quote_Lines1.reportType",
      "fullName": "Opportunities_with_Quotes_with_Quote_Lines1",
      "id": "07041000000sauzAAA",
      "lastModifiedById": "00541000003BNENAA4",
      "lastModifiedByName": "Brandon Clements",
      "lastModifiedDate": "2018-06-26T13:42:28.000Z",
      "manageableState": "unmanaged",
      "type": "ReportType"
    },
    {
      "createdById": "00541000003Aq3qAAC",
      "createdByName": "Jessica Deal",
      "createdDate": "2017-08-07T20:12:22.000Z",
      "fileName": "reportTypes/Users_Quote_Requests.reportType",
      "fullName": "Users_Quote_Requests",
      "id": "07041000000gUGEAA2",
      "lastModifiedById": "00541000003Aq3qAAC",
      "lastModifiedByName": "Jessica Deal",
      "lastModifiedDate": "2017-08-07T20:12:42.000Z",
      "manageableState": "unmanaged",
      "type": "ReportType"
    },
    {
      "createdById": "0053f00000145zgAAA",
      "createdByName": "Nathan Wylder",
      "createdDate": "2020-05-27T12:38:23.000Z",
      "fileName": "reportTypes/Users_and_user_licenses.reportType",
      "fullName": "Users_and_user_licenses",
      "id": "0703f000000GmmZAAS",
      "lastModifiedById": "0053f00000145zgAAA",
      "lastModifiedByName": "Nathan Wylder",
      "lastModifiedDate": "2020-05-27T12:40:42.000Z",
      "manageableState": "unmanaged",
      "type": "ReportType"
    },
    {
      "createdById": "00541000003Aq3qAAC",
      "createdByName": "Jessica Deal",
      "createdDate": "2019-05-21T18:35:02.000Z",
      "fileName": "reportTypes/Accounts_with_Contacts.reportType",
      "fullName": "Accounts_with_Contacts",
      "id": "0702M000000cekqQAA",
      "lastModifiedById": "00541000004SyXBAA0",
      "lastModifiedByName": "Zack Patrick",
      "lastModifiedDate": "2020-10-13T13:44:52.000Z",
      "manageableState": "unmanaged",
      "type": "ReportType"
    },
    {
      "createdById": "00541000004SyXBAA0",
      "createdByName": "Zack Patrick",
      "createdDate": "2021-09-14T15:13:06.000Z",
      "fileName": "reportTypes/Engagement_Campaign_Recipients.reportType",
      "fullName": "Engagement_Campaign_Recipients",
      "id": "0703f000000TNVKAA4",
      "lastModifiedById": "00541000004SyXBAA0",
      "lastModifiedByName": "Zack Patrick",
      "lastModifiedDate": "2021-09-14T15:13:06.000Z",
      "manageableState": "unmanaged",
      "type": "ReportType"
    },
    {
      "createdById": "00541000003BNENAA4",
      "createdByName": "Brandon Clements",
      "createdDate": "2018-06-07T16:43:52.000Z",
      "fileName": "reportTypes/projects_w_quotes2.reportType",
      "fullName": "projects_w_quotes2",
      "id": "07041000000saieAAA",
      "lastModifiedById": "00541000003BNENAA4",
      "lastModifiedByName": "Brandon Clements",
      "lastModifiedDate": "2018-06-07T16:44:00.000Z",
      "manageableState": "unmanaged",
      "type": "ReportType"
    },
    {
      "createdById": "00541000004SyXBAA0",
      "createdByName": "Zack Patrick",
      "createdDate": "2018-03-16T14:15:57.000Z",
      "fileName": "reportTypes/Accounts_with_Approvals_with_Activity.reportType",
      "fullName": "Accounts_with_Approvals_with_Activity",
      "id": "07041000000SNvaAAG",
      "lastModifiedById": "00541000004SyXBAA0",
      "lastModifiedByName": "Zack Patrick",
      "lastModifiedDate": "2020-09-16T12:17:55.000Z",
      "manageableState": "unmanaged",
      "type": "ReportType"
    },
    {
      "createdById": "00541000004SyXBAA0",
      "createdByName": "Zack Patrick",
      "createdDate": "2018-02-08T19:00:11.000Z",
      "fileName": "reportTypes/Projects_with_Quote_Lines.reportType",
      "fullName": "Projects_with_Quote_Lines",
      "id": "07041000000cXBJAA2",
      "lastModifiedById": "00541000004SyXBAA0",
      "lastModifiedByName": "Zack Patrick",
      "lastModifiedDate": "2018-02-08T19:00:14.000Z",
      "manageableState": "unmanaged",
      "type": "ReportType"
    },
    {
      "createdById": "00541000004SyXBAA0",
      "createdByName": "Zack Patrick",
      "createdDate": "2020-08-13T18:23:34.000Z",
      "fileName": "reportTypes/Accounts_with_Entitlements.reportType",
      "fullName": "Accounts_with_Entitlements",
      "id": "0703f000000GmuYAAS",
      "lastModifiedById": "00541000004SyXBAA0",
      "lastModifiedByName": "Zack Patrick",
      "lastModifiedDate": "2021-04-19T15:29:39.000Z",
      "manageableState": "unmanaged",
      "type": "ReportType"
    },
    {
      "createdById": "0052M000009LfFNQA0",
      "createdByName": "David Hetrick",
      "createdDate": "2020-05-12T20:58:11.000Z",
      "fileName": "reportTypes/Accounts_w_Activities_CR.reportType",
      "fullName": "Accounts_w_Activities_CR",
      "id": "0703f000000GmmAAAS",
      "lastModifiedById": "0052M000009LfFNQA0",
      "lastModifiedByName": "David Hetrick",
      "lastModifiedDate": "2020-05-12T20:58:11.000Z",
      "manageableState": "unmanaged",
      "type": "ReportType"
    },
    {
      "createdById": "00541000003BNENAA4",
      "createdByName": "Brandon Clements",
      "createdDate": "2018-06-07T16:40:03.000Z",
      "fileName": "reportTypes/Projects_with_or_without_Quotes.reportType",
      "fullName": "Projects_with_or_without_Quotes",
      "id": "07041000000saiUAAQ",
      "lastModifiedById": "0053f00000145zgAAA",
      "lastModifiedByName": "Nathan Wylder",
      "lastModifiedDate": "2021-04-21T21:28:28.000Z",
      "manageableState": "unmanaged",
      "type": "ReportType"
    },
    {
      "createdById": "00541000003Aq3qAAC",
      "createdByName": "Jessica Deal",
      "createdDate": "2022-01-20T16:39:26.000Z",
      "fileName": "reportTypes/Projects_w_Orders.reportType",
      "fullName": "Projects_w_Orders",
      "id": "0703f000000KzXuAAK",
      "lastModifiedById": "00541000003Aq3qAAC",
      "lastModifiedByName": "Jessica Deal",
      "lastModifiedDate": "2022-01-20T16:39:26.000Z",
      "manageableState": "unmanaged",
      "type": "ReportType"
    },
    {
      "createdById": "0053f00000145zgAAA",
      "createdByName": "Nathan Wylder",
      "createdDate": "2020-10-07T17:33:01.000Z",
      "fileName": "reportTypes/Projects_w_wo_Quotes_w_wo_Quote_Lines.reportType",
      "fullName": "Projects_w_wo_Quotes_w_wo_Quote_Lines",
      "id": "0703f000000GmxhAAC",
      "lastModifiedById": "0053f00000145zgAAA",
      "lastModifiedByName": "Nathan Wylder",
      "lastModifiedDate": "2020-10-07T17:33:01.000Z",
      "manageableState": "unmanaged",
      "type": "ReportType"
    },
    {
      "createdById": "00541000004SyXBAA0",
      "createdByName": "Zack Patrick",
      "createdDate": "2021-11-08T17:25:23.000Z",
      "fileName": "reportTypes/Quotes_with_Orders.reportType",
      "fullName": "Quotes_with_Orders",
      "id": "0703f000000TNatAAG",
      "lastModifiedById": "00541000004SyXBAA0",
      "lastModifiedByName": "Zack Patrick",
      "lastModifiedDate": "2021-11-08T17:25:24.000Z",
      "manageableState": "unmanaged",
      "type": "ReportType"
    },
    {
      "createdById": "0053f00000145zgAAA",
      "createdByName": "Nathan Wylder",
      "createdDate": "2021-02-05T18:23:18.000Z",
      "fileName": "reportTypes/Support_with_Users.reportType",
      "fullName": "Support_with_Users",
      "id": "0703f000000Gn5CAAS",
      "lastModifiedById": "0053f00000145zgAAA",
      "lastModifiedByName": "Nathan Wylder",
      "lastModifiedDate": "2021-02-05T18:30:41.000Z",
      "manageableState": "unmanaged",
      "type": "ReportType"
    },
    {
      "createdById": "00541000004SyXBAA0",
      "createdByName": "Zack Patrick",
      "createdDate": "2020-02-11T16:37:00.000Z",
      "fileName": "reportTypes/Projects_with_Cases_with_Quotes_with_Quote_Lines.reportType",
      "fullName": "Projects_with_Cases_with_Quotes_with_Quote_Lines",
      "id": "0703f000000Gmi3AAC",
      "lastModifiedById": "0052M000009LfFNQA0",
      "lastModifiedByName": "David Hetrick",
      "lastModifiedDate": "2020-12-15T20:02:33.000Z",
      "manageableState": "unmanaged",
      "type": "ReportType"
    },
    {
      "createdById": "0053f00000145zgAAA",
      "createdByName": "Nathan Wylder",
      "createdDate": "2022-12-20T19:22:09.000Z",
      "fileName": "reportTypes/LWCCaseTimer__Case_Session_Times.reportType",
      "fullName": "LWCCaseTimer__Case_Session_Times",
      "id": "070540000011t6OAAQ",
      "lastModifiedById": "0053f00000145zgAAA",
      "lastModifiedByName": "Nathan Wylder",
      "lastModifiedDate": "2022-12-20T19:22:10.000Z",
      "manageableState": "installed",
      "namespacePrefix": "LWCCaseTimer",
      "type": "ReportType"
    },
    {
      "createdById": "00541000004SyXBAA0",
      "createdByName": "Zack Patrick",
      "createdDate": "2018-01-11T17:29:58.000Z",
      "fileName": "reportTypes/Projects_with_Quotes.reportType",
      "fullName": "Projects_with_Quotes",
      "id": "07041000000cVT5AAM",
      "lastModifiedById": "0053f00000145zgAAA",
      "lastModifiedByName": "Nathan Wylder",
      "lastModifiedDate": "2021-01-21T15:58:46.000Z",
      "manageableState": "unmanaged",
      "type": "ReportType"
    },
    {
      "createdById": "0053f00000145zgAAA",
      "createdByName": "Nathan Wylder",
      "createdDate": "2020-04-24T20:51:31.000Z",
      "fileName": "reportTypes/Territories_with_or_without_User_Assignments.reportType",
      "fullName": "Territories_with_or_without_User_Assignments",
      "id": "0703f000000GmlHAAS",
      "lastModifiedById": "0053f00000145zgAAA",
      "lastModifiedByName": "Nathan Wylder",
      "lastModifiedDate": "2020-04-24T20:53:44.000Z",
      "manageableState": "unmanaged",
      "type": "ReportType"
    },
    {
      "createdById": "0053f00000145zgAAA",
      "createdByName": "Nathan Wylder",
      "createdDate": "2023-02-03T16:53:32.000Z",
      "fileName": "reportTypes/Objects_and_Fields.reportType",
      "fullName": "Objects_and_Fields",
      "id": "070540000011tKaAAI",
      "lastModifiedById": "0053f00000145zgAAA",
      "lastModifiedByName": "Nathan Wylder",
      "lastModifiedDate": "2023-02-03T16:54:03.000Z",
      "manageableState": "unmanaged",
      "type": "ReportType"
    },
    {
      "createdById": "00541000002RzpjAAC",
      "createdByName": "Dylan Gerow",
      "createdDate": "2017-03-08T21:32:57.000Z",
      "fileName": "reportTypes/Service_Contracts_with_Contract_Line_Items.reportType",
      "fullName": "Service_Contracts_with_Contract_Line_Items",
      "id": "070410000002qyDAAQ",
      "lastModifiedById": "00541000002RzpjAAC",
      "lastModifiedByName": "Dylan Gerow",
      "lastModifiedDate": "2017-03-08T21:32:57.000Z",
      "manageableState": "unmanaged",
      "type": "ReportType"
    },
    {
      "createdById": "0052M000009LfFNQA0",
      "createdByName": "David Hetrick",
      "createdDate": "2020-07-06T14:18:48.000Z",
      "fileName": "reportTypes/Quote_Lines_Only.reportType",
      "fullName": "Quote_Lines_Only",
      "id": "0703f000000GmokAAC",
      "lastModifiedById": "0052M000009LfFNQA0",
      "lastModifiedByName": "David Hetrick",
      "lastModifiedDate": "2020-07-06T14:18:48.000Z",
      "manageableState": "unmanaged",
      "type": "ReportType"
    },
    {
      "createdById": "00541000003Aq3qAAC",
      "createdByName": "Jessica Deal",
      "createdDate": "2017-08-22T20:31:59.000Z",
      "fileName": "reportTypes/Projects_with_Quote_Requests_and_Quotes_with_Quote.reportType",
      "fullName": "Projects_with_Quote_Requests_and_Quotes_with_Quote",
      "id": "07041000000gVldAAE",
      "lastModifiedById": "00541000003Aq3qAAC",
      "lastModifiedByName": "Jessica Deal",
      "lastModifiedDate": "2018-03-12T17:55:33.000Z",
      "manageableState": "unmanaged",
      "type": "ReportType"
    },
    {
      "createdById": "00541000004SyXBAA0",
      "createdByName": "Zack Patrick",
      "createdDate": "2021-10-04T13:29:16.000Z",
      "fileName": "reportTypes/Accounts_with_Business_Classifications.reportType",
      "fullName": "Accounts_with_Business_Classifications",
      "id": "0703f000000TNWXAA4",
      "lastModifiedById": "00541000004SyXBAA0",
      "lastModifiedByName": "Zack Patrick",
      "lastModifiedDate": "2021-10-04T13:29:16.000Z",
      "manageableState": "unmanaged",
      "type": "ReportType"
    },
    {
      "createdById": "00541000004SyXBAA0",
      "createdByName": "Zack Patrick",
      "createdDate": "2017-12-14T18:34:23.000Z",
      "fileName": "reportTypes/Vendor_Notes_Report.reportType",
      "fullName": "Vendor_Notes_Report",
      "id": "07041000000cU0vAAE",
      "lastModifiedById": "00541000004SyXBAA0",
      "lastModifiedByName": "Zack Patrick",
      "lastModifiedDate": "2017-12-14T18:34:24.000Z",
      "manageableState": "unmanaged",
      "type": "ReportType"
    },
    {
      "createdById": "00541000004SyXBAA0",
      "createdByName": "Zack Patrick",
      "createdDate": "2020-07-21T14:14:52.000Z",
      "fileName": "reportTypes/Products_with_Pricebook_Entries.reportType",
      "fullName": "Products_with_Pricebook_Entries",
      "id": "0703f000000GmtpAAC",
      "lastModifiedById": "00541000004SyXBAA0",
      "lastModifiedByName": "Zack Patrick",
      "lastModifiedDate": "2020-07-21T14:14:52.000Z",
      "manageableState": "unmanaged",
      "type": "ReportType"
    },
    {
      "createdById": "00541000003Aq3qAAC",
      "createdByName": "Jessica Deal",
      "createdDate": "2017-06-01T19:44:23.000Z",
      "fileName": "reportTypes/Opportunities_with_Quotes_and_Quote_Lines.reportType",
      "fullName": "Opportunities_with_Quotes_and_Quote_Lines",
      "id": "07041000000gMtcAAE",
      "lastModifiedById": "00541000003Aq3qAAC",
      "lastModifiedByName": "Jessica Deal",
      "lastModifiedDate": "2019-12-04T14:41:05.000Z",
      "manageableState": "unmanaged",
      "type": "ReportType"
    },
    {
      "createdById": "00541000004SyXBAA0",
      "createdByName": "Zack Patrick",
      "createdDate": "2022-05-17T19:10:46.000Z",
      "fileName": "reportTypes/Price_Rules_with_Price_Conditions.reportType",
      "fullName": "Price_Rules_with_Price_Conditions",
      "id": "0703f000000KzbmAAC",
      "lastModifiedById": "00541000004SyXBAA0",
      "lastModifiedByName": "Zack Patrick",
      "lastModifiedDate": "2022-05-17T19:10:46.000Z",
      "manageableState": "unmanaged",
      "type": "ReportType"
    },
    {
      "createdById": "00541000002RzrVAAS",
      "createdByName": "Salesforce CPQ",
      "createdDate": "2019-10-12T06:45:03.000Z",
      "fileName": "reportTypes/SBQQ__Quotes_and_Pricing_Guidance_Metrics.reportType",
      "fullName": "SBQQ__Quotes_and_Pricing_Guidance_Metrics",
      "id": "0703f000000GmcFAAS",
      "lastModifiedById": "00541000002RzrVAAS",
      "lastModifiedByName": "Salesforce CPQ",
      "lastModifiedDate": "2022-10-16T18:07:49.000Z",
      "manageableState": "installed",
      "namespacePrefix": "SBQQ",
      "type": "ReportType"
    },
    {
      "createdById": "00541000004SyXBAA0",
      "createdByName": "Zack Patrick",
      "createdDate": "2018-03-19T15:39:48.000Z",
      "fileName": "reportTypes/Approvals_with_Activity.reportType",
      "fullName": "Approvals_with_Activity",
      "id": "07041000000SNxRAAW",
      "lastModifiedById": "00541000004SyXBAA0",
      "lastModifiedByName": "Zack Patrick",
      "lastModifiedDate": "2018-03-19T15:39:49.000Z",
      "manageableState": "unmanaged",
      "type": "ReportType"
    },
    {
      "createdById": "00541000003Aq3qAAC",
      "createdByName": "Jessica Deal",
      "createdDate": "2017-07-10T21:12:02.000Z",
      "fileName": "reportTypes/Project_with_Project_Products.reportType",
      "fullName": "Project_with_Project_Products",
      "id": "07041000000gQxeAAE",
      "lastModifiedById": "00541000003Aq3qAAC",
      "lastModifiedByName": "Jessica Deal",
      "lastModifiedDate": "2018-12-06T14:08:49.000Z",
      "manageableState": "unmanaged",
      "type": "ReportType"
    },
    {
      "createdById": "00541000002RzpjAAC",
      "createdByName": "Dylan Gerow",
      "createdDate": "2017-03-08T21:32:58.000Z",
      "fileName": "reportTypes/Service_Contracts_with_Entitlements.reportType",
      "fullName": "Service_Contracts_with_Entitlements",
      "id": "070410000002qyEAAQ",
      "lastModifiedById": "00541000002RzpjAAC",
      "lastModifiedByName": "Dylan Gerow",
      "lastModifiedDate": "2017-03-08T21:32:58.000Z",
      "manageableState": "unmanaged",
      "type": "ReportType"
    },
    {
      "createdById": "00541000004SyXBAA0",
      "createdByName": "Zack Patrick",
      "createdDate": "2020-05-20T13:29:06.000Z",
      "fileName": "reportTypes/Accounts_with_Quotes_with_Quote_Lines.reportType",
      "fullName": "Accounts_with_Quotes_with_Quote_Lines",
      "id": "0703f000000GmmPAAS",
      "lastModifiedById": "00541000004SyXBAA0",
      "lastModifiedByName": "Zack Patrick",
      "lastModifiedDate": "2020-05-20T13:32:04.000Z",
      "manageableState": "unmanaged",
      "type": "ReportType"
    },
    {
      "createdById": "00541000004SyXBAA0",
      "createdByName": "Zack Patrick",
      "createdDate": "2018-10-31T17:27:32.000Z",
      "fileName": "reportTypes/Accounts_with_or_without_Activity.reportType",
      "fullName": "Accounts_with_or_without_Activity",
      "id": "07041000000cdUaAAI",
      "lastModifiedById": "0053f00000145zgAAA",
      "lastModifiedByName": "Nathan Wylder",
      "lastModifiedDate": "2020-10-01T16:09:20.000Z",
      "manageableState": "unmanaged",
      "type": "ReportType"
    },
    {
      "createdById": "00541000003Aq3qAAC",
      "createdByName": "Jessica Deal",
      "createdDate": "2020-06-23T20:44:29.000Z",
      "fileName": "reportTypes/Accounts_Market_Share_Model.reportType",
      "fullName": "Accounts_Market_Share_Model",
      "id": "0703f000000GmnwAAC",
      "lastModifiedById": "00541000003Aq3qAAC",
      "lastModifiedByName": "Jessica Deal",
      "lastModifiedDate": "2020-06-23T20:44:29.000Z",
      "manageableState": "unmanaged",
      "type": "ReportType"
    },
    {
      "createdById": "00541000003Aq3qAAC",
      "createdByName": "Jessica Deal",
      "createdDate": "2018-10-02T19:50:46.000Z",
      "fileName": "reportTypes/Products_with_Product_Options.reportType",
      "fullName": "Products_with_Product_Options",
      "id": "07041000000ccmfAAA",
      "lastModifiedById": "00541000003Aq3qAAC",
      "lastModifiedByName": "Jessica Deal",
      "lastModifiedDate": "2018-10-02T19:50:47.000Z",
      "manageableState": "unmanaged",
      "type": "ReportType"
    },
    {
      "createdById": "00541000003Aq3qAAC",
      "createdByName": "Jessica Deal",
      "createdDate": "2021-04-12T17:52:17.000Z",
      "fileName": "reportTypes/Quotes_with_Quotes_with_Orders.reportType",
      "fullName": "Quotes_with_Quotes_with_Orders",
      "id": "0703f00000000DqAAI",
      "lastModifiedById": "00541000003Aq3qAAC",
      "lastModifiedByName": "Jessica Deal",
      "lastModifiedDate": "2021-04-12T17:52:29.000Z",
      "manageableState": "unmanaged",
      "type": "ReportType"
    },
    {
      "createdById": "0053f00000145zgAAA",
      "createdByName": "Nathan Wylder",
      "createdDate": "2020-10-07T17:27:23.000Z",
      "fileName": "reportTypes/Projects_with_Quotes_with_or_without_Quote_Lines.reportType",
      "fullName": "Projects_with_Quotes_with_or_without_Quote_Lines",
      "id": "0703f000000GmxcAAC",
      "lastModifiedById": "0053f00000145zgAAA",
      "lastModifiedByName": "Nathan Wylder",
      "lastModifiedDate": "2020-10-23T14:41:41.000Z",
      "manageableState": "unmanaged",
      "type": "ReportType"
    },
    {
      "createdById": "00541000004SyXBAA0",
      "createdByName": "Zack Patrick",
      "createdDate": "2019-05-01T12:23:04.000Z",
      "fileName": "reportTypes/Accounts_with_Polyflex_Targets.reportType",
      "fullName": "Accounts_with_Polyflex_Targets",
      "id": "0702M0000003KY6QAM",
      "lastModifiedById": "00541000004SyXBAA0",
      "lastModifiedByName": "Zack Patrick",
      "lastModifiedDate": "2019-05-01T12:23:04.000Z",
      "manageableState": "unmanaged",
      "type": "ReportType"
    },
    {
      "createdById": "0053f00000145zgAAA",
      "createdByName": "Nathan Wylder",
      "createdDate": "2021-06-10T14:09:55.000Z",
      "fileName": "reportTypes/accounts_with_contacts_projects.reportType",
      "fullName": "accounts_with_contacts_projects",
      "id": "0703f00000000FcAAI",
      "lastModifiedById": "0053f00000145zgAAA",
      "lastModifiedByName": "Nathan Wylder",
      "lastModifiedDate": "2021-06-10T14:10:05.000Z",
      "manageableState": "unmanaged",
      "type": "ReportType"
    },
    {
      "createdById": "00541000004SyXBAA0",
      "createdByName": "Zack Patrick",
      "createdDate": "2021-11-18T18:07:44.000Z",
      "fileName": "reportTypes/Price_Rules_with_Price_Actions.reportType",
      "fullName": "Price_Rules_with_Price_Actions",
      "id": "0703f000000TNbrAAG",
      "lastModifiedById": "00541000004SyXBAA0",
      "lastModifiedByName": "Zack Patrick",
      "lastModifiedDate": "2021-11-18T18:07:44.000Z",
      "manageableState": "unmanaged",
      "type": "ReportType"
    },
    {
      "createdById": "00541000004SyXBAA0",
      "createdByName": "Zack Patrick",
      "createdDate": "2017-12-13T17:17:26.000Z",
      "fileName": "reportTypes/Accounts_with_Orders.reportType",
      "fullName": "Accounts_with_Orders",
      "id": "07041000000cTr5AAE",
      "lastModifiedById": "00541000003Aq3qAAC",
      "lastModifiedByName": "Jessica Deal",
      "lastModifiedDate": "2021-05-11T18:49:03.000Z",
      "manageableState": "unmanaged",
      "type": "ReportType"
    },
    {
      "createdById": "00541000003Aq3qAAC",
      "createdByName": "Jessica Deal",
      "createdDate": "2017-06-01T19:44:24.000Z",
      "fileName": "reportTypes/Projects_with_Activities.reportType",
      "fullName": "Projects_with_Activities",
      "id": "07041000000gMtdAAE",
      "lastModifiedById": "00541000004SyXBAA0",
      "lastModifiedByName": "Zack Patrick",
      "lastModifiedDate": "2022-01-07T19:52:37.000Z",
      "manageableState": "unmanaged",
      "type": "ReportType"
    },
    {
      "createdById": "00541000003Aq3qAAC",
      "createdByName": "Jessica Deal",
      "createdDate": "2017-11-15T20:41:59.000Z",
      "fileName": "reportTypes/Accounts_Custom_Quote_Object.reportType",
      "fullName": "Accounts_Custom_Quote_Object",
      "id": "07041000000cRkqAAE",
      "lastModifiedById": "00541000003Aq3qAAC",
      "lastModifiedByName": "Jessica Deal",
      "lastModifiedDate": "2017-11-15T20:45:17.000Z",
      "manageableState": "unmanaged",
      "type": "ReportType"
    },
    {
      "createdById": "00541000004SyXBAA0",
      "createdByName": "Zack Patrick",
      "createdDate": "2020-02-26T16:41:34.000Z",
      "fileName": "reportTypes/Quote_Requests_with_Quotes.reportType",
      "fullName": "Quote_Requests_with_Quotes",
      "id": "0703f000000Gmj1AAC",
      "lastModifiedById": "00541000004SyXBAA0",
      "lastModifiedByName": "Zack Patrick",
      "lastModifiedDate": "2020-02-26T16:41:34.000Z",
      "manageableState": "unmanaged",
      "type": "ReportType"
    },
    {
      "createdById": "00541000004SyXBAA0",
      "createdByName": "Zack Patrick",
      "createdDate": "2020-04-23T17:34:26.000Z",
      "fileName": "reportTypes/Projects_with_Quotes_and_Quote_Requests.reportType",
      "fullName": "Projects_with_Quotes_and_Quote_Requests",
      "id": "0703f000000GmlCAAS",
      "lastModifiedById": "00541000004SyXBAA0",
      "lastModifiedByName": "Zack Patrick",
      "lastModifiedDate": "2020-04-23T17:39:35.000Z",
      "manageableState": "unmanaged",
      "type": "ReportType"
    },
    {
      "createdById": "0053f00000145zgAAA",
      "createdByName": "Nathan Wylder",
      "createdDate": "2021-03-04T22:13:05.000Z",
      "fileName": "reportTypes/dsfs__EnvelopeConfigurations_With_Envelopes_Report.reportType",
      "fullName": "dsfs__EnvelopeConfigurations_With_Envelopes_Report",
      "id": "0703f00000000ANAAY",
      "lastModifiedById": "0053f00000145zgAAA",
      "lastModifiedByName": "Nathan Wylder",
      "lastModifiedDate": "2021-03-04T22:13:05.000Z",
      "manageableState": "installed",
      "namespacePrefix": "dsfs",
      "type": "ReportType"
    },
    {
      "createdById": "00541000002RzpjAAC",
      "createdByName": "Dylan Gerow",
      "createdDate": "2017-03-08T21:32:59.000Z",
      "fileName": "reportTypes/Accounts_with_Entitlements_with_Contacts.reportType",
      "fullName": "Accounts_with_Entitlements_with_Contacts",
      "id": "070410000002qyFAAQ",
      "lastModifiedById": "00541000003Aq3qAAC",
      "lastModifiedByName": "Jessica Deal",
      "lastModifiedDate": "2017-06-01T19:44:22.000Z",
      "manageableState": "unmanaged",
      "type": "ReportType"
    },
    {
      "createdById": "00541000004SyXBAA0",
      "createdByName": "Zack Patrick",
      "createdDate": "2020-03-25T15:39:07.000Z",
      "fileName": "reportTypes/Projects_with_Quality_Feedback.reportType",
      "fullName": "Projects_with_Quality_Feedback",
      "id": "0703f000000GmkJAAS",
      "lastModifiedById": "00541000004SyXBAA0",
      "lastModifiedByName": "Zack Patrick",
      "lastModifiedDate": "2020-03-25T15:39:07.000Z",
      "manageableState": "unmanaged",
      "type": "ReportType"
    },
    {
      "createdById": "0052M000009LfFNQA0",
      "createdByName": "David Hetrick",
      "createdDate": "2019-10-10T17:06:53.000Z",
      "fileName": "reportTypes/straight_contacts.reportType",
      "fullName": "straight_contacts",
      "id": "0703f000000GmcAAAS",
      "lastModifiedById": "0053f000001F7USAA0",
      "lastModifiedByName": "Nathan Cox",
      "lastModifiedDate": "2022-06-17T21:15:37.000Z",
      "manageableState": "unmanaged",
      "type": "ReportType"
    },
    {
      "createdById": "00541000004SyXBAA0",
      "createdByName": "Zack Patrick",
      "createdDate": "2020-08-25T18:49:38.000Z",
      "fileName": "reportTypes/Accounts_with_Cases.reportType",
      "fullName": "Accounts_with_Cases",
      "id": "0703f000000GmvRAAS",
      "lastModifiedById": "00541000004SyXBAA0",
      "lastModifiedByName": "Zack Patrick",
      "lastModifiedDate": "2020-08-25T18:49:38.000Z",
      "manageableState": "unmanaged",
      "type": "ReportType"
    },
    {
      "createdById": "00541000003Aq3qAAC",
      "createdByName": "Jessica Deal",
      "createdDate": "2017-08-16T18:19:41.000Z",
      "fileName": "reportTypes/Custom_Quote_Projects.reportType",
      "fullName": "Custom_Quote_Projects",
      "id": "07041000000gVBUAA2",
      "lastModifiedById": "00541000003Aq3qAAC",
      "lastModifiedByName": "Jessica Deal",
      "lastModifiedDate": "2018-08-16T19:10:49.000Z",
      "manageableState": "unmanaged",
      "type": "ReportType"
    },
    {
      "createdById": "00541000004SyXBAA0",
      "createdByName": "Zack Patrick",
      "createdDate": "2021-05-13T14:31:20.000Z",
      "fileName": "reportTypes/Projects_with_Orders_with_Order_Products.reportType",
      "fullName": "Projects_with_Orders_with_Order_Products",
      "id": "0703f00000000EPAAY",
      "lastModifiedById": "00541000003Aq3qAAC",
      "lastModifiedByName": "Jessica Deal",
      "lastModifiedDate": "2022-03-22T16:33:46.000Z",
      "manageableState": "unmanaged",
      "type": "ReportType"
    },
    {
      "createdById": "0052M000009LfFNQA0",
      "createdByName": "David Hetrick",
      "createdDate": "2019-10-08T12:43:09.000Z",
      "fileName": "reportTypes/Opportunities_w_Proj_w_Quote_w_Contact.reportType",
      "fullName": "Opportunities_w_Proj_w_Quote_w_Contact",
      "id": "0703f000000GmbqAAC",
      "lastModifiedById": "0052M000009LfFNQA0",
      "lastModifiedByName": "David Hetrick",
      "lastModifiedDate": "2019-10-08T12:59:18.000Z",
      "manageableState": "unmanaged",
      "type": "ReportType"
    },
    {
      "createdById": "0052M000009LfFNQA0",
      "createdByName": "David Hetrick",
      "createdDate": "2021-01-13T16:32:13.000Z",
      "fileName": "reportTypes/Projects_with_Quotes_with_Advanced_Approvals.reportType",
      "fullName": "Projects_with_Quotes_with_Advanced_Approvals",
      "id": "0703f000000Gn4YAAS",
      "lastModifiedById": "0052M000009LfFNQA0",
      "lastModifiedByName": "David Hetrick",
      "lastModifiedDate": "2021-01-13T16:32:13.000Z",
      "manageableState": "unmanaged",
      "type": "ReportType"
    },
    {
      "createdById": "00541000002RzpjAAC",
      "createdByName": "Dylan Gerow",
      "createdDate": "2017-03-31T15:14:38.000Z",
      "fileName": "reportTypes/SBQQ__Opportunities_with_Quotes_with_Quote_Lines.reportType",
      "fullName": "SBQQ__Opportunities_with_Quotes_with_Quote_Lines",
      "id": "070410000002tTuAAI",
      "lastModifiedById": "00541000002RzrVAAS",
      "lastModifiedByName": "Salesforce CPQ",
      "lastModifiedDate": "2023-02-13T00:05:24.000Z",
      "manageableState": "installed",
      "namespacePrefix": "SBQQ",
      "type": "ReportType"
    },
    {
      "createdById": "00541000003Aq3qAAC",
      "createdByName": "Jessica Deal",
      "createdDate": "2021-04-09T13:21:36.000Z",
      "fileName": "reportTypes/Quotes_with_Orders_with_Order_Lines.reportType",
      "fullName": "Quotes_with_Orders_with_Order_Lines",
      "id": "0703f00000000DlAAI",
      "lastModifiedById": "00541000003Aq3qAAC",
      "lastModifiedByName": "Jessica Deal",
      "lastModifiedDate": "2021-04-09T13:21:37.000Z",
      "manageableState": "unmanaged",
      "type": "ReportType"
    },
    {
      "createdById": "00541000003Aq3qAAC",
      "createdByName": "Jessica Deal",
      "createdDate": "2017-09-01T14:28:37.000Z",
      "fileName": "reportTypes/Accounts_with_Activity.reportType",
      "fullName": "Accounts_with_Activity",
      "id": "07041000000cL6JAAU",
      "lastModifiedById": "00541000003Aq3qAAC",
      "lastModifiedByName": "Jessica Deal",
      "lastModifiedDate": "2022-01-13T18:55:55.000Z",
      "manageableState": "unmanaged",
      "type": "ReportType"
    },
    {
      "createdById": "00541000003Aq3qAAC",
      "createdByName": "Jessica Deal",
      "createdDate": "2019-12-10T20:38:09.000Z",
      "fileName": "reportTypes/Forecasting.reportType",
      "fullName": "Forecasting",
      "id": "0703f000000XZAbAAO",
      "lastModifiedById": "00541000003Aq3qAAC",
      "lastModifiedByName": "Jessica Deal",
      "lastModifiedDate": "2019-12-10T20:38:09.000Z",
      "manageableState": "unmanaged",
      "type": "ReportType"
    },
    {
      "createdById": "00541000004SyXBAA0",
      "createdByName": "Zack Patrick",
      "createdDate": "2019-03-28T13:19:15.000Z",
      "fileName": "reportTypes/Projects_with_Orders_with_Products.reportType",
      "fullName": "Projects_with_Orders_with_Products",
      "id": "0702M000000cecmQAA",
      "lastModifiedById": "00541000003Aq3qAAC",
      "lastModifiedByName": "Jessica Deal",
      "lastModifiedDate": "2021-04-14T16:01:59.000Z",
      "manageableState": "unmanaged",
      "type": "ReportType"
    },
    {
      "createdById": "0052M000009LfFNQA0",
      "createdByName": "David Hetrick",
      "createdDate": "2020-06-25T20:16:27.000Z",
      "fileName": "reportTypes/Accounts_w_Targets_CR.reportType",
      "fullName": "Accounts_w_Targets_CR",
      "id": "0703f000000GmoVAAS",
      "lastModifiedById": "0052M000009LfFNQA0",
      "lastModifiedByName": "David Hetrick",
      "lastModifiedDate": "2020-06-26T13:11:37.000Z",
      "manageableState": "unmanaged",
      "type": "ReportType"
    },
    {
      "createdById": "00541000004SyXBAA0",
      "createdByName": "Zack Patrick",
      "createdDate": "2020-09-17T17:51:05.000Z",
      "fileName": "reportTypes/Leads_with_Activity.reportType",
      "fullName": "Leads_with_Activity",
      "id": "0703f000000GmwjAAC",
      "lastModifiedById": "00541000004SyXBAA0",
      "lastModifiedByName": "Zack Patrick",
      "lastModifiedDate": "2022-03-15T20:25:12.000Z",
      "manageableState": "unmanaged",
      "type": "ReportType"
    },
    {
      "createdById": "00541000004SyXBAA0",
      "createdByName": "Zack Patrick",
      "createdDate": "2020-08-24T18:35:16.000Z",
      "fileName": "reportTypes/Accounts_with_Approvals_with_Executive_Summaries.reportType",
      "fullName": "Accounts_with_Approvals_with_Executive_Summaries",
      "id": "0703f000000GmvHAAS",
      "lastModifiedById": "00541000004SyXBAA0",
      "lastModifiedByName": "Zack Patrick",
      "lastModifiedDate": "2020-09-21T19:13:51.000Z",
      "manageableState": "unmanaged",
      "type": "ReportType"
    },
    {
      "createdById": "00541000004SyXBAA0",
      "createdByName": "Zack Patrick",
      "createdDate": "2021-05-19T14:42:43.000Z",
      "fileName": "reportTypes/Projects_w_Quotes_w_Orders_w_Order_Products.reportType",
      "fullName": "Projects_w_Quotes_w_Orders_w_Order_Products",
      "id": "0703f00000000F8AAI",
      "lastModifiedById": "00541000003Aq3qAAC",
      "lastModifiedByName": "Jessica Deal",
      "lastModifiedDate": "2022-05-26T14:06:06.000Z",
      "manageableState": "unmanaged",
      "type": "ReportType"
    },
    {
      "createdById": "0053f00000145zgAAA",
      "createdByName": "Nathan Wylder",
      "createdDate": "2020-03-25T19:02:29.000Z",
      "fileName": "reportTypes/Territories_with_or_without_related_Projects.reportType",
      "fullName": "Territories_with_or_without_related_Projects",
      "id": "0703f000000GmkOAAS",
      "lastModifiedById": "0053f00000145zgAAA",
      "lastModifiedByName": "Nathan Wylder",
      "lastModifiedDate": "2020-03-25T19:31:45.000Z",
      "manageableState": "unmanaged",
      "type": "ReportType"
    },
    {
      "createdById": "0053f00000145zgAAA",
      "createdByName": "Nathan Wylder",
      "createdDate": "2020-11-23T21:50:44.000Z",
      "fileName": "reportTypes/Users_User_Territory_Assignments.reportType",
      "fullName": "Users_User_Territory_Assignments",
      "id": "0703f000000Gn1AAAS",
      "lastModifiedById": "0053f00000145zgAAA",
      "lastModifiedByName": "Nathan Wylder",
      "lastModifiedDate": "2020-12-15T16:58:27.000Z",
      "manageableState": "unmanaged",
      "type": "ReportType"
    },
    {
      "createdById": "00541000002RzpjAAC",
      "createdByName": "Dylan Gerow",
      "createdDate": "2017-03-31T15:14:37.000Z",
      "fileName": "reportTypes/SBQQ__Opportunities_with_Quotes_with_Quote_Line_Groups.reportType",
      "fullName": "SBQQ__Opportunities_with_Quotes_with_Quote_Line_Groups",
      "id": "070410000002tTtAAI",
      "lastModifiedById": "00541000002RzrVAAS",
      "lastModifiedByName": "Salesforce CPQ",
      "lastModifiedDate": "2023-02-13T00:05:23.000Z",
      "manageableState": "installed",
      "namespacePrefix": "SBQQ",
      "type": "ReportType"
    },
    {
      "createdById": "00541000004SyXBAA0",
      "createdByName": "Zack Patrick",
      "createdDate": "2019-12-09T16:00:45.000Z",
      "fileName": "reportTypes/Accounts_with_Contacts_with_Campaigns.reportType",
      "fullName": "Accounts_with_Contacts_with_Campaigns",
      "id": "0703f000000XZAWAA4",
      "lastModifiedById": "00541000004SyXBAA0",
      "lastModifiedByName": "Zack Patrick",
      "lastModifiedDate": "2019-12-09T16:00:45.000Z",
      "manageableState": "unmanaged",
      "type": "ReportType"
    },
    {
      "createdById": "00541000004SyXBAA0",
      "createdByName": "Zack Patrick",
      "createdDate": "2019-07-02T19:17:59.000Z",
      "fileName": "reportTypes/Approvals_with_Activties.reportType",
      "fullName": "Approvals_with_Activties",
      "id": "0702M000000cewmQAA",
      "lastModifiedById": "00541000004SyXBAA0",
      "lastModifiedByName": "Zack Patrick",
      "lastModifiedDate": "2019-07-02T19:17:59.000Z",
      "manageableState": "unmanaged",
      "type": "ReportType"
    },
    {
      "createdById": "00541000000jJabAAE",
      "createdByName": "Automated Process",
      "createdDate": "2020-07-18T05:27:53.000Z",
      "fileName": "reportTypes/screen_flows_prebuilt_crt.reportType",
      "fullName": "screen_flows_prebuilt_crt",
      "id": "0703f000000GmsNAAS",
      "lastModifiedById": "00541000000jJabAAE",
      "lastModifiedByName": "Automated Process",
      "lastModifiedDate": "2020-07-18T05:27:54.000Z",
      "manageableState": "unmanaged",
      "type": "ReportType"
    },
    {
      "createdById": "00541000004SyXBAA0",
      "createdByName": "Zack Patrick",
      "createdDate": "2018-11-19T21:15:13.000Z",
      "fileName": "reportTypes/Accounts_with_Account_Teams.reportType",
      "fullName": "Accounts_with_Account_Teams",
      "id": "0702M000000GdXiQAK",
      "lastModifiedById": "00541000004SyXBAA0",
      "lastModifiedByName": "Zack Patrick",
      "lastModifiedDate": "2021-06-14T19:52:06.000Z",
      "manageableState": "unmanaged",
      "type": "ReportType"
    },
    {
      "createdById": "0052M000009LfFNQA0",
      "createdByName": "David Hetrick",
      "createdDate": "2019-12-06T15:24:08.000Z",
      "fileName": "reportTypes/Acct_w_Contacts_w_wo_Activities.reportType",
      "fullName": "Acct_w_Contacts_w_wo_Activities",
      "id": "0703f000000GmeuAAC",
      "lastModifiedById": "0052M000009LfFNQA0",
      "lastModifiedByName": "David Hetrick",
      "lastModifiedDate": "2019-12-06T15:24:08.000Z",
      "manageableState": "unmanaged",
      "type": "ReportType"
    },
    {
      "createdById": "00541000003Aq3qAAC",
      "createdByName": "Jessica Deal",
      "createdDate": "2017-06-01T19:44:22.000Z",
      "fileName": "reportTypes/Accounts_with_Orders_with_Products.reportType",
      "fullName": "Accounts_with_Orders_with_Products",
      "id": "07041000000gMtZAAU",
      "lastModifiedById": "00541000004SyXBAA0",
      "lastModifiedByName": "Zack Patrick",
      "lastModifiedDate": "2020-02-27T18:58:18.000Z",
      "manageableState": "unmanaged",
      "type": "ReportType"
    },
    {
      "createdById": "00541000002RzpkAAC",
      "createdByName": "Sarah Labadie",
      "createdDate": "2017-06-20T21:40:18.000Z",
      "fileName": "reportTypes/Accounts_with_Quotes_Custom_Quote_Object.reportType",
      "fullName": "Accounts_with_Quotes_Custom_Quote_Object",
      "id": "07041000000gP6EAAU",
      "lastModifiedById": "00541000003Aq3qAAC",
      "lastModifiedByName": "Jessica Deal",
      "lastModifiedDate": "2018-02-09T18:31:01.000Z",
      "manageableState": "unmanaged",
      "type": "ReportType"
    },
    {
      "createdById": "00541000003BNENAA4",
      "createdByName": "Brandon Clements",
      "createdDate": "2018-06-21T15:45:12.000Z",
      "fileName": "reportTypes/Projects_with_Quotes_and_Pricing_Approval_Requests.reportType",
      "fullName": "Projects_with_Quotes_and_Pricing_Approval_Requests",
      "id": "07041000000sasAAAQ",
      "lastModifiedById": "00541000004SyXBAA0",
      "lastModifiedByName": "Zack Patrick",
      "lastModifiedDate": "2020-02-26T17:10:49.000Z",
      "manageableState": "unmanaged",
      "type": "ReportType"
    },
    {
      "createdById": "00541000004SyXBAA0",
      "createdByName": "Zack Patrick",
      "createdDate": "2021-01-06T21:08:45.000Z",
      "fileName": "reportTypes/Quotes_with_Advanced_Approvals.reportType",
      "fullName": "Quotes_with_Advanced_Approvals",
      "id": "0703f000000Gn3aAAC",
      "lastModifiedById": "00541000004SyXBAA0",
      "lastModifiedByName": "Zack Patrick",
      "lastModifiedDate": "2021-01-06T21:08:45.000Z",
      "manageableState": "unmanaged",
      "type": "ReportType"
    },
    {
      "createdById": "0052M000009LfFNQA0",
      "createdByName": "David Hetrick",
      "createdDate": "2020-03-23T16:07:26.000Z",
      "fileName": "reportTypes/ISE_Queue_at_MIT.reportType",
      "fullName": "ISE_Queue_at_MIT",
      "id": "0703f000000GmkEAAS",
      "lastModifiedById": "0052M000009LfFNQA0",
      "lastModifiedByName": "David Hetrick",
      "lastModifiedDate": "2020-03-23T16:09:15.000Z",
      "manageableState": "unmanaged",
      "type": "ReportType"
    },
    {
      "createdById": "00541000004SyXBAA0",
      "createdByName": "Zack Patrick",
      "createdDate": "2021-09-14T15:12:24.000Z",
      "fileName": "reportTypes/Pardot_Tasks.reportType",
      "fullName": "Pardot_Tasks",
      "id": "0703f000000TNVFAA4",
      "lastModifiedById": "00541000004SyXBAA0",
      "lastModifiedByName": "Zack Patrick",
      "lastModifiedDate": "2021-09-14T15:12:25.000Z",
      "manageableState": "unmanaged",
      "type": "ReportType"
    },
    {
      "createdById": "00541000004SyXBAA0",
      "createdByName": "Zack Patrick",
      "createdDate": "2019-12-05T21:41:48.000Z",
      "fileName": "reportTypes/Campaigns_with_Activities.reportType",
      "fullName": "Campaigns_with_Activities",
      "id": "0703f000000GmekAAC",
      "lastModifiedById": "00541000004SyXBAA0",
      "lastModifiedByName": "Zack Patrick",
      "lastModifiedDate": "2019-12-05T21:41:48.000Z",
      "manageableState": "unmanaged",
      "type": "ReportType"
    },
    {
      "createdById": "00541000004SyXBAA0",
      "createdByName": "Zack Patrick",
      "createdDate": "2021-01-06T21:02:11.000Z",
      "fileName": "reportTypes/Advanced_Approvals.reportType",
      "fullName": "Advanced_Approvals",
      "id": "0703f000000Gn3VAAS",
      "lastModifiedById": "00541000004SyXBAA0",
      "lastModifiedByName": "Zack Patrick",
      "lastModifiedDate": "2021-01-06T21:02:11.000Z",
      "manageableState": "unmanaged",
      "type": "ReportType"
    },
    {
      "createdById": "0052M000009LfFNQA0",
      "createdByName": "David Hetrick",
      "createdDate": "2019-10-08T13:13:48.000Z",
      "fileName": "reportTypes/Quotes_cr.reportType",
      "fullName": "Quotes_cr",
      "id": "0703f000000Gmc5AAC",
      "lastModifiedById": "0052M000009LfFNQA0",
      "lastModifiedByName": "David Hetrick",
      "lastModifiedDate": "2019-10-08T13:13:48.000Z",
      "manageableState": "unmanaged",
      "type": "ReportType"
    },
    {
      "createdById": "00541000004SyXBAA0",
      "createdByName": "Zack Patrick",
      "createdDate": "2017-12-14T18:35:27.000Z",
      "fileName": "reportTypes/Vendor_Notes_with_Accounts.reportType",
      "fullName": "Vendor_Notes_with_Accounts",
      "id": "07041000000cU10AAE",
      "lastModifiedById": "00541000004SyXBAA0",
      "lastModifiedByName": "Zack Patrick",
      "lastModifiedDate": "2017-12-14T18:35:35.000Z",
      "manageableState": "unmanaged",
      "type": "ReportType"
    },
    {
      "createdById": "0053f00000145zgAAA",
      "createdByName": "Nathan Wylder",
      "createdDate": "2021-03-04T22:13:05.000Z",
      "fileName": "reportTypes/dsfs__EnvelopeConfigurations_with_Status.reportType",
      "fullName": "dsfs__EnvelopeConfigurations_with_Status",
      "id": "0703f00000000AOAAY",
      "lastModifiedById": "0053f00000145zgAAA",
      "lastModifiedByName": "Nathan Wylder",
      "lastModifiedDate": "2021-03-04T22:13:05.000Z",
      "manageableState": "installed",
      "namespacePrefix": "dsfs",
      "type": "ReportType"
    },
    {
      "createdById": "00541000003Aq3qAAC",
      "createdByName": "Jessica Deal",
      "createdDate": "2019-06-10T15:03:40.000Z",
      "fileName": "reportTypes/Accounts_Quotes_CPQ.reportType",
      "fullName": "Accounts_Quotes_CPQ",
      "id": "0702M000000ceqAQAQ",
      "lastModifiedById": "00541000004SyXBAA0",
      "lastModifiedByName": "Zack Patrick",
      "lastModifiedDate": "2021-04-16T14:04:09.000Z",
      "manageableState": "unmanaged",
      "type": "ReportType"
    },
    {
      "createdById": "0052M000009LfFNQA0",
      "createdByName": "David Hetrick",
      "createdDate": "2019-11-12T20:31:37.000Z",
      "fileName": "reportTypes/Accts_with_Activities_with_Contacts.reportType",
      "fullName": "Accts_with_Activities_with_Contacts",
      "id": "0703f000000GmdmAAC",
      "lastModifiedById": "0052M000009LfFNQA0",
      "lastModifiedByName": "David Hetrick",
      "lastModifiedDate": "2019-11-12T20:31:37.000Z",
      "manageableState": "unmanaged",
      "type": "ReportType"
    },
    {
      "createdById": "0053f00000145zgAAA",
      "createdByName": "Nathan Wylder",
      "createdDate": "2021-04-21T21:28:42.000Z",
      "fileName": "reportTypes/Projects_with_or_without_Quotes_cpq.reportType",
      "fullName": "Projects_with_or_without_Quotes_cpq",
      "id": "0703f00000000E5AAI",
      "lastModifiedById": "0053f00000145zgAAA",
      "lastModifiedByName": "Nathan Wylder",
      "lastModifiedDate": "2021-04-22T13:05:22.000Z",
      "manageableState": "unmanaged",
      "type": "ReportType"
    },
    {
      "createdById": "00541000004SyXBAA0",
      "createdByName": "Zack Patrick",
      "createdDate": "2022-02-17T16:48:24.000Z",
      "fileName": "reportTypes/Contacts_with_Activities.reportType",
      "fullName": "Contacts_with_Activities",
      "id": "0703f000000KzYsAAK",
      "lastModifiedById": "00541000004SyXBAA0",
      "lastModifiedByName": "Zack Patrick",
      "lastModifiedDate": "2022-03-15T20:25:57.000Z",
      "manageableState": "unmanaged",
      "type": "ReportType"
    },
    {
      "createdById": "00541000004SyXBAA0",
      "createdByName": "Zack Patrick",
      "createdDate": "2018-02-02T14:51:09.000Z",
      "fileName": "reportTypes/Dashboards.reportType",
      "fullName": "Dashboards",
      "id": "07041000000cWqBAAU",
      "lastModifiedById": "00541000004SyXBAA0",
      "lastModifiedByName": "Zack Patrick",
      "lastModifiedDate": "2018-02-02T14:51:10.000Z",
      "manageableState": "unmanaged",
      "type": "ReportType"
    },
    {
      "createdById": "00541000004SyXBAA0",
      "createdByName": "Zack Patrick",
      "createdDate": "2018-03-15T18:39:31.000Z",
      "fileName": "reportTypes/Reports_with_Dashboard.reportType",
      "fullName": "Reports_with_Dashboard",
      "id": "07041000000SNuIAAW",
      "lastModifiedById": "00541000004SyXBAA0",
      "lastModifiedByName": "Zack Patrick",
      "lastModifiedDate": "2018-03-15T18:47:24.000Z",
      "manageableState": "unmanaged",
      "type": "ReportType"
    },
    {
      "createdById": "00541000003Aq3qAAC",
      "createdByName": "Jessica Deal",
      "createdDate": "2018-08-16T19:14:53.000Z",
      "fileName": "reportTypes/Projects_Custom_Quote.reportType",
      "fullName": "Projects_Custom_Quote",
      "id": "07041000000CRtcAAG",
      "lastModifiedById": "00541000003Aq3qAAC",
      "lastModifiedByName": "Jessica Deal",
      "lastModifiedDate": "2018-11-16T15:45:51.000Z",
      "manageableState": "unmanaged",
      "type": "ReportType"
    },
    {
      "createdById": "00541000003BNENAA4",
      "createdByName": "Brandon Clements",
      "createdDate": "2018-06-07T16:44:58.000Z",
      "fileName": "reportTypes/Projects_with_Quotes2.reportType",
      "fullName": "Projects_with_Quotes2",
      "id": "07041000000saijAAA",
      "lastModifiedById": "00541000003BNENAA4",
      "lastModifiedByName": "Brandon Clements",
      "lastModifiedDate": "2018-06-07T16:44:58.000Z",
      "manageableState": "unmanaged",
      "type": "ReportType"
    },
    {
      "createdById": "00541000003Aq3qAAC",
      "createdByName": "Jessica Deal",
      "createdDate": "2017-08-07T20:16:37.000Z",
      "fileName": "reportTypes/Users_ESRs.reportType",
      "fullName": "Users_ESRs",
      "id": "07041000000gUGYAA2",
      "lastModifiedById": "00541000003Aq3qAAC",
      "lastModifiedByName": "Jessica Deal",
      "lastModifiedDate": "2017-08-07T20:16:37.000Z",
      "manageableState": "unmanaged",
      "type": "ReportType"
    },
    {
      "createdById": "00541000002RzpjAAC",
      "createdByName": "Dylan Gerow",
      "createdDate": "2017-03-31T15:14:37.000Z",
      "fileName": "reportTypes/SBQQ__Opportunities_with_Quotes_with_Quote_Documents.reportType",
      "fullName": "SBQQ__Opportunities_with_Quotes_with_Quote_Documents",
      "id": "070410000002tTsAAI",
      "lastModifiedById": "00541000002RzrVAAS",
      "lastModifiedByName": "Salesforce CPQ",
      "lastModifiedDate": "2023-02-13T00:05:23.000Z",
      "manageableState": "installed",
      "namespacePrefix": "SBQQ",
      "type": "ReportType"
    },
    {
      "createdById": "00541000002RzogAAC",
      "createdByName": "Jessica Russotto",
      "createdDate": "2017-07-12T17:27:18.000Z",
      "fileName": "reportTypes/Custom_Quote_Object.reportType",
      "fullName": "Custom_Quote_Object",
      "id": "07041000000gRCeAAM",
      "lastModifiedById": "00541000003Aq3qAAC",
      "lastModifiedByName": "Jessica Deal",
      "lastModifiedDate": "2017-11-15T18:55:35.000Z",
      "manageableState": "unmanaged",
      "type": "ReportType"
    },
    {
      "createdById": "00541000004SyXBAA0",
      "createdByName": "Zack Patrick",
      "createdDate": "2020-02-27T19:03:23.000Z",
      "fileName": "reportTypes/Accounts_with_Orders_with_Order_Products.reportType",
      "fullName": "Accounts_with_Orders_with_Order_Products",
      "id": "0703f000000GmjVAAS",
      "lastModifiedById": "00541000004SyXBAA0",
      "lastModifiedByName": "Zack Patrick",
      "lastModifiedDate": "2022-01-11T21:17:38.000Z",
      "manageableState": "unmanaged",
      "type": "ReportType"
    }
  ]
}