{
  "status": 0,
  "result": [
    {
      "createdById": "0053f0000016G9aAAE",
      "createdByName": "Levi Kurtright",
      "createdDate": "2020-11-19T15:23:07.000Z",
      "fileName": "staticresources/sbaa__sb.resource",
      "fullName": "sbaa__sb",
      "id": "0813f000000GmzTAAS",
      "lastModifiedById": "0053f0000016G9aAAE",
      "lastModifiedByName": "Levi Kurtright",
      "lastModifiedDate": "2020-11-19T15:23:07.000Z",
      "manageableState": "installed",
      "namespacePrefix": "sbaa",
      "type": "StaticResource"
    },
    {
      "createdById": "00541000002RzrVAAS",
      "createdByName": "Salesforce CPQ",
      "createdDate": "2021-02-13T07:26:34.000Z",
      "fileName": "staticresources/SBQQ__bundle.resource",
      "fullName": "SBQQ__bundle",
      "id": "0813f000000Gn5MAAS",
      "lastModifiedById": "00541000002RzrVAAS",
      "lastModifiedByName": "Salesforce CPQ",
      "lastModifiedDate": "2023-02-13T00:02:40.000Z",
      "manageableState": "installed",
      "namespacePrefix": "SBQQ",
      "type": "StaticResource"
    },
    {
      "createdById": "0053f00000145zgAAA",
      "createdByName": "Nathan Wylder",
      "createdDate": "2021-03-04T22:12:39.000Z",
      "fileName": "staticresources/dsfs__fastclick.resource",
      "fullName": "dsfs__fastclick",
      "id": "0813f00000000HTAAY",
      "lastModifiedById": "0053f00000145zgAAA",
      "lastModifiedByName": "Nathan Wylder",
      "lastModifiedDate": "2021-03-04T22:12:39.000Z",
      "manageableState": "installed",
      "namespacePrefix": "dsfs",
      "type": "StaticResource"
    },
    {
      "createdById": "0053f00000145zgAAA",
      "createdByName": "Nathan Wylder",
      "createdDate": "2020-02-07T15:36:15.000Z",
      "fileName": "staticresources/pi__LeadDeck.resource",
      "fullName": "pi__LeadDeck",
      "id": "0813f000000GmfsAAC",
      "lastModifiedById": "0053f0000014nWOAAY",
      "lastModifiedByName": "Pardot",
      "lastModifiedDate": "2022-07-22T01:00:43.000Z",
      "manageableState": "installed",
      "namespacePrefix": "pi",
      "type": "StaticResource"
    },
    {
      "createdById": "0053f0000016G9aAAE",
      "createdByName": "Levi Kurtright",
      "createdDate": "2020-11-19T15:23:07.000Z",
      "fileName": "staticresources/sbaa__sbFavicon.resource",
      "fullName": "sbaa__sbFavicon",
      "id": "0813f000000GmzUAAS",
      "lastModifiedById": "0053f0000016G9aAAE",
      "lastModifiedByName": "Levi Kurtright",
      "lastModifiedDate": "2020-11-19T15:23:07.000Z",
      "manageableState": "installed",
      "namespacePrefix": "sbaa",
      "type": "StaticResource"
    },
    {
      "createdById": "00541000002RzpjAAC",
      "createdByName": "Dylan Gerow",
      "createdDate": "2017-03-31T15:12:55.000Z",
      "fileName": "staticresources/SBQQ__sbFavicon.resource",
      "fullName": "SBQQ__sbFavicon",
      "id": "08141000001L3nuAAC",
      "lastModifiedById": "00541000002RzpjAAC",
      "lastModifiedByName": "Dylan Gerow",
      "lastModifiedDate": "2017-03-31T15:12:55.000Z",
      "manageableState": "installed",
      "namespacePrefix": "SBQQ",
      "type": "StaticResource"
    },
    {
      "createdById": "00541000002RzrVAAS",
      "createdByName": "Salesforce CPQ",
      "createdDate": "2018-11-09T06:10:34.000Z",
      "fileName": "staticresources/SBQQ__salesforce_sans.resource",
      "fullName": "SBQQ__salesforce_sans",
      "id": "08141000002JfJXAA0",
      "lastModifiedById": "00541000002RzrVAAS",
      "lastModifiedByName": "Salesforce CPQ",
      "lastModifiedDate": "2023-02-13T00:02:43.000Z",
      "manageableState": "installed",
      "namespacePrefix": "SBQQ",
      "type": "StaticResource"
    },
    {
      "createdById": "00541000002RzpjAAC",
      "createdByName": "Dylan Gerow",
      "createdDate": "2017-03-31T15:12:53.000Z",
      "fileName": "staticresources/SBQQ__DesktopCSS.resource",
      "fullName": "SBQQ__DesktopCSS",
      "id": "08141000001L3nMAAS",
      "lastModifiedById": "00541000002RzpjAAC",
      "lastModifiedByName": "Dylan Gerow",
      "lastModifiedDate": "2017-03-31T15:12:53.000Z",
      "manageableState": "installed",
      "namespacePrefix": "SBQQ",
      "type": "StaticResource"
    },
    {
      "createdById": "0053f00000145zgAAA",
      "createdByName": "Nathan Wylder",
      "createdDate": "2021-11-05T14:07:44.000Z",
      "fileName": "staticresources/FieldTracker__Logo.resource",
      "fullName": "FieldTracker__Logo",
      "id": "0813f000000TNsiAAG",
      "lastModifiedById": "0053f00000145zgAAA",
      "lastModifiedByName": "Nathan Wylder",
      "lastModifiedDate": "2021-11-05T14:07:44.000Z",
      "manageableState": "installed",
      "namespacePrefix": "FieldTracker",
      "type": "StaticResource"
    },
    {
      "createdById": "00541000002RzpjAAC",
      "createdByName": "Dylan Gerow",
      "createdDate": "2017-03-31T15:12:55.000Z",
      "fileName": "staticresources/SBQQ__sb.resource",
      "fullName": "SBQQ__sb",
      "id": "08141000001L3ntAAC",
      "lastModifiedById": "00541000002RzrVAAS",
      "lastModifiedByName": "Salesforce CPQ",
      "lastModifiedDate": "2019-06-15T06:36:08.000Z",
      "manageableState": "installed",
      "namespacePrefix": "SBQQ",
      "type": "StaticResource"
    },
    {
      "createdById": "0053f00000145zgAAA",
      "createdByName": "Nathan Wylder",
      "createdDate": "2021-03-04T22:12:39.000Z",
      "fileName": "staticresources/dsfs__Success.resource",
      "fullName": "dsfs__Success",
      "id": "0813f00000000HLAAY",
      "lastModifiedById": "0053f00000145zgAAA",
      "lastModifiedByName": "Nathan Wylder",
      "lastModifiedDate": "2021-03-04T22:12:39.000Z",
      "manageableState": "installed",
      "namespacePrefix": "dsfs",
      "type": "StaticResource"
    },
    {
      "createdById": "00541000004SMkpAAG",
      "createdByName": "SFDC Support",
      "createdDate": "2018-04-24T21:25:17.000Z",
      "fileName": "staticresources/rh2__HS_Jquery.resource",
      "fullName": "rh2__HS_Jquery",
      "id": "08141000002RBTQAA4",
      "lastModifiedById": "005410000064QVeAAM",
      "lastModifiedByName": "Rollup Helper",
      "lastModifiedDate": "2021-07-24T02:05:23.000Z",
      "manageableState": "installed",
      "namespacePrefix": "rh2",
      "type": "StaticResource"
    },
    {
      "createdById": "00541000002RzpjAAC",
      "createdByName": "Dylan Gerow",
      "createdDate": "2017-03-31T15:12:53.000Z",
      "fileName": "staticresources/SBQQ__ConfigureProductsUI.resource",
      "fullName": "SBQQ__ConfigureProductsUI",
      "id": "08141000001L3nJAAS",
      "lastModifiedById": "00541000002RzpjAAC",
      "lastModifiedByName": "Dylan Gerow",
      "lastModifiedDate": "2017-03-31T15:12:53.000Z",
      "manageableState": "installed",
      "namespacePrefix": "SBQQ",
      "type": "StaticResource"
    },
    {
      "createdById": "0053f0000016G9aAAE",
      "createdByName": "Levi Kurtright",
      "createdDate": "2020-11-19T15:23:05.000Z",
      "fileName": "staticresources/sbaa__DealDeskResources.resource",
      "fullName": "sbaa__DealDeskResources",
      "id": "0813f000000GmzKAAS",
      "lastModifiedById": "0053f0000019650AAA",
      "lastModifiedByName": "Advanced Approvals",
      "lastModifiedDate": "2023-02-13T04:31:00.000Z",
      "manageableState": "installed",
      "namespacePrefix": "sbaa",
      "type": "StaticResource"
    },
    {
      "createdById": "0053f00000145zgAAA",
      "createdByName": "Nathan Wylder",
      "createdDate": "2020-02-07T15:36:19.000Z",
      "fileName": "staticresources/pi__pageViews.resource",
      "fullName": "pi__pageViews",
      "id": "0813f000000GmgFAAS",
      "lastModifiedById": "0053f00000145zgAAA",
      "lastModifiedByName": "Nathan Wylder",
      "lastModifiedDate": "2020-02-07T15:36:19.000Z",
      "manageableState": "installed",
      "namespacePrefix": "pi",
      "type": "StaticResource"
    },
    {
      "createdById": "0053f00000145zgAAA",
      "createdByName": "Nathan Wylder",
      "createdDate": "2020-02-07T15:36:17.000Z",
      "fileName": "staticresources/pi__Mobile_Design_Templates.resource",
      "fullName": "pi__Mobile_Design_Templates",
      "id": "0813f000000GmfxAAC",
      "lastModifiedById": "0053f0000014nWOAAY",
      "lastModifiedByName": "Pardot",
      "lastModifiedDate": "2022-07-22T01:00:44.000Z",
      "manageableState": "installed",
      "namespacePrefix": "pi",
      "type": "StaticResource"
    },
    {
      "createdById": "00541000002RzpjAAC",
      "createdByName": "Dylan Gerow",
      "createdDate": "2017-03-31T15:12:54.000Z",
      "fileName": "staticresources/SBQQ__ProductConfiguratorUI.resource",
      "fullName": "SBQQ__ProductConfiguratorUI",
      "id": "08141000001L3nZAAS",
      "lastModifiedById": "00541000002RzpjAAC",
      "lastModifiedByName": "Dylan Gerow",
      "lastModifiedDate": "2017-03-31T15:12:54.000Z",
      "manageableState": "installed",
      "namespacePrefix": "SBQQ",
      "type": "StaticResource"
    },
    {
      "createdById": "0053f00000145zgAAA",
      "createdByName": "Nathan Wylder",
      "createdDate": "2021-03-04T22:12:39.000Z",
      "fileName": "staticresources/dsfs__RecipientIconPNG.resource",
      "fullName": "dsfs__RecipientIconPNG",
      "id": "0813f00000000HGAAY",
      "lastModifiedById": "0053f00000145zgAAA",
      "lastModifiedByName": "Nathan Wylder",
      "lastModifiedDate": "2021-03-04T22:12:39.000Z",
      "manageableState": "installed",
      "namespacePrefix": "dsfs",
      "type": "StaticResource"
    },
    {
      "createdById": "0053f00000145zgAAA",
      "createdByName": "Nathan Wylder",
      "createdDate": "2021-03-04T22:12:39.000Z",
      "fileName": "staticresources/dsfs__admin_home.resource",
      "fullName": "dsfs__admin_home",
      "id": "0813f00000000HOAAY",
      "lastModifiedById": "0053f00000145zgAAA",
      "lastModifiedByName": "Nathan Wylder",
      "lastModifiedDate": "2021-03-04T22:12:39.000Z",
      "manageableState": "installed",
      "namespacePrefix": "dsfs",
      "type": "StaticResource"
    },
    {
      "createdById": "0053f00000145zgAAA",
      "createdByName": "Nathan Wylder",
      "createdDate": "2020-02-07T15:36:19.000Z",
      "fileName": "staticresources/pi__jquery_ui_1_12_1.resource",
      "fullName": "pi__jquery_ui_1_12_1",
      "id": "0813f000000GmgDAAS",
      "lastModifiedById": "0053f0000014nWOAAY",
      "lastModifiedByName": "Pardot",
      "lastModifiedDate": "2022-07-22T01:00:45.000Z",
      "manageableState": "installed",
      "namespacePrefix": "pi",
      "type": "StaticResource"
    },
    {
      "createdById": "00541000002RzpjAAC",
      "createdByName": "Dylan Gerow",
      "createdDate": "2017-03-31T15:12:53.000Z",
      "fileName": "staticresources/SBQQ__Less.resource",
      "fullName": "SBQQ__Less",
      "id": "08141000001L3nVAAS",
      "lastModifiedById": "00541000002RzpjAAC",
      "lastModifiedByName": "Dylan Gerow",
      "lastModifiedDate": "2017-03-31T15:12:53.000Z",
      "manageableState": "installed",
      "namespacePrefix": "SBQQ",
      "type": "StaticResource"
    },
    {
      "createdById": "0053f00000145zgAAA",
      "createdByName": "Nathan Wylder",
      "createdDate": "2021-03-04T22:12:39.000Z",
      "fileName": "staticresources/dsfs__m_Reorder.resource",
      "fullName": "dsfs__m_Reorder",
      "id": "0813f00000000HeAAI",
      "lastModifiedById": "0053f00000145zgAAA",
      "lastModifiedByName": "Nathan Wylder",
      "lastModifiedDate": "2021-03-04T22:12:39.000Z",
      "manageableState": "installed",
      "namespacePrefix": "dsfs",
      "type": "StaticResource"
    },
    {
      "createdById": "00541000002RzrVAAS",
      "createdByName": "Salesforce CPQ",
      "createdDate": "2018-11-09T06:10:33.000Z",
      "fileName": "staticresources/SBQQ__intl_polyfill.resource",
      "fullName": "SBQQ__intl_polyfill",
      "id": "08141000002JfJWAA0",
      "lastModifiedById": "00541000002RzrVAAS",
      "lastModifiedByName": "Salesforce CPQ",
      "lastModifiedDate": "2018-11-09T06:10:33.000Z",
      "manageableState": "installed",
      "namespacePrefix": "SBQQ",
      "type": "StaticResource"
    },
    {
      "createdById": "0053f00000145zgAAA",
      "createdByName": "Nathan Wylder",
      "createdDate": "2020-02-07T15:36:17.000Z",
      "fileName": "staticresources/pi__Outlook.resource",
      "fullName": "pi__Outlook",
      "id": "0813f000000GmfyAAC",
      "lastModifiedById": "0053f0000014nWOAAY",
      "lastModifiedByName": "Pardot",
      "lastModifiedDate": "2022-07-22T01:00:44.000Z",
      "manageableState": "installed",
      "namespacePrefix": "pi",
      "type": "StaticResource"
    },
    {
      "createdById": "00541000004SMkpAAG",
      "createdByName": "SFDC Support",
      "createdDate": "2020-04-04T00:18:07.000Z",
      "fileName": "staticresources/truckicon.resource",
      "fullName": "truckicon",
      "id": "0813f000000GmkYAAS",
      "lastModifiedById": "00541000004SMkpAAG",
      "lastModifiedByName": "SFDC Support",
      "lastModifiedDate": "2020-04-04T00:50:29.000Z",
      "manageableState": "unmanaged",
      "type": "StaticResource"
    },
    {
      "createdById": "0053f00000145zgAAA",
      "createdByName": "Nathan Wylder",
      "createdDate": "2021-03-04T22:12:39.000Z",
      "fileName": "staticresources/dsfs__m_DocuSign_Logo.resource",
      "fullName": "dsfs__m_DocuSign_Logo",
      "id": "0813f00000000HbAAI",
      "lastModifiedById": "0053f00000145zgAAA",
      "lastModifiedByName": "Nathan Wylder",
      "lastModifiedDate": "2021-03-04T22:12:39.000Z",
      "manageableState": "installed",
      "namespacePrefix": "dsfs",
      "type": "StaticResource"
    },
    {
      "createdById": "0053f00000145zgAAA",
      "createdByName": "Nathan Wylder",
      "createdDate": "2021-03-04T22:12:38.000Z",
      "fileName": "staticresources/dsfs__AdminFirstIcon.resource",
      "fullName": "dsfs__AdminFirstIcon",
      "id": "0813f00000000GlAAI",
      "lastModifiedById": "0053f00000145zgAAA",
      "lastModifiedByName": "Nathan Wylder",
      "lastModifiedDate": "2021-03-04T22:12:38.000Z",
      "manageableState": "installed",
      "namespacePrefix": "dsfs",
      "type": "StaticResource"
    },
    {
      "createdById": "00541000004SMkpAAG",
      "createdByName": "SFDC Support",
      "createdDate": "2018-04-24T21:25:19.000Z",
      "fileName": "staticresources/rh2__SFStyleSheets.resource",
      "fullName": "rh2__SFStyleSheets",
      "id": "08141000002RBTVAA4",
      "lastModifiedById": "005410000064QVeAAM",
      "lastModifiedByName": "Rollup Helper",
      "lastModifiedDate": "2018-09-08T04:26:19.000Z",
      "manageableState": "installed",
      "namespacePrefix": "rh2",
      "type": "StaticResource"
    },
    {
      "createdById": "00541000002RzpjAAC",
      "createdByName": "Dylan Gerow",
      "createdDate": "2017-03-31T15:12:54.000Z",
      "fileName": "staticresources/SBQQ__QuoteLineEditorUI.resource",
      "fullName": "SBQQ__QuoteLineEditorUI",
      "id": "08141000001L3ndAAC",
      "lastModifiedById": "00541000002RzpjAAC",
      "lastModifiedByName": "Dylan Gerow",
      "lastModifiedDate": "2017-05-02T15:25:31.000Z",
      "manageableState": "installed",
      "namespacePrefix": "SBQQ",
      "type": "StaticResource"
    },
    {
      "createdById": "0053f00000145zgAAA",
      "createdByName": "Nathan Wylder",
      "createdDate": "2020-02-07T15:36:15.000Z",
      "fileName": "staticresources/pi__EngageSalesTools.resource",
      "fullName": "pi__EngageSalesTools",
      "id": "0813f000000GmfoAAC",
      "lastModifiedById": "0053f0000014nWOAAY",
      "lastModifiedByName": "Pardot",
      "lastModifiedDate": "2022-07-22T01:00:43.000Z",
      "manageableState": "installed",
      "namespacePrefix": "pi",
      "type": "StaticResource"
    },
    {
      "createdById": "0053f00000145zgAAA",
      "createdByName": "Nathan Wylder",
      "createdDate": "2020-02-07T15:36:16.000Z",
      "fileName": "staticresources/pi__MarketingActions.resource",
      "fullName": "pi__MarketingActions",
      "id": "0813f000000GmfvAAC",
      "lastModifiedById": "0053f0000014nWOAAY",
      "lastModifiedByName": "Pardot",
      "lastModifiedDate": "2022-07-22T01:00:43.000Z",
      "manageableState": "installed",
      "namespacePrefix": "pi",
      "type": "StaticResource"
    },
    {
      "createdById": "0053f00000145zgAAA",
      "createdByName": "Nathan Wylder",
      "createdDate": "2020-02-07T15:36:15.000Z",
      "fileName": "staticresources/pi__FeatureFlagDefaults.resource",
      "fullName": "pi__FeatureFlagDefaults",
      "id": "0813f000000GmfrAAC",
      "lastModifiedById": "0053f00000145zgAAA",
      "lastModifiedByName": "Nathan Wylder",
      "lastModifiedDate": "2020-02-07T15:36:15.000Z",
      "manageableState": "installed",
      "namespacePrefix": "pi",
      "type": "StaticResource"
    },
    {
      "createdById": "0053f00000145zgAAA",
      "createdByName": "Nathan Wylder",
      "createdDate": "2021-03-04T22:12:38.000Z",
      "fileName": "staticresources/dsfs__AdminPreviousIcon.resource",
      "fullName": "dsfs__AdminPreviousIcon",
      "id": "0813f00000000GrAAI",
      "lastModifiedById": "0053f00000145zgAAA",
      "lastModifiedByName": "Nathan Wylder",
      "lastModifiedDate": "2021-03-04T22:12:38.000Z",
      "manageableState": "installed",
      "namespacePrefix": "dsfs",
      "type": "StaticResource"
    },
    {
      "createdById": "00541000002RzpjAAC",
      "createdByName": "Dylan Gerow",
      "createdDate": "2017-03-31T15:12:55.000Z",
      "fileName": "staticresources/SBQQ__sb_app_js.resource",
      "fullName": "SBQQ__sb_app_js",
      "id": "08141000001L3nxAAC",
      "lastModifiedById": "00541000002RzrVAAS",
      "lastModifiedByName": "Salesforce CPQ",
      "lastModifiedDate": "2023-02-13T00:02:42.000Z",
      "manageableState": "installed",
      "namespacePrefix": "SBQQ",
      "type": "StaticResource"
    },
    {
      "createdById": "0053f00000145zgAAA",
      "createdByName": "Nathan Wylder",
      "createdDate": "2021-03-04T22:12:39.000Z",
      "fileName": "staticresources/dsfs__ds_icon.resource",
      "fullName": "dsfs__ds_icon",
      "id": "0813f00000000HQAAY",
      "lastModifiedById": "0053f00000145zgAAA",
      "lastModifiedByName": "Nathan Wylder",
      "lastModifiedDate": "2021-03-04T22:12:39.000Z",
      "manageableState": "installed",
      "namespacePrefix": "dsfs",
      "type": "StaticResource"
    },
    {
      "createdById": "0053f00000145zgAAA",
      "createdByName": "Nathan Wylder",
      "createdDate": "2020-02-07T15:36:18.000Z",
      "fileName": "staticresources/pi__addToNurtureListIcon.resource",
      "fullName": "pi__addToNurtureListIcon",
      "id": "0813f000000Gmg5AAC",
      "lastModifiedById": "0053f00000145zgAAA",
      "lastModifiedByName": "Nathan Wylder",
      "lastModifiedDate": "2020-02-07T15:36:18.000Z",
      "manageableState": "installed",
      "namespacePrefix": "pi",
      "type": "StaticResource"
    },
    {
      "createdById": "00541000002RzrVAAS",
      "createdByName": "Salesforce CPQ",
      "createdDate": "2022-06-11T06:27:37.000Z",
      "fileName": "staticresources/SBQQ__dialog.resource",
      "fullName": "SBQQ__dialog",
      "id": "0813f000000KzatAAC",
      "lastModifiedById": "00541000002RzrVAAS",
      "lastModifiedByName": "Salesforce CPQ",
      "lastModifiedDate": "2023-02-13T00:02:40.000Z",
      "manageableState": "installed",
      "namespacePrefix": "SBQQ",
      "type": "StaticResource"
    },
    {
      "createdById": "0053f0000016G9aAAE",
      "createdByName": "Levi Kurtright",
      "createdDate": "2020-11-19T15:23:07.000Z",
      "fileName": "staticresources/sbaa__jQuery.resource",
      "fullName": "sbaa__jQuery",
      "id": "0813f000000GmzRAAS",
      "lastModifiedById": "0053f0000016G9aAAE",
      "lastModifiedByName": "Levi Kurtright",
      "lastModifiedDate": "2020-11-19T15:23:07.000Z",
      "manageableState": "installed",
      "namespacePrefix": "sbaa",
      "type": "StaticResource"
    },
    {
      "createdById": "0053f00000145zgAAA",
      "createdByName": "Nathan Wylder",
      "createdDate": "2021-03-04T22:12:38.000Z",
      "fileName": "staticresources/dsfs__AdminPreviousIconOn.resource",
      "fullName": "dsfs__AdminPreviousIconOn",
      "id": "0813f00000000GsAAI",
      "lastModifiedById": "0053f00000145zgAAA",
      "lastModifiedByName": "Nathan Wylder",
      "lastModifiedDate": "2021-03-04T22:12:38.000Z",
      "manageableState": "installed",
      "namespacePrefix": "dsfs",
      "type": "StaticResource"
    },
    {
      "createdById": "0053f00000145zgAAA",
      "createdByName": "Nathan Wylder",
      "createdDate": "2021-03-04T22:12:39.000Z",
      "fileName": "staticresources/dsfs__DeletePNG.resource",
      "fullName": "dsfs__DeletePNG",
      "id": "0813f00000000GvAAI",
      "lastModifiedById": "0053f00000145zgAAA",
      "lastModifiedByName": "Nathan Wylder",
      "lastModifiedDate": "2021-03-04T22:12:39.000Z",
      "manageableState": "installed",
      "namespacePrefix": "dsfs",
      "type": "StaticResource"
    },
    {
      "createdById": "0053f00000145zgAAA",
      "createdByName": "Nathan Wylder",
      "createdDate": "2021-03-04T22:12:39.000Z",
      "fileName": "staticresources/dsfs__DocuSignLoadingLogo.resource",
      "fullName": "dsfs__DocuSignLoadingLogo",
      "id": "0813f00000000GzAAI",
      "lastModifiedById": "0053f00000145zgAAA",
      "lastModifiedByName": "Nathan Wylder",
      "lastModifiedDate": "2021-03-04T22:12:39.000Z",
      "manageableState": "installed",
      "namespacePrefix": "dsfs",
      "type": "StaticResource"
    },
    {
      "createdById": "00541000002RzpjAAC",
      "createdByName": "Dylan Gerow",
      "createdDate": "2017-03-31T15:12:54.000Z",
      "fileName": "staticresources/SBQQ__ResponsiveRendering.resource",
      "fullName": "SBQQ__ResponsiveRendering",
      "id": "08141000001L3ngAAC",
      "lastModifiedById": "00541000002RzpjAAC",
      "lastModifiedByName": "Dylan Gerow",
      "lastModifiedDate": "2017-03-31T15:12:54.000Z",
      "manageableState": "installed",
      "namespacePrefix": "SBQQ",
      "type": "StaticResource"
    },
    {
      "createdById": "00541000002RzpjAAC",
      "createdByName": "Dylan Gerow",
      "createdDate": "2017-03-31T15:12:53.000Z",
      "fileName": "staticresources/SBQQ__DatepickerLocales.resource",
      "fullName": "SBQQ__DatepickerLocales",
      "id": "08141000001L3nLAAS",
      "lastModifiedById": "00541000002RzrVAAS",
      "lastModifiedByName": "Salesforce CPQ",
      "lastModifiedDate": "2023-02-13T00:02:41.000Z",
      "manageableState": "installed",
      "namespacePrefix": "SBQQ",
      "type": "StaticResource"
    },
    {
      "createdById": "0053f00000145zgAAA",
      "createdByName": "Nathan Wylder",
      "createdDate": "2020-02-07T15:36:15.000Z",
      "fileName": "staticresources/pi__Error.resource",
      "fullName": "pi__Error",
      "id": "0813f000000GmfqAAC",
      "lastModifiedById": "0053f0000014nWOAAY",
      "lastModifiedByName": "Pardot",
      "lastModifiedDate": "2022-07-22T01:00:43.000Z",
      "manageableState": "installed",
      "namespacePrefix": "pi",
      "type": "StaticResource"
    },
    {
      "createdById": "0053f00000145zgAAA",
      "createdByName": "Nathan Wylder",
      "createdDate": "2020-12-03T21:01:21.000Z",
      "fileName": "staticresources/CMTD__multilineToastCSS.resource",
      "fullName": "CMTD__multilineToastCSS",
      "id": "0813f000000GmzxAAC",
      "lastModifiedById": "0053f00000145zgAAA",
      "lastModifiedByName": "Nathan Wylder",
      "lastModifiedDate": "2020-12-03T21:01:21.000Z",
      "manageableState": "installed",
      "namespacePrefix": "CMTD",
      "type": "StaticResource"
    },
    {
      "createdById": "0053f00000145zgAAA",
      "createdByName": "Nathan Wylder",
      "createdDate": "2022-12-20T19:22:03.000Z",
      "fileName": "staticresources/LWCCaseTimer__timerpause.resource",
      "fullName": "LWCCaseTimer__timerpause",
      "id": "08154000001ecmIAAQ",
      "lastModifiedById": "0053f00000145zgAAA",
      "lastModifiedByName": "Nathan Wylder",
      "lastModifiedDate": "2022-12-20T19:22:03.000Z",
      "manageableState": "installed",
      "namespacePrefix": "LWCCaseTimer",
      "type": "StaticResource"
    },
    {
      "createdById": "00541000004SMkpAAG",
      "createdByName": "SFDC Support",
      "createdDate": "2018-04-24T21:25:19.000Z",
      "fileName": "staticresources/rh2__svg4everybody.resource",
      "fullName": "rh2__svg4everybody",
      "id": "08141000002RBTWAA4",
      "lastModifiedById": "005410000064QVeAAM",
      "lastModifiedByName": "Rollup Helper",
      "lastModifiedDate": "2020-10-31T02:00:24.000Z",
      "manageableState": "installed",
      "namespacePrefix": "rh2",
      "type": "StaticResource"
    },
    {
      "createdById": "0053f00000145zgAAA",
      "createdByName": "Nathan Wylder",
      "createdDate": "2021-03-04T22:12:39.000Z",
      "fileName": "staticresources/dsfs__DocumentIcon.resource",
      "fullName": "dsfs__DocumentIcon",
      "id": "0813f00000000H2AAI",
      "lastModifiedById": "0053f00000145zgAAA",
      "lastModifiedByName": "Nathan Wylder",
      "lastModifiedDate": "2021-03-04T22:12:39.000Z",
      "manageableState": "installed",
      "namespacePrefix": "dsfs",
      "type": "StaticResource"
    },
    {
      "createdById": "00541000002RzpjAAC",
      "createdByName": "Dylan Gerow",
      "createdDate": "2017-05-11T13:53:36.000Z",
      "fileName": "staticresources/dlrs__jszip.resource",
      "fullName": "dlrs__jszip",
      "id": "08141000001c17PAAQ",
      "lastModifiedById": "0053f00000145zgAAA",
      "lastModifiedByName": "Nathan Wylder",
      "lastModifiedDate": "2021-04-06T18:51:51.000Z",
      "manageableState": "installed",
      "namespacePrefix": "dlrs",
      "type": "StaticResource"
    },
    {
      "createdById": "0053f00000145zgAAA",
      "createdByName": "Nathan Wylder",
      "createdDate": "2020-02-07T15:36:19.000Z",
      "fileName": "staticresources/pi__icon_utility.resource",
      "fullName": "pi__icon_utility",
      "id": "0813f000000Gmg8AAC",
      "lastModifiedById": "0053f0000014nWOAAY",
      "lastModifiedByName": "Pardot",
      "lastModifiedDate": "2022-07-22T01:00:45.000Z",
      "manageableState": "installed",
      "namespacePrefix": "pi",
      "type": "StaticResource"
    },
    {
      "createdById": "00541000002RzpjAAC",
      "createdByName": "Dylan Gerow",
      "createdDate": "2017-03-31T15:12:53.000Z",
      "fileName": "staticresources/SBQQ__CKEditor.resource",
      "fullName": "SBQQ__CKEditor",
      "id": "08141000001L3nHAAS",
      "lastModifiedById": "00541000002RzrVAAS",
      "lastModifiedByName": "Salesforce CPQ",
      "lastModifiedDate": "2023-02-13T00:02:41.000Z",
      "manageableState": "installed",
      "namespacePrefix": "SBQQ",
      "type": "StaticResource"
    },
    {
      "createdById": "0053f00000145zgAAA",
      "createdByName": "Nathan Wylder",
      "createdDate": "2021-03-04T22:12:39.000Z",
      "fileName": "staticresources/dsfs__UtilJS.resource",
      "fullName": "dsfs__UtilJS",
      "id": "0813f00000000HNAAY",
      "lastModifiedById": "0053f00000145zgAAA",
      "lastModifiedByName": "Nathan Wylder",
      "lastModifiedDate": "2021-03-04T22:12:39.000Z",
      "manageableState": "installed",
      "namespacePrefix": "dsfs",
      "type": "StaticResource"
    },
    {
      "createdById": "0053f00000145zgAAA",
      "createdByName": "Nathan Wylder",
      "createdDate": "2020-02-07T15:36:15.000Z",
      "fileName": "staticresources/pi__Lead_Deck.resource",
      "fullName": "pi__Lead_Deck",
      "id": "0813f000000GmftAAC",
      "lastModifiedById": "0053f00000145zgAAA",
      "lastModifiedByName": "Nathan Wylder",
      "lastModifiedDate": "2020-02-07T15:36:15.000Z",
      "manageableState": "installed",
      "namespacePrefix": "pi",
      "type": "StaticResource"
    },
    {
      "createdById": "0053f00000145zgAAA",
      "createdByName": "Nathan Wylder",
      "createdDate": "2021-03-04T22:12:39.000Z",
      "fileName": "staticresources/dsfs__DocuSignAdminJs.resource",
      "fullName": "dsfs__DocuSignAdminJs",
      "id": "0813f00000000GxAAI",
      "lastModifiedById": "0053f00000145zgAAA",
      "lastModifiedByName": "Nathan Wylder",
      "lastModifiedDate": "2021-03-04T22:12:39.000Z",
      "manageableState": "installed",
      "namespacePrefix": "dsfs",
      "type": "StaticResource"
    },
    {
      "createdById": "0053f00000145zgAAA",
      "createdByName": "Nathan Wylder",
      "createdDate": "2020-02-07T15:36:19.000Z",
      "fileName": "staticresources/pi__loadingSpinner.resource",
      "fullName": "pi__loadingSpinner",
      "id": "0813f000000GmgEAAS",
      "lastModifiedById": "0053f00000145zgAAA",
      "lastModifiedByName": "Nathan Wylder",
      "lastModifiedDate": "2020-02-07T15:36:19.000Z",
      "manageableState": "installed",
      "namespacePrefix": "pi",
      "type": "StaticResource"
    },
    {
      "createdById": "0053f0000016G9aAAE",
      "createdByName": "Levi Kurtright",
      "createdDate": "2020-11-19T15:23:07.000Z",
      "fileName": "staticresources/sbaa__SubmitMobile.resource",
      "fullName": "sbaa__SubmitMobile",
      "id": "0813f000000GmzQAAS",
      "lastModifiedById": "0053f0000016G9aAAE",
      "lastModifiedByName": "Levi Kurtright",
      "lastModifiedDate": "2020-11-19T15:23:07.000Z",
      "manageableState": "installed",
      "namespacePrefix": "sbaa",
      "type": "StaticResource"
    },
    {
      "createdById": "00541000002RzpjAAC",
      "createdByName": "Dylan Gerow",
      "createdDate": "2017-03-31T15:12:54.000Z",
      "fileName": "staticresources/SBQQ__QueueableJobChecker.resource",
      "fullName": "SBQQ__QueueableJobChecker",
      "id": "08141000001L3ncAAC",
      "lastModifiedById": "00541000002RzrVAAS",
      "lastModifiedByName": "Salesforce CPQ",
      "lastModifiedDate": "2019-06-15T06:36:07.000Z",
      "manageableState": "installed",
      "namespacePrefix": "SBQQ",
      "type": "StaticResource"
    },
    {
      "createdById": "0053f00000145zgAAA",
      "createdByName": "Nathan Wylder",
      "createdDate": "2020-02-07T15:36:18.000Z",
      "fileName": "staticresources/pi__SCE_LicenseAssignmentPage.resource",
      "fullName": "pi__SCE_LicenseAssignmentPage",
      "id": "0813f000000Gmg3AAC",
      "lastModifiedById": "0053f00000145zgAAA",
      "lastModifiedByName": "Nathan Wylder",
      "lastModifiedDate": "2020-02-07T15:36:18.000Z",
      "manageableState": "installed",
      "namespacePrefix": "pi",
      "type": "StaticResource"
    },
    {
      "createdById": "00541000004SMkpAAG",
      "createdByName": "SFDC Support",
      "createdDate": "2018-04-24T21:25:17.000Z",
      "fileName": "staticresources/rh2__PT_TimePicker_JS.resource",
      "fullName": "rh2__PT_TimePicker_JS",
      "id": "08141000002RBTUAA4",
      "lastModifiedById": "005410000064QVeAAM",
      "lastModifiedByName": "Rollup Helper",
      "lastModifiedDate": "2020-10-31T02:00:24.000Z",
      "manageableState": "installed",
      "namespacePrefix": "rh2",
      "type": "StaticResource"
    },
    {
      "createdById": "0053f00000145zgAAA",
      "createdByName": "Nathan Wylder",
      "createdDate": "2021-03-04T22:12:39.000Z",
      "fileName": "staticresources/dsfs__m_styles.resource",
      "fullName": "dsfs__m_styles",
      "id": "0813f00000000HgAAI",
      "lastModifiedById": "0053f00000145zgAAA",
      "lastModifiedByName": "Nathan Wylder",
      "lastModifiedDate": "2021-03-04T22:12:39.000Z",
      "manageableState": "installed",
      "namespacePrefix": "dsfs",
      "type": "StaticResource"
    },
    {
      "createdById": "0053f00000145zgAAA",
      "createdByName": "Nathan Wylder",
      "createdDate": "2021-03-04T22:12:38.000Z",
      "fileName": "staticresources/dsfs__AdminLastIconOn.resource",
      "fullName": "dsfs__AdminLastIconOn",
      "id": "0813f00000000GoAAI",
      "lastModifiedById": "0053f00000145zgAAA",
      "lastModifiedByName": "Nathan Wylder",
      "lastModifiedDate": "2021-03-04T22:12:38.000Z",
      "manageableState": "installed",
      "namespacePrefix": "dsfs",
      "type": "StaticResource"
    },
    {
      "createdById": "00541000004SyXBAA0",
      "createdByName": "Zack Patrick",
      "createdDate": "2022-10-10T20:58:43.000Z",
      "fileName": "staticresources/Web_Submission_Icon.resource",
      "fullName": "Web_Submission_Icon",
      "id": "08154000001ea6FAAQ",
      "lastModifiedById": "00541000004SyXBAA0",
      "lastModifiedByName": "Zack Patrick",
      "lastModifiedDate": "2022-10-10T20:58:43.000Z",
      "manageableState": "unmanaged",
      "type": "StaticResource"
    },
    {
      "createdById": "00541000002RzpjAAC",
      "createdByName": "Dylan Gerow",
      "createdDate": "2017-03-31T15:12:55.000Z",
      "fileName": "staticresources/SBQQ__sb_app_map.resource",
      "fullName": "SBQQ__sb_app_map",
      "id": "08141000001L3nyAAC",
      "lastModifiedById": "00541000002RzrVAAS",
      "lastModifiedByName": "Salesforce CPQ",
      "lastModifiedDate": "2023-02-13T00:02:42.000Z",
      "manageableState": "installed",
      "namespacePrefix": "SBQQ",
      "type": "StaticResource"
    },
    {
      "createdById": "0053f00000145zgAAA",
      "createdByName": "Nathan Wylder",
      "createdDate": "2020-02-07T15:36:18.000Z",
      "fileName": "staticresources/pi__Promise.resource",
      "fullName": "pi__Promise",
      "id": "0813f000000Gmg1AAC",
      "lastModifiedById": "0053f0000014nWOAAY",
      "lastModifiedByName": "Pardot",
      "lastModifiedDate": "2022-07-22T01:00:45.000Z",
      "manageableState": "installed",
      "namespacePrefix": "pi",
      "type": "StaticResource"
    },
    {
      "createdById": "0053f00000145zgAAA",
      "createdByName": "Nathan Wylder",
      "createdDate": "2021-03-04T22:12:39.000Z",
      "fileName": "staticresources/dsfs__SettingIconPNG.resource",
      "fullName": "dsfs__SettingIconPNG",
      "id": "0813f00000000HKAAY",
      "lastModifiedById": "0053f00000145zgAAA",
      "lastModifiedByName": "Nathan Wylder",
      "lastModifiedDate": "2021-03-04T22:12:39.000Z",
      "manageableState": "installed",
      "namespacePrefix": "dsfs",
      "type": "StaticResource"
    },
    {
      "createdById": "00541000003Aq3qAAC",
      "createdByName": "Jessica Deal",
      "createdDate": "2017-06-01T19:40:24.000Z",
      "fileName": "staticresources/test_territories.resource",
      "fullName": "test_territories",
      "id": "08141000001cF49AAE",
      "lastModifiedById": "00541000003Aq3qAAC",
      "lastModifiedByName": "Jessica Deal",
      "lastModifiedDate": "2017-06-01T19:40:24.000Z",
      "manageableState": "unmanaged",
      "type": "StaticResource"
    },
    {
      "createdById": "00541000002RzpjAAC",
      "createdByName": "Dylan Gerow",
      "createdDate": "2017-03-31T15:12:53.000Z",
      "fileName": "staticresources/SBQQ__Directives.resource",
      "fullName": "SBQQ__Directives",
      "id": "08141000001L3nNAAS",
      "lastModifiedById": "00541000002RzpjAAC",
      "lastModifiedByName": "Dylan Gerow",
      "lastModifiedDate": "2017-03-31T15:12:53.000Z",
      "manageableState": "installed",
      "namespacePrefix": "SBQQ",
      "type": "StaticResource"
    },
    {
      "createdById": "0053f00000145zgAAA",
      "createdByName": "Nathan Wylder",
      "createdDate": "2020-02-07T15:36:16.000Z",
      "fileName": "staticresources/pi__MicroCampaign.resource",
      "fullName": "pi__MicroCampaign",
      "id": "0813f000000GmfwAAC",
      "lastModifiedById": "0053f0000014nWOAAY",
      "lastModifiedByName": "Pardot",
      "lastModifiedDate": "2022-07-22T01:00:44.000Z",
      "manageableState": "installed",
      "namespacePrefix": "pi",
      "type": "StaticResource"
    },
    {
      "createdById": "0053f00000145zgAAA",
      "createdByName": "Nathan Wylder",
      "createdDate": "2020-02-07T15:36:18.000Z",
      "fileName": "staticresources/pi__PardotRedirectSuccessMessageImg.resource",
      "fullName": "pi__PardotRedirectSuccessMessageImg",
      "id": "0813f000000Gmg0AAC",
      "lastModifiedById": "0053f00000145zgAAA",
      "lastModifiedByName": "Nathan Wylder",
      "lastModifiedDate": "2020-02-07T15:36:18.000Z",
      "manageableState": "installed",
      "namespacePrefix": "pi",
      "type": "StaticResource"
    },
    {
      "createdById": "00541000002RzpjAAC",
      "createdByName": "Dylan Gerow",
      "createdDate": "2017-03-31T15:12:53.000Z",
      "fileName": "staticresources/SBQQ__FavoritesManagerUI.resource",
      "fullName": "SBQQ__FavoritesManagerUI",
      "id": "08141000001L3nQAAS",
      "lastModifiedById": "00541000002RzpjAAC",
      "lastModifiedByName": "Dylan Gerow",
      "lastModifiedDate": "2017-03-31T15:12:53.000Z",
      "manageableState": "installed",
      "namespacePrefix": "SBQQ",
      "type": "StaticResource"
    },
    {
      "createdById": "00541000002RzpjAAC",
      "createdByName": "Dylan Gerow",
      "createdDate": "2017-03-31T15:12:54.000Z",
      "fileName": "staticresources/SBQQ__jQuery.resource",
      "fullName": "SBQQ__jQuery",
      "id": "08141000001L3npAAC",
      "lastModifiedById": "00541000002RzpjAAC",
      "lastModifiedByName": "Dylan Gerow",
      "lastModifiedDate": "2017-03-31T15:12:54.000Z",
      "manageableState": "installed",
      "namespacePrefix": "SBQQ",
      "type": "StaticResource"
    },
    {
      "createdById": "00541000002RzpjAAC",
      "createdByName": "Dylan Gerow",
      "createdDate": "2017-03-31T15:12:54.000Z",
      "fileName": "staticresources/SBQQ__ThemeEditorUI.resource",
      "fullName": "SBQQ__ThemeEditorUI",
      "id": "08141000001L3nkAAC",
      "lastModifiedById": "00541000002RzrVAAS",
      "lastModifiedByName": "Salesforce CPQ",
      "lastModifiedDate": "2022-06-11T06:27:35.000Z",
      "manageableState": "installed",
      "namespacePrefix": "SBQQ",
      "type": "StaticResource"
    },
    {
      "createdById": "0053f00000145zgAAA",
      "createdByName": "Nathan Wylder",
      "createdDate": "2021-03-04T22:12:39.000Z",
      "fileName": "staticresources/dsfs__Grabber.resource",
      "fullName": "dsfs__Grabber",
      "id": "0813f00000000H9AAI",
      "lastModifiedById": "0053f00000145zgAAA",
      "lastModifiedByName": "Nathan Wylder",
      "lastModifiedDate": "2021-03-04T22:12:39.000Z",
      "manageableState": "installed",
      "namespacePrefix": "dsfs",
      "type": "StaticResource"
    },
    {
      "createdById": "0053f00000145zgAAA",
      "createdByName": "Nathan Wylder",
      "createdDate": "2021-03-04T22:12:38.000Z",
      "fileName": "staticresources/dsfs__AdminNextIconOn.resource",
      "fullName": "dsfs__AdminNextIconOn",
      "id": "0813f00000000GqAAI",
      "lastModifiedById": "0053f00000145zgAAA",
      "lastModifiedByName": "Nathan Wylder",
      "lastModifiedDate": "2021-03-04T22:12:38.000Z",
      "manageableState": "installed",
      "namespacePrefix": "dsfs",
      "type": "StaticResource"
    },
    {
      "createdById": "00541000002RzpjAAC",
      "createdByName": "Dylan Gerow",
      "createdDate": "2017-03-31T15:12:53.000Z",
      "fileName": "staticresources/SBQQ__EditLinesUI.resource",
      "fullName": "SBQQ__EditLinesUI",
      "id": "08141000001L3nPAAS",
      "lastModifiedById": "00541000002RzpjAAC",
      "lastModifiedByName": "Dylan Gerow",
      "lastModifiedDate": "2017-03-31T15:12:53.000Z",
      "manageableState": "installed",
      "namespacePrefix": "SBQQ",
      "type": "StaticResource"
    },
    {
      "createdById": "0053f0000016G9aAAE",
      "createdByName": "Levi Kurtright",
      "createdDate": "2020-11-19T15:23:07.000Z",
      "fileName": "staticresources/sbaa__sb_app_3rd_js.resource",
      "fullName": "sbaa__sb_app_3rd_js",
      "id": "0813f000000GmzVAAS",
      "lastModifiedById": "0053f0000016G9aAAE",
      "lastModifiedByName": "Levi Kurtright",
      "lastModifiedDate": "2020-11-19T15:23:07.000Z",
      "manageableState": "installed",
      "namespacePrefix": "sbaa",
      "type": "StaticResource"
    },
    {
      "createdById": "0053f00000145zgAAA",
      "createdByName": "Nathan Wylder",
      "createdDate": "2021-03-04T22:12:39.000Z",
      "fileName": "staticresources/dsfs__ds_logo.resource",
      "fullName": "dsfs__ds_logo",
      "id": "0813f00000000HSAAY",
      "lastModifiedById": "0053f00000145zgAAA",
      "lastModifiedByName": "Nathan Wylder",
      "lastModifiedDate": "2021-03-04T22:12:39.000Z",
      "manageableState": "installed",
      "namespacePrefix": "dsfs",
      "type": "StaticResource"
    },
    {
      "createdById": "00541000002RzpjAAC",
      "createdByName": "Dylan Gerow",
      "createdDate": "2017-03-31T15:12:55.000Z",
      "fileName": "staticresources/SBQQ__sb_app_html.resource",
      "fullName": "SBQQ__sb_app_html",
      "id": "08141000001L3nwAAC",
      "lastModifiedById": "00541000002RzrVAAS",
      "lastModifiedByName": "Salesforce CPQ",
      "lastModifiedDate": "2022-10-16T18:05:25.000Z",
      "manageableState": "installed",
      "namespacePrefix": "SBQQ",
      "type": "StaticResource"
    },
    {
      "createdById": "0053f0000016G9aAAE",
      "createdByName": "Levi Kurtright",
      "createdDate": "2020-11-19T15:23:07.000Z",
      "fileName": "staticresources/sbaa__SLDS214.resource",
      "fullName": "sbaa__SLDS214",
      "id": "0813f000000GmzPAAS",
      "lastModifiedById": "0053f0000019650AAA",
      "lastModifiedByName": "Advanced Approvals",
      "lastModifiedDate": "2023-02-13T04:31:02.000Z",
      "manageableState": "installed",
      "namespacePrefix": "sbaa",
      "type": "StaticResource"
    },
    {
      "createdById": "0053f00000145zgAAA",
      "createdByName": "Nathan Wylder",
      "createdDate": "2021-03-04T22:12:39.000Z",
      "fileName": "staticresources/dsfs__jquery_ui.resource",
      "fullName": "dsfs__jquery_ui",
      "id": "0813f00000000HVAAY",
      "lastModifiedById": "0053f00000145zgAAA",
      "lastModifiedByName": "Nathan Wylder",
      "lastModifiedDate": "2021-03-04T22:12:39.000Z",
      "manageableState": "installed",
      "namespacePrefix": "dsfs",
      "type": "StaticResource"
    },
    {
      "createdById": "00541000004SMkpAAG",
      "createdByName": "SFDC Support",
      "createdDate": "2018-04-30T23:29:46.000Z",
      "fileName": "staticresources/SBQQ__sb_ms_js.resource",
      "fullName": "SBQQ__sb_ms_js",
      "id": "08141000002RBbHAAW",
      "lastModifiedById": "00541000002RzrVAAS",
      "lastModifiedByName": "Salesforce CPQ",
      "lastModifiedDate": "2023-02-13T00:02:43.000Z",
      "manageableState": "installed",
      "namespacePrefix": "SBQQ",
      "type": "StaticResource"
    },
    {
      "createdById": "0053f00000145zgAAA",
      "createdByName": "Nathan Wylder",
      "createdDate": "2020-02-07T15:36:15.000Z",
      "fileName": "staticresources/pi__LegacyPardot.resource",
      "fullName": "pi__LegacyPardot",
      "id": "0813f000000GmfuAAC",
      "lastModifiedById": "0053f0000014nWOAAY",
      "lastModifiedByName": "Pardot",
      "lastModifiedDate": "2022-07-22T01:00:43.000Z",
      "manageableState": "installed",
      "namespacePrefix": "pi",
      "type": "StaticResource"
    },
    {
      "createdById": "00541000004SMkpAAG",
      "createdByName": "SFDC Support",
      "createdDate": "2018-02-13T00:27:10.000Z",
      "fileName": "staticresources/BlankImage.resource",
      "fullName": "BlankImage",
      "id": "08141000002JKpeAAG",
      "lastModifiedById": "00541000004SMkpAAG",
      "lastModifiedByName": "SFDC Support",
      "lastModifiedDate": "2018-02-13T00:27:10.000Z",
      "manageableState": "unmanaged",
      "type": "StaticResource"
    },
    {
      "createdById": "00541000002RzpjAAC",
      "createdByName": "Dylan Gerow",
      "createdDate": "2017-03-31T15:12:52.000Z",
      "fileName": "staticresources/SBQQ__AngularJS.resource",
      "fullName": "SBQQ__AngularJS",
      "id": "08141000001L3nFAAS",
      "lastModifiedById": "00541000002RzrVAAS",
      "lastModifiedByName": "Salesforce CPQ",
      "lastModifiedDate": "2023-02-13T00:02:40.000Z",
      "manageableState": "installed",
      "namespacePrefix": "SBQQ",
      "type": "StaticResource"
    },
    {
      "createdById": "0053f00000145zgAAA",
      "createdByName": "Nathan Wylder",
      "createdDate": "2021-03-04T22:12:39.000Z",
      "fileName": "staticresources/dsfs__EnvelopeConfigurationBaseService.resource",
      "fullName": "dsfs__EnvelopeConfigurationBaseService",
      "id": "0813f00000000H4AAI",
      "lastModifiedById": "0053f00000145zgAAA",
      "lastModifiedByName": "Nathan Wylder",
      "lastModifiedDate": "2021-03-04T22:12:39.000Z",
      "manageableState": "installed",
      "namespacePrefix": "dsfs",
      "type": "StaticResource"
    },
    {
      "createdById": "0053f00000145zgAAA",
      "createdByName": "Nathan Wylder",
      "createdDate": "2021-03-04T22:12:39.000Z",
      "fileName": "staticresources/dsfs__m_Grab.resource",
      "fullName": "dsfs__m_Grab",
      "id": "0813f00000000HcAAI",
      "lastModifiedById": "0053f00000145zgAAA",
      "lastModifiedByName": "Nathan Wylder",
      "lastModifiedDate": "2021-03-04T22:12:39.000Z",
      "manageableState": "installed",
      "namespacePrefix": "dsfs",
      "type": "StaticResource"
    },
    {
      "createdById": "0053f00000145zgAAA",
      "createdByName": "Nathan Wylder",
      "createdDate": "2021-03-04T22:12:39.000Z",
      "fileName": "staticresources/dsfs__DocuSignPNG.resource",
      "fullName": "dsfs__DocuSignPNG",
      "id": "0813f00000000H1AAI",
      "lastModifiedById": "0053f00000145zgAAA",
      "lastModifiedByName": "Nathan Wylder",
      "lastModifiedDate": "2021-03-04T22:12:39.000Z",
      "manageableState": "installed",
      "namespacePrefix": "dsfs",
      "type": "StaticResource"
    },
    {
      "createdById": "0053f00000145zgAAA",
      "createdByName": "Nathan Wylder",
      "createdDate": "2021-03-04T22:12:39.000Z",
      "fileName": "staticresources/dsfs__jqueryui.resource",
      "fullName": "dsfs__jqueryui",
      "id": "0813f00000000HXAAY",
      "lastModifiedById": "0053f00000145zgAAA",
      "lastModifiedByName": "Nathan Wylder",
      "lastModifiedDate": "2021-03-04T22:12:39.000Z",
      "manageableState": "installed",
      "namespacePrefix": "dsfs",
      "type": "StaticResource"
    },
    {
      "createdById": "0053f00000145zgAAA",
      "createdByName": "Nathan Wylder",
      "createdDate": "2020-02-07T15:36:18.000Z",
      "fileName": "staticresources/pi__ProximaNovaSoft.resource",
      "fullName": "pi__ProximaNovaSoft",
      "id": "0813f000000Gmg2AAC",
      "lastModifiedById": "0053f0000014nWOAAY",
      "lastModifiedByName": "Pardot",
      "lastModifiedDate": "2022-07-22T01:00:45.000Z",
      "manageableState": "installed",
      "namespacePrefix": "pi",
      "type": "StaticResource"
    },
    {
      "createdById": "005410000065SDyAAM",
      "createdByName": "Cole Baughn",
      "createdDate": "2018-08-08T22:22:09.000Z",
      "fileName": "staticresources/ESR_Lightning_Image.resource",
      "fullName": "ESR_Lightning_Image",
      "id": "081410000025M9UAAU",
      "lastModifiedById": "005410000065SDyAAM",
      "lastModifiedByName": "Cole Baughn",
      "lastModifiedDate": "2018-08-08T22:22:09.000Z",
      "manageableState": "unmanaged",
      "type": "StaticResource"
    },
    {
      "createdById": "0053f00000145zgAAA",
      "createdByName": "Nathan Wylder",
      "createdDate": "2021-03-04T22:12:39.000Z",
      "fileName": "staticresources/dsfs__SuccessPNG.resource",
      "fullName": "dsfs__SuccessPNG",
      "id": "0813f00000000HMAAY",
      "lastModifiedById": "0053f00000145zgAAA",
      "lastModifiedByName": "Nathan Wylder",
      "lastModifiedDate": "2021-03-04T22:12:39.000Z",
      "manageableState": "installed",
      "namespacePrefix": "dsfs",
      "type": "StaticResource"
    },
    {
      "createdById": "0053f00000145zgAAA",
      "createdByName": "Nathan Wylder",
      "createdDate": "2021-03-04T22:12:39.000Z",
      "fileName": "staticresources/dsfs__FolderPNG.resource",
      "fullName": "dsfs__FolderPNG",
      "id": "0813f00000000H8AAI",
      "lastModifiedById": "0053f00000145zgAAA",
      "lastModifiedByName": "Nathan Wylder",
      "lastModifiedDate": "2021-03-04T22:12:39.000Z",
      "manageableState": "installed",
      "namespacePrefix": "dsfs",
      "type": "StaticResource"
    },
    {
      "createdById": "00541000004SMkpAAG",
      "createdByName": "SFDC Support",
      "createdDate": "2018-04-30T23:29:43.000Z",
      "fileName": "staticresources/SBQQ__NoAccessSimplified.resource",
      "fullName": "SBQQ__NoAccessSimplified",
      "id": "08141000002RBbGAAW",
      "lastModifiedById": "00541000004SMkpAAG",
      "lastModifiedByName": "SFDC Support",
      "lastModifiedDate": "2018-04-30T23:29:43.000Z",
      "manageableState": "installed",
      "namespacePrefix": "SBQQ",
      "type": "StaticResource"
    },
    {
      "createdById": "0053f00000145zgAAA",
      "createdByName": "Nathan Wylder",
      "createdDate": "2021-03-04T22:12:39.000Z",
      "fileName": "staticresources/dsfs__SearchIconPNG.resource",
      "fullName": "dsfs__SearchIconPNG",
      "id": "0813f00000000HIAAY",
      "lastModifiedById": "0053f00000145zgAAA",
      "lastModifiedByName": "Nathan Wylder",
      "lastModifiedDate": "2021-03-04T22:12:39.000Z",
      "manageableState": "installed",
      "namespacePrefix": "dsfs",
      "type": "StaticResource"
    },
    {
      "createdById": "0053f00000145zgAAA",
      "createdByName": "Nathan Wylder",
      "createdDate": "2021-03-04T22:12:39.000Z",
      "fileName": "staticresources/dsfs__ArrowDropDown.resource",
      "fullName": "dsfs__ArrowDropDown",
      "id": "0813f00000000GtAAI",
      "lastModifiedById": "0053f00000145zgAAA",
      "lastModifiedByName": "Nathan Wylder",
      "lastModifiedDate": "2021-03-04T22:12:39.000Z",
      "manageableState": "installed",
      "namespacePrefix": "dsfs",
      "type": "StaticResource"
    },
    {
      "createdById": "0053f00000145zgAAA",
      "createdByName": "Nathan Wylder",
      "createdDate": "2021-03-04T22:12:39.000Z",
      "fileName": "staticresources/dsfs__DocuSignLoadingLogoPNG.resource",
      "fullName": "dsfs__DocuSignLoadingLogoPNG",
      "id": "0813f00000000H0AAI",
      "lastModifiedById": "0053f00000145zgAAA",
      "lastModifiedByName": "Nathan Wylder",
      "lastModifiedDate": "2021-03-04T22:12:39.000Z",
      "manageableState": "installed",
      "namespacePrefix": "dsfs",
      "type": "StaticResource"
    },
    {
      "createdById": "00541000004SMkpAAG",
      "createdByName": "SFDC Support",
      "createdDate": "2020-04-04T01:45:20.000Z",
      "fileName": "staticresources/SalesQualityFeedbackProcess.resource",
      "fullName": "SalesQualityFeedbackProcess",
      "id": "0813f000000GmkdAAC",
      "lastModifiedById": "00541000004SMkpAAG",
      "lastModifiedByName": "SFDC Support",
      "lastModifiedDate": "2020-04-04T02:16:15.000Z",
      "manageableState": "unmanaged",
      "type": "StaticResource"
    },
    {
      "createdById": "00541000002RzpjAAC",
      "createdByName": "Dylan Gerow",
      "createdDate": "2017-03-31T15:12:54.000Z",
      "fileName": "staticresources/SBQQ__MobileCSS.resource",
      "fullName": "SBQQ__MobileCSS",
      "id": "08141000001L3nXAAS",
      "lastModifiedById": "00541000002RzrVAAS",
      "lastModifiedByName": "Salesforce CPQ",
      "lastModifiedDate": "2019-06-15T06:36:07.000Z",
      "manageableState": "installed",
      "namespacePrefix": "SBQQ",
      "type": "StaticResource"
    },
    {
      "createdById": "00541000002RzpjAAC",
      "createdByName": "Dylan Gerow",
      "createdDate": "2017-03-31T15:12:53.000Z",
      "fileName": "staticresources/SBQQ__JSQC.resource",
      "fullName": "SBQQ__JSQC",
      "id": "08141000001L3nTAAS",
      "lastModifiedById": "00541000002RzrVAAS",
      "lastModifiedByName": "Salesforce CPQ",
      "lastModifiedDate": "2023-02-13T00:02:41.000Z",
      "manageableState": "installed",
      "namespacePrefix": "SBQQ",
      "type": "StaticResource"
    },
    {
      "createdById": "0053f00000145zgAAA",
      "createdByName": "Nathan Wylder",
      "createdDate": "2021-03-04T22:12:39.000Z",
      "fileName": "staticresources/dsfs__jquery.resource",
      "fullName": "dsfs__jquery",
      "id": "0813f00000000HUAAY",
      "lastModifiedById": "0053f00000145zgAAA",
      "lastModifiedByName": "Nathan Wylder",
      "lastModifiedDate": "2021-03-04T22:12:39.000Z",
      "manageableState": "installed",
      "namespacePrefix": "dsfs",
      "type": "StaticResource"
    },
    {
      "createdById": "00541000002RzpjAAC",
      "createdByName": "Dylan Gerow",
      "createdDate": "2017-03-31T15:12:54.000Z",
      "fileName": "staticresources/SBQQ__jQueryDatepickerLocale.resource",
      "fullName": "SBQQ__jQueryDatepickerLocale",
      "id": "08141000001L3nqAAC",
      "lastModifiedById": "00541000002RzpjAAC",
      "lastModifiedByName": "Dylan Gerow",
      "lastModifiedDate": "2017-09-06T17:52:51.000Z",
      "manageableState": "installed",
      "namespacePrefix": "SBQQ",
      "type": "StaticResource"
    },
    {
      "createdById": "0053f00000145zgAAA",
      "createdByName": "Nathan Wylder",
      "createdDate": "2021-03-04T22:12:39.000Z",
      "fileName": "staticresources/dsfs__RecipientIcon.resource",
      "fullName": "dsfs__RecipientIcon",
      "id": "0813f00000000HFAAY",
      "lastModifiedById": "0053f00000145zgAAA",
      "lastModifiedByName": "Nathan Wylder",
      "lastModifiedDate": "2021-03-04T22:12:39.000Z",
      "manageableState": "installed",
      "namespacePrefix": "dsfs",
      "type": "StaticResource"
    },
    {
      "createdById": "00541000002RzpjAAC",
      "createdByName": "Dylan Gerow",
      "createdDate": "2017-03-31T15:12:54.000Z",
      "fileName": "staticresources/SBQQ__ProductUpgraderUI.resource",
      "fullName": "SBQQ__ProductUpgraderUI",
      "id": "08141000001L3nbAAC",
      "lastModifiedById": "00541000002RzpjAAC",
      "lastModifiedByName": "Dylan Gerow",
      "lastModifiedDate": "2017-03-31T15:12:54.000Z",
      "manageableState": "installed",
      "namespacePrefix": "SBQQ",
      "type": "StaticResource"
    },
    {
      "createdById": "00541000002RzpjAAC",
      "createdByName": "Dylan Gerow",
      "createdDate": "2017-03-31T15:12:57.000Z",
      "fileName": "staticresources/SBQQ__sb_i18n_cldr.resource",
      "fullName": "SBQQ__sb_i18n_cldr",
      "id": "08141000001L3nzAAC",
      "lastModifiedById": "00541000002RzrVAAS",
      "lastModifiedByName": "Salesforce CPQ",
      "lastModifiedDate": "2023-02-13T00:02:42.000Z",
      "manageableState": "installed",
      "namespacePrefix": "SBQQ",
      "type": "StaticResource"
    },
    {
      "createdById": "00541000002RzpjAAC",
      "createdByName": "Dylan Gerow",
      "createdDate": "2017-03-31T15:12:54.000Z",
      "fileName": "staticresources/SBQQ__PrecacherUI2.resource",
      "fullName": "SBQQ__PrecacherUI2",
      "id": "08141000001L3nYAAS",
      "lastModifiedById": "00541000002RzrVAAS",
      "lastModifiedByName": "Salesforce CPQ",
      "lastModifiedDate": "2020-02-15T07:35:39.000Z",
      "manageableState": "installed",
      "namespacePrefix": "SBQQ",
      "type": "StaticResource"
    },
    {
      "createdById": "00541000002RzpjAAC",
      "createdByName": "Dylan Gerow",
      "createdDate": "2017-03-31T15:12:52.000Z",
      "fileName": "staticresources/SBQQ__AssetLookupUI.resource",
      "fullName": "SBQQ__AssetLookupUI",
      "id": "08141000001L3nGAAS",
      "lastModifiedById": "00541000002RzrVAAS",
      "lastModifiedByName": "Salesforce CPQ",
      "lastModifiedDate": "2020-10-22T04:01:34.000Z",
      "manageableState": "installed",
      "namespacePrefix": "SBQQ",
      "type": "StaticResource"
    },
    {
      "createdById": "00541000002RzpjAAC",
      "createdByName": "Dylan Gerow",
      "createdDate": "2017-03-31T15:12:54.000Z",
      "fileName": "staticresources/SBQQ__Spectrum.resource",
      "fullName": "SBQQ__Spectrum",
      "id": "08141000001L3nhAAC",
      "lastModifiedById": "00541000002RzpjAAC",
      "lastModifiedByName": "Dylan Gerow",
      "lastModifiedDate": "2017-03-31T15:12:54.000Z",
      "manageableState": "installed",
      "namespacePrefix": "SBQQ",
      "type": "StaticResource"
    },
    {
      "createdById": "0053f0000016G9aAAE",
      "createdByName": "Levi Kurtright",
      "createdDate": "2020-11-19T15:23:07.000Z",
      "fileName": "staticresources/sbaa__sb_app_js.resource",
      "fullName": "sbaa__sb_app_js",
      "id": "0813f000000GmzXAAS",
      "lastModifiedById": "0053f0000016G9aAAE",
      "lastModifiedByName": "Levi Kurtright",
      "lastModifiedDate": "2020-11-19T15:23:07.000Z",
      "manageableState": "installed",
      "namespacePrefix": "sbaa",
      "type": "StaticResource"
    },
    {
      "createdById": "00541000002RzpjAAC",
      "createdByName": "Dylan Gerow",
      "createdDate": "2017-03-31T15:12:55.000Z",
      "fileName": "staticresources/SBQQ__sb_app_3rd_js.resource",
      "fullName": "SBQQ__sb_app_3rd_js",
      "id": "08141000001L3nvAAC",
      "lastModifiedById": "00541000002RzrVAAS",
      "lastModifiedByName": "Salesforce CPQ",
      "lastModifiedDate": "2021-06-12T06:52:33.000Z",
      "manageableState": "installed",
      "namespacePrefix": "SBQQ",
      "type": "StaticResource"
    },
    {
      "createdById": "00541000002RzpjAAC",
      "createdByName": "Dylan Gerow",
      "createdDate": "2017-03-31T15:12:53.000Z",
      "fileName": "staticresources/SBQQ__DocumentGeneratorUI.resource",
      "fullName": "SBQQ__DocumentGeneratorUI",
      "id": "08141000001L3nOAAS",
      "lastModifiedById": "00541000002RzrVAAS",
      "lastModifiedByName": "Salesforce CPQ",
      "lastModifiedDate": "2022-06-11T06:27:35.000Z",
      "manageableState": "installed",
      "namespacePrefix": "SBQQ",
      "type": "StaticResource"
    },
    {
      "createdById": "00541000004SMkpAAG",
      "createdByName": "SFDC Support",
      "createdDate": "2018-04-30T23:29:43.000Z",
      "fileName": "staticresources/SBQQ__JSAR.resource",
      "fullName": "SBQQ__JSAR",
      "id": "08141000002RBbFAAW",
      "lastModifiedById": "00541000002RzrVAAS",
      "lastModifiedByName": "Salesforce CPQ",
      "lastModifiedDate": "2023-02-13T00:02:43.000Z",
      "manageableState": "installed",
      "namespacePrefix": "SBQQ",
      "type": "StaticResource"
    },
    {
      "createdById": "0053f00000145zgAAA",
      "createdByName": "Nathan Wylder",
      "createdDate": "2021-03-04T22:12:39.000Z",
      "fileName": "staticresources/dsfs__ModalManager.resource",
      "fullName": "dsfs__ModalManager",
      "id": "0813f00000000HDAAY",
      "lastModifiedById": "0053f00000145zgAAA",
      "lastModifiedByName": "Nathan Wylder",
      "lastModifiedDate": "2021-03-04T22:12:39.000Z",
      "manageableState": "installed",
      "namespacePrefix": "dsfs",
      "type": "StaticResource"
    },
    {
      "createdById": "0053f00000145zgAAA",
      "createdByName": "Nathan Wylder",
      "createdDate": "2021-03-04T22:12:39.000Z",
      "fileName": "staticresources/dsfs__DocuSign.resource",
      "fullName": "dsfs__DocuSign",
      "id": "0813f00000000GwAAI",
      "lastModifiedById": "0053f00000145zgAAA",
      "lastModifiedByName": "Nathan Wylder",
      "lastModifiedDate": "2021-03-04T22:12:39.000Z",
      "manageableState": "installed",
      "namespacePrefix": "dsfs",
      "type": "StaticResource"
    },
    {
      "createdById": "0053f00000145zgAAA",
      "createdByName": "Nathan Wylder",
      "createdDate": "2021-03-04T22:12:39.000Z",
      "fileName": "staticresources/dsfs__DocumentIconPNG.resource",
      "fullName": "dsfs__DocumentIconPNG",
      "id": "0813f00000000H3AAI",
      "lastModifiedById": "0053f00000145zgAAA",
      "lastModifiedByName": "Nathan Wylder",
      "lastModifiedDate": "2021-03-04T22:12:39.000Z",
      "manageableState": "installed",
      "namespacePrefix": "dsfs",
      "type": "StaticResource"
    },
    {
      "createdById": "0053f00000145zgAAA",
      "createdByName": "Nathan Wylder",
      "createdDate": "2021-04-01T13:44:07.000Z",
      "fileName": "staticresources/ADSLogoSmallFullColor.resource",
      "fullName": "ADSLogoSmallFullColor",
      "id": "0813f00000000WFAAY",
      "lastModifiedById": "0053f00000145zgAAA",
      "lastModifiedByName": "Nathan Wylder",
      "lastModifiedDate": "2021-04-01T13:44:07.000Z",
      "manageableState": "unmanaged",
      "type": "StaticResource"
    },
    {
      "createdById": "0053f00000145zgAAA",
      "createdByName": "Nathan Wylder",
      "createdDate": "2020-02-07T15:36:19.000Z",
      "fileName": "staticresources/pi__jquery_ui_1_11_1_custom_has_dialog.resource",
      "fullName": "pi__jquery_ui_1_11_1_custom_has_dialog",
      "id": "0813f000000GmgCAAS",
      "lastModifiedById": "0053f0000014nWOAAY",
      "lastModifiedByName": "Pardot",
      "lastModifiedDate": "2022-07-22T01:00:45.000Z",
      "manageableState": "installed",
      "namespacePrefix": "pi",
      "type": "StaticResource"
    },
    {
      "createdById": "0053f00000145zgAAA",
      "createdByName": "Nathan Wylder",
      "createdDate": "2021-03-04T22:12:39.000Z",
      "fileName": "staticresources/dsfs__SearchIcon.resource",
      "fullName": "dsfs__SearchIcon",
      "id": "0813f00000000HHAAY",
      "lastModifiedById": "0053f00000145zgAAA",
      "lastModifiedByName": "Nathan Wylder",
      "lastModifiedDate": "2021-03-04T22:12:39.000Z",
      "manageableState": "installed",
      "namespacePrefix": "dsfs",
      "type": "StaticResource"
    },
    {
      "createdById": "00541000002RzpjAAC",
      "createdByName": "Dylan Gerow",
      "createdDate": "2017-03-31T15:12:53.000Z",
      "fileName": "staticresources/SBQQ__InfiniteScroll.resource",
      "fullName": "SBQQ__InfiniteScroll",
      "id": "08141000001L3nSAAS",
      "lastModifiedById": "00541000002RzpjAAC",
      "lastModifiedByName": "Dylan Gerow",
      "lastModifiedDate": "2017-03-31T15:12:53.000Z",
      "manageableState": "installed",
      "namespacePrefix": "SBQQ",
      "type": "StaticResource"
    },
    {
      "createdById": "0053f00000145zgAAA",
      "createdByName": "Nathan Wylder",
      "createdDate": "2021-03-04T22:12:39.000Z",
      "fileName": "staticresources/dsfs__modernizrjs.resource",
      "fullName": "dsfs__modernizrjs",
      "id": "0813f00000000HhAAI",
      "lastModifiedById": "0053f00000145zgAAA",
      "lastModifiedByName": "Nathan Wylder",
      "lastModifiedDate": "2021-03-04T22:12:39.000Z",
      "manageableState": "installed",
      "namespacePrefix": "dsfs",
      "type": "StaticResource"
    },
    {
      "createdById": "0053f00000145zgAAA",
      "createdByName": "Nathan Wylder",
      "createdDate": "2021-03-04T22:12:39.000Z",
      "fileName": "staticresources/dsfs__EnvelopecustomfieldIcon.resource",
      "fullName": "dsfs__EnvelopecustomfieldIcon",
      "id": "0813f00000000H6AAI",
      "lastModifiedById": "0053f00000145zgAAA",
      "lastModifiedByName": "Nathan Wylder",
      "lastModifiedDate": "2021-03-04T22:12:39.000Z",
      "manageableState": "installed",
      "namespacePrefix": "dsfs",
      "type": "StaticResource"
    },
    {
      "createdById": "00541000002RzpjAAC",
      "createdByName": "Dylan Gerow",
      "createdDate": "2017-03-31T15:12:54.000Z",
      "fileName": "staticresources/SBQQ__UI.resource",
      "fullName": "SBQQ__UI",
      "id": "08141000001L3nlAAC",
      "lastModifiedById": "00541000002RzrVAAS",
      "lastModifiedByName": "Salesforce CPQ",
      "lastModifiedDate": "2021-02-13T07:26:34.000Z",
      "manageableState": "installed",
      "namespacePrefix": "SBQQ",
      "type": "StaticResource"
    },
    {
      "createdById": "0053f00000145zgAAA",
      "createdByName": "Nathan Wylder",
      "createdDate": "2021-03-04T22:12:39.000Z",
      "fileName": "staticresources/dsfs__Delete.resource",
      "fullName": "dsfs__Delete",
      "id": "0813f00000000GuAAI",
      "lastModifiedById": "0053f00000145zgAAA",
      "lastModifiedByName": "Nathan Wylder",
      "lastModifiedDate": "2021-03-04T22:12:39.000Z",
      "manageableState": "installed",
      "namespacePrefix": "dsfs",
      "type": "StaticResource"
    },
    {
      "createdById": "0053f0000016G9aAAE",
      "createdByName": "Levi Kurtright",
      "createdDate": "2020-11-19T15:23:05.000Z",
      "fileName": "staticresources/sbaa__NoAccessSimplified.resource",
      "fullName": "sbaa__NoAccessSimplified",
      "id": "0813f000000GmzLAAS",
      "lastModifiedById": "0053f0000016G9aAAE",
      "lastModifiedByName": "Levi Kurtright",
      "lastModifiedDate": "2020-11-19T15:23:05.000Z",
      "manageableState": "installed",
      "namespacePrefix": "sbaa",
      "type": "StaticResource"
    },
    {
      "createdById": "00541000003Aq3qAAC",
      "createdByName": "Jessica Deal",
      "createdDate": "2017-06-01T19:40:24.000Z",
      "fileName": "staticresources/test_scoring_rules.resource",
      "fullName": "test_scoring_rules",
      "id": "08141000001cF48AAE",
      "lastModifiedById": "00541000003Aq3qAAC",
      "lastModifiedByName": "Jessica Deal",
      "lastModifiedDate": "2017-06-01T19:40:24.000Z",
      "manageableState": "unmanaged",
      "type": "StaticResource"
    },
    {
      "createdById": "0053f00000145zgAAA",
      "createdByName": "Nathan Wylder",
      "createdDate": "2021-03-04T22:12:38.000Z",
      "fileName": "staticresources/dsfs__AdminFirstIconOn.resource",
      "fullName": "dsfs__AdminFirstIconOn",
      "id": "0813f00000000GmAAI",
      "lastModifiedById": "0053f00000145zgAAA",
      "lastModifiedByName": "Nathan Wylder",
      "lastModifiedDate": "2021-03-04T22:12:38.000Z",
      "manageableState": "installed",
      "namespacePrefix": "dsfs",
      "type": "StaticResource"
    },
    {
      "createdById": "00541000002RzpjAAC",
      "createdByName": "Dylan Gerow",
      "createdDate": "2017-03-31T15:12:51.000Z",
      "fileName": "staticresources/SBQQ__Ajax.resource",
      "fullName": "SBQQ__Ajax",
      "id": "08141000001L3nDAAS",
      "lastModifiedById": "00541000002RzrVAAS",
      "lastModifiedByName": "Salesforce CPQ",
      "lastModifiedDate": "2019-10-12T06:43:26.000Z",
      "manageableState": "installed",
      "namespacePrefix": "SBQQ",
      "type": "StaticResource"
    },
    {
      "createdById": "0053f00000145zgAAA",
      "createdByName": "Nathan Wylder",
      "createdDate": "2020-02-07T15:36:18.000Z",
      "fileName": "staticresources/pi__PardotLightningDesignSystem_unversioned.resource",
      "fullName": "pi__PardotLightningDesignSystem_unversioned",
      "id": "0813f000000GmfzAAC",
      "lastModifiedById": "0053f0000014nWOAAY",
      "lastModifiedByName": "Pardot",
      "lastModifiedDate": "2022-07-22T01:00:44.000Z",
      "manageableState": "installed",
      "namespacePrefix": "pi",
      "type": "StaticResource"
    },
    {
      "createdById": "0053f00000145zgAAA",
      "createdByName": "Nathan Wylder",
      "createdDate": "2021-03-04T22:12:39.000Z",
      "fileName": "staticresources/dsfs__EnvelopeConfigurationEvents.resource",
      "fullName": "dsfs__EnvelopeConfigurationEvents",
      "id": "0813f00000000H5AAI",
      "lastModifiedById": "0053f00000145zgAAA",
      "lastModifiedByName": "Nathan Wylder",
      "lastModifiedDate": "2021-03-04T22:12:39.000Z",
      "manageableState": "installed",
      "namespacePrefix": "dsfs",
      "type": "StaticResource"
    },
    {
      "createdById": "0053f00000145zgAAA",
      "createdByName": "Nathan Wylder",
      "createdDate": "2021-03-04T22:12:39.000Z",
      "fileName": "staticresources/dsfs__GrabberPNG.resource",
      "fullName": "dsfs__GrabberPNG",
      "id": "0813f00000000HAAAY",
      "lastModifiedById": "0053f00000145zgAAA",
      "lastModifiedByName": "Nathan Wylder",
      "lastModifiedDate": "2021-03-04T22:12:39.000Z",
      "manageableState": "installed",
      "namespacePrefix": "dsfs",
      "type": "StaticResource"
    },
    {
      "createdById": "00541000004SMkpAAG",
      "createdByName": "SFDC Support",
      "createdDate": "2018-04-24T21:25:17.000Z",
      "fileName": "staticresources/rh2__PT_Resources_v1.resource",
      "fullName": "rh2__PT_Resources_v1",
      "id": "08141000002RBTSAA4",
      "lastModifiedById": "005410000064QVeAAM",
      "lastModifiedByName": "Rollup Helper",
      "lastModifiedDate": "2021-07-24T02:05:24.000Z",
      "manageableState": "installed",
      "namespacePrefix": "rh2",
      "type": "StaticResource"
    },
    {
      "createdById": "0053f00000145zgAAA",
      "createdByName": "Nathan Wylder",
      "createdDate": "2021-03-04T22:12:39.000Z",
      "fileName": "staticresources/dsfs__m_Check1.resource",
      "fullName": "dsfs__m_Check1",
      "id": "0813f00000000HZAAY",
      "lastModifiedById": "0053f00000145zgAAA",
      "lastModifiedByName": "Nathan Wylder",
      "lastModifiedDate": "2021-03-04T22:12:39.000Z",
      "manageableState": "installed",
      "namespacePrefix": "dsfs",
      "type": "StaticResource"
    },
    {
      "createdById": "0053f0000016G9aAAE",
      "createdByName": "Levi Kurtright",
      "createdDate": "2020-11-19T15:23:05.000Z",
      "fileName": "staticresources/sbaa__RecallMobile.resource",
      "fullName": "sbaa__RecallMobile",
      "id": "0813f000000GmzNAAS",
      "lastModifiedById": "0053f0000016G9aAAE",
      "lastModifiedByName": "Levi Kurtright",
      "lastModifiedDate": "2020-11-19T15:23:05.000Z",
      "manageableState": "installed",
      "namespacePrefix": "sbaa",
      "type": "StaticResource"
    },
    {
      "createdById": "0053f00000145zgAAA",
      "createdByName": "Nathan Wylder",
      "createdDate": "2021-03-04T22:12:39.000Z",
      "fileName": "staticresources/dsfs__m_Resources.resource",
      "fullName": "dsfs__m_Resources",
      "id": "0813f00000000HfAAI",
      "lastModifiedById": "0053f00000145zgAAA",
      "lastModifiedByName": "Nathan Wylder",
      "lastModifiedDate": "2021-03-04T22:12:39.000Z",
      "manageableState": "installed",
      "namespacePrefix": "dsfs",
      "type": "StaticResource"
    },
    {
      "createdById": "0053f0000016G9aAAE",
      "createdByName": "Levi Kurtright",
      "createdDate": "2020-11-19T15:23:05.000Z",
      "fileName": "staticresources/sbaa__Reassign.resource",
      "fullName": "sbaa__Reassign",
      "id": "0813f000000GmzMAAS",
      "lastModifiedById": "0053f0000016G9aAAE",
      "lastModifiedByName": "Levi Kurtright",
      "lastModifiedDate": "2020-11-19T15:23:05.000Z",
      "manageableState": "installed",
      "namespacePrefix": "sbaa",
      "type": "StaticResource"
    },
    {
      "createdById": "0053f0000016G9aAAE",
      "createdByName": "Levi Kurtright",
      "createdDate": "2020-11-19T15:23:07.000Z",
      "fileName": "staticresources/sbaa__sb_app_html.resource",
      "fullName": "sbaa__sb_app_html",
      "id": "0813f000000GmzWAAS",
      "lastModifiedById": "0053f0000016G9aAAE",
      "lastModifiedByName": "Levi Kurtright",
      "lastModifiedDate": "2020-11-19T15:23:07.000Z",
      "manageableState": "installed",
      "namespacePrefix": "sbaa",
      "type": "StaticResource"
    },
    {
      "createdById": "0053f00000145zgAAA",
      "createdByName": "Nathan Wylder",
      "createdDate": "2021-03-04T22:12:39.000Z",
      "fileName": "staticresources/dsfs__m_Loading.resource",
      "fullName": "dsfs__m_Loading",
      "id": "0813f00000000HdAAI",
      "lastModifiedById": "0053f00000145zgAAA",
      "lastModifiedByName": "Nathan Wylder",
      "lastModifiedDate": "2021-03-04T22:12:39.000Z",
      "manageableState": "installed",
      "namespacePrefix": "dsfs",
      "type": "StaticResource"
    },
    {
      "createdById": "0053f00000145zgAAA",
      "createdByName": "Nathan Wylder",
      "createdDate": "2022-10-10T21:01:24.000Z",
      "fileName": "staticresources/WebSubmissionIcon.resource",
      "fullName": "WebSubmissionIcon",
      "id": "08154000001ea6KAAQ",
      "lastModifiedById": "0053f00000145zgAAA",
      "lastModifiedByName": "Nathan Wylder",
      "lastModifiedDate": "2022-10-10T21:01:55.000Z",
      "manageableState": "unmanaged",
      "type": "StaticResource"
    },
    {
      "createdById": "0053f0000016G9aAAE",
      "createdByName": "Levi Kurtright",
      "createdDate": "2020-11-19T15:23:05.000Z",
      "fileName": "staticresources/sbaa__Approve.resource",
      "fullName": "sbaa__Approve",
      "id": "0813f000000GmzJAAS",
      "lastModifiedById": "0053f0000016G9aAAE",
      "lastModifiedByName": "Levi Kurtright",
      "lastModifiedDate": "2020-11-19T15:23:05.000Z",
      "manageableState": "installed",
      "namespacePrefix": "sbaa",
      "type": "StaticResource"
    },
    {
      "createdById": "0053f00000145zgAAA",
      "createdByName": "Nathan Wylder",
      "createdDate": "2020-02-07T15:36:15.000Z",
      "fileName": "staticresources/pi__EngagementHistory.resource",
      "fullName": "pi__EngagementHistory",
      "id": "0813f000000GmfpAAC",
      "lastModifiedById": "0053f0000014nWOAAY",
      "lastModifiedByName": "Pardot",
      "lastModifiedDate": "2022-07-22T01:00:43.000Z",
      "manageableState": "installed",
      "namespacePrefix": "pi",
      "type": "StaticResource"
    },
    {
      "createdById": "0053f0000016G9aAAE",
      "createdByName": "Levi Kurtright",
      "createdDate": "2020-11-19T15:23:07.000Z",
      "fileName": "staticresources/sbaa__jQueryUI.resource",
      "fullName": "sbaa__jQueryUI",
      "id": "0813f000000GmzSAAS",
      "lastModifiedById": "0053f0000016G9aAAE",
      "lastModifiedByName": "Levi Kurtright",
      "lastModifiedDate": "2020-11-19T15:23:07.000Z",
      "manageableState": "installed",
      "namespacePrefix": "sbaa",
      "type": "StaticResource"
    },
    {
      "createdById": "0053f00000145zgAAA",
      "createdByName": "Nathan Wylder",
      "createdDate": "2021-03-04T22:12:39.000Z",
      "fileName": "staticresources/dsfs__EnvelopecustomfieldIconPNG.resource",
      "fullName": "dsfs__EnvelopecustomfieldIconPNG",
      "id": "0813f00000000H7AAI",
      "lastModifiedById": "0053f00000145zgAAA",
      "lastModifiedByName": "Nathan Wylder",
      "lastModifiedDate": "2021-03-04T22:12:39.000Z",
      "manageableState": "installed",
      "namespacePrefix": "dsfs",
      "type": "StaticResource"
    },
    {
      "createdById": "00541000002RzpjAAC",
      "createdByName": "Dylan Gerow",
      "createdDate": "2017-03-31T15:12:53.000Z",
      "fileName": "staticresources/SBQQ__JSQCPrecacheWorker.resource",
      "fullName": "SBQQ__JSQCPrecacheWorker",
      "id": "08141000001L3nUAAS",
      "lastModifiedById": "00541000002RzrVAAS",
      "lastModifiedByName": "Salesforce CPQ",
      "lastModifiedDate": "2018-11-09T06:56:54.000Z",
      "manageableState": "installed",
      "namespacePrefix": "SBQQ",
      "type": "StaticResource"
    },
    {
      "createdById": "0053f00000145zgAAA",
      "createdByName": "Nathan Wylder",
      "createdDate": "2020-02-07T15:36:19.000Z",
      "fileName": "staticresources/pi__font_awesome_4_2_0.resource",
      "fullName": "pi__font_awesome_4_2_0",
      "id": "0813f000000Gmg7AAC",
      "lastModifiedById": "0053f0000014nWOAAY",
      "lastModifiedByName": "Pardot",
      "lastModifiedDate": "2022-07-22T01:00:45.000Z",
      "manageableState": "installed",
      "namespacePrefix": "pi",
      "type": "StaticResource"
    },
    {
      "createdById": "0053f00000145zgAAA",
      "createdByName": "Nathan Wylder",
      "createdDate": "2020-02-07T15:36:19.000Z",
      "fileName": "staticresources/pi__jquery_2_1_1_js.resource",
      "fullName": "pi__jquery_2_1_1_js",
      "id": "0813f000000GmgAAAS",
      "lastModifiedById": "0053f00000145zgAAA",
      "lastModifiedByName": "Nathan Wylder",
      "lastModifiedDate": "2020-02-07T15:36:19.000Z",
      "manageableState": "installed",
      "namespacePrefix": "pi",
      "type": "StaticResource"
    },
    {
      "createdById": "0053f00000145zgAAA",
      "createdByName": "Nathan Wylder",
      "createdDate": "2021-03-04T22:12:39.000Z",
      "fileName": "staticresources/dsfs__angular.resource",
      "fullName": "dsfs__angular",
      "id": "0813f00000000HPAAY",
      "lastModifiedById": "0053f00000145zgAAA",
      "lastModifiedByName": "Nathan Wylder",
      "lastModifiedDate": "2021-03-04T22:12:39.000Z",
      "manageableState": "installed",
      "namespacePrefix": "dsfs",
      "type": "StaticResource"
    },
    {
      "createdById": "0053f00000145zgAAA",
      "createdByName": "Nathan Wylder",
      "createdDate": "2021-03-04T22:12:39.000Z",
      "fileName": "staticresources/dsfs__MessageIcon.resource",
      "fullName": "dsfs__MessageIcon",
      "id": "0813f00000000HBAAY",
      "lastModifiedById": "0053f00000145zgAAA",
      "lastModifiedByName": "Nathan Wylder",
      "lastModifiedDate": "2021-03-04T22:12:39.000Z",
      "manageableState": "installed",
      "namespacePrefix": "dsfs",
      "type": "StaticResource"
    },
    {
      "createdById": "00541000002RzpjAAC",
      "createdByName": "Dylan Gerow",
      "createdDate": "2017-03-31T15:12:54.000Z",
      "fileName": "staticresources/SBQQ__easyXDM.resource",
      "fullName": "SBQQ__easyXDM",
      "id": "08141000001L3noAAC",
      "lastModifiedById": "00541000002RzpjAAC",
      "lastModifiedByName": "Dylan Gerow",
      "lastModifiedDate": "2017-03-31T15:12:54.000Z",
      "manageableState": "installed",
      "namespacePrefix": "SBQQ",
      "type": "StaticResource"
    },
    {
      "createdById": "0053f00000145zgAAA",
      "createdByName": "Nathan Wylder",
      "createdDate": "2021-03-04T22:12:38.000Z",
      "fileName": "staticresources/dsfs__AdminNextIcon.resource",
      "fullName": "dsfs__AdminNextIcon",
      "id": "0813f00000000GpAAI",
      "lastModifiedById": "0053f00000145zgAAA",
      "lastModifiedByName": "Nathan Wylder",
      "lastModifiedDate": "2021-03-04T22:12:38.000Z",
      "manageableState": "installed",
      "namespacePrefix": "dsfs",
      "type": "StaticResource"
    },
    {
      "createdById": "00541000002RzpjAAC",
      "createdByName": "Dylan Gerow",
      "createdDate": "2017-03-31T15:12:53.000Z",
      "fileName": "staticresources/SBQQ__HtmlSanitizer.resource",
      "fullName": "SBQQ__HtmlSanitizer",
      "id": "08141000001L3nRAAS",
      "lastModifiedById": "00541000002RzpjAAC",
      "lastModifiedByName": "Dylan Gerow",
      "lastModifiedDate": "2017-03-31T15:12:53.000Z",
      "manageableState": "installed",
      "namespacePrefix": "SBQQ",
      "type": "StaticResource"
    },
    {
      "createdById": "00541000002RzpjAAC",
      "createdByName": "Dylan Gerow",
      "createdDate": "2017-03-31T15:12:54.000Z",
      "fileName": "staticresources/SBQQ__UIBootstrap.resource",
      "fullName": "SBQQ__UIBootstrap",
      "id": "08141000001L3nmAAC",
      "lastModifiedById": "00541000002RzpjAAC",
      "lastModifiedByName": "Dylan Gerow",
      "lastModifiedDate": "2017-03-31T15:12:54.000Z",
      "manageableState": "installed",
      "namespacePrefix": "SBQQ",
      "type": "StaticResource"
    },
    {
      "createdById": "00541000002RzpjAAC",
      "createdByName": "Dylan Gerow",
      "createdDate": "2017-05-11T13:55:26.000Z",
      "fileName": "staticresources/kkltng__hierarchy.resource",
      "fullName": "kkltng__hierarchy",
      "id": "08141000001c17UAAQ",
      "lastModifiedById": "00541000002RzpjAAC",
      "lastModifiedByName": "Dylan Gerow",
      "lastModifiedDate": "2017-05-11T13:55:26.000Z",
      "manageableState": "installed",
      "namespacePrefix": "kkltng",
      "type": "StaticResource"
    },
    {
      "createdById": "00541000002RzpjAAC",
      "createdByName": "Dylan Gerow",
      "createdDate": "2017-03-31T15:12:53.000Z",
      "fileName": "staticresources/SBQQ__LessTheme.resource",
      "fullName": "SBQQ__LessTheme",
      "id": "08141000001L3nWAAS",
      "lastModifiedById": "00541000002RzpjAAC",
      "lastModifiedByName": "Dylan Gerow",
      "lastModifiedDate": "2017-03-31T15:12:53.000Z",
      "manageableState": "installed",
      "namespacePrefix": "SBQQ",
      "type": "StaticResource"
    },
    {
      "createdById": "0053f00000145zgAAA",
      "createdByName": "Nathan Wylder",
      "createdDate": "2021-03-04T22:12:39.000Z",
      "fileName": "staticresources/dsfs__jquery_ui_touch_punch.resource",
      "fullName": "dsfs__jquery_ui_touch_punch",
      "id": "0813f00000000HWAAY",
      "lastModifiedById": "0053f00000145zgAAA",
      "lastModifiedByName": "Nathan Wylder",
      "lastModifiedDate": "2021-03-04T22:12:39.000Z",
      "manageableState": "installed",
      "namespacePrefix": "dsfs",
      "type": "StaticResource"
    },
    {
      "createdById": "0053f00000145zgAAA",
      "createdByName": "Nathan Wylder",
      "createdDate": "2020-02-07T15:36:19.000Z",
      "fileName": "staticresources/pi__ckeditorSalesReach.resource",
      "fullName": "pi__ckeditorSalesReach",
      "id": "0813f000000Gmg6AAC",
      "lastModifiedById": "0053f0000014nWOAAY",
      "lastModifiedByName": "Pardot",
      "lastModifiedDate": "2022-07-22T01:00:45.000Z",
      "manageableState": "installed",
      "namespacePrefix": "pi",
      "type": "StaticResource"
    },
    {
      "createdById": "0053f00000145zgAAA",
      "createdByName": "Nathan Wylder",
      "createdDate": "2021-03-04T22:12:39.000Z",
      "fileName": "staticresources/dsfs__m_AddSigner.resource",
      "fullName": "dsfs__m_AddSigner",
      "id": "0813f00000000HYAAY",
      "lastModifiedById": "0053f00000145zgAAA",
      "lastModifiedByName": "Nathan Wylder",
      "lastModifiedDate": "2021-03-04T22:12:39.000Z",
      "manageableState": "installed",
      "namespacePrefix": "dsfs",
      "type": "StaticResource"
    },
    {
      "createdById": "00541000002RzrVAAS",
      "createdByName": "Salesforce CPQ",
      "createdDate": "2018-11-09T06:10:37.000Z",
      "fileName": "staticresources/SBQQ__webcomponents_lite.resource",
      "fullName": "SBQQ__webcomponents_lite",
      "id": "08141000002JfJYAA0",
      "lastModifiedById": "00541000002RzrVAAS",
      "lastModifiedByName": "Salesforce CPQ",
      "lastModifiedDate": "2019-02-09T07:31:04.000Z",
      "manageableState": "installed",
      "namespacePrefix": "SBQQ",
      "type": "StaticResource"
    },
    {
      "createdById": "0053f00000145zgAAA",
      "createdByName": "Nathan Wylder",
      "createdDate": "2020-02-07T15:36:15.000Z",
      "fileName": "staticresources/pi__EngageAlertsDownload.resource",
      "fullName": "pi__EngageAlertsDownload",
      "id": "0813f000000GmfnAAC",
      "lastModifiedById": "0053f0000014nWOAAY",
      "lastModifiedByName": "Pardot",
      "lastModifiedDate": "2022-07-22T01:00:43.000Z",
      "manageableState": "installed",
      "namespacePrefix": "pi",
      "type": "StaticResource"
    },
    {
      "createdById": "0053f00000145zgAAA",
      "createdByName": "Nathan Wylder",
      "createdDate": "2021-03-04T22:12:39.000Z",
      "fileName": "staticresources/dsfs__styles.resource",
      "fullName": "dsfs__styles",
      "id": "0813f00000000HiAAI",
      "lastModifiedById": "0053f00000145zgAAA",
      "lastModifiedByName": "Nathan Wylder",
      "lastModifiedDate": "2021-03-04T22:12:39.000Z",
      "manageableState": "installed",
      "namespacePrefix": "dsfs",
      "type": "StaticResource"
    },
    {
      "createdById": "0053f00000145zgAAA",
      "createdByName": "Nathan Wylder",
      "createdDate": "2020-02-07T15:36:19.000Z",
      "fileName": "staticresources/pi__jquery_time_ago.resource",
      "fullName": "pi__jquery_time_ago",
      "id": "0813f000000GmgBAAS",
      "lastModifiedById": "0053f0000014nWOAAY",
      "lastModifiedByName": "Pardot",
      "lastModifiedDate": "2022-07-22T01:00:45.000Z",
      "manageableState": "installed",
      "namespacePrefix": "pi",
      "type": "StaticResource"
    },
    {
      "createdById": "0053f00000145zgAAA",
      "createdByName": "Nathan Wylder",
      "createdDate": "2021-03-04T22:12:39.000Z",
      "fileName": "staticresources/dsfs__PleaseWait.resource",
      "fullName": "dsfs__PleaseWait",
      "id": "0813f00000000HEAAY",
      "lastModifiedById": "0053f00000145zgAAA",
      "lastModifiedByName": "Nathan Wylder",
      "lastModifiedDate": "2021-03-04T22:12:39.000Z",
      "manageableState": "installed",
      "namespacePrefix": "dsfs",
      "type": "StaticResource"
    },
    {
      "createdById": "00541000002RzpjAAC",
      "createdByName": "Dylan Gerow",
      "createdDate": "2017-03-31T15:12:54.000Z",
      "fileName": "staticresources/SBQQ__jQueryUI.resource",
      "fullName": "SBQQ__jQueryUI",
      "id": "08141000001L3nrAAC",
      "lastModifiedById": "00541000002RzpjAAC",
      "lastModifiedByName": "Dylan Gerow",
      "lastModifiedDate": "2017-03-31T15:12:54.000Z",
      "manageableState": "installed",
      "namespacePrefix": "SBQQ",
      "type": "StaticResource"
    },
    {
      "createdById": "00541000002RzpjAAC",
      "createdByName": "Dylan Gerow",
      "createdDate": "2017-03-31T15:12:54.000Z",
      "fileName": "staticresources/SBQQ__WebUI.resource",
      "fullName": "SBQQ__WebUI",
      "id": "08141000001L3nnAAC",
      "lastModifiedById": "00541000002RzrVAAS",
      "lastModifiedByName": "Salesforce CPQ",
      "lastModifiedDate": "2018-11-09T06:56:55.000Z",
      "manageableState": "installed",
      "namespacePrefix": "SBQQ",
      "type": "StaticResource"
    },
    {
      "createdById": "00541000002RzpjAAC",
      "createdByName": "Dylan Gerow",
      "createdDate": "2017-03-31T15:12:54.000Z",
      "fileName": "staticresources/SBQQ__RemotingServiceProxies.resource",
      "fullName": "SBQQ__RemotingServiceProxies",
      "id": "08141000001L3nfAAC",
      "lastModifiedById": "00541000002RzrVAAS",
      "lastModifiedByName": "Salesforce CPQ",
      "lastModifiedDate": "2022-06-11T06:27:35.000Z",
      "manageableState": "installed",
      "namespacePrefix": "SBQQ",
      "type": "StaticResource"
    },
    {
      "createdById": "0053f000000U5CCAA0",
      "createdByName": "Pooja Dendukoori",
      "createdDate": "2021-09-27T21:16:45.000Z",
      "fileName": "staticresources/sansancard__ScantoSalesforceDownloadImgResorce.resource",
      "fullName": "sansancard__ScantoSalesforceDownloadImgResorce",
      "id": "0813f000000TNXQAA4",
      "lastModifiedById": "0053f000000U5CCAA0",
      "lastModifiedByName": "Pooja Dendukoori",
      "lastModifiedDate": "2021-09-27T21:16:45.000Z",
      "manageableState": "installed",
      "namespacePrefix": "sansancard",
      "type": "StaticResource"
    },
    {
      "createdById": "00541000002RzpjAAC",
      "createdByName": "Dylan Gerow",
      "createdDate": "2017-03-31T15:12:54.000Z",
      "fileName": "staticresources/SBQQ__QuoteTermEditorUI.resource",
      "fullName": "SBQQ__QuoteTermEditorUI",
      "id": "08141000001L3neAAC",
      "lastModifiedById": "00541000002RzrVAAS",
      "lastModifiedByName": "Salesforce CPQ",
      "lastModifiedDate": "2022-10-16T18:05:24.000Z",
      "manageableState": "installed",
      "namespacePrefix": "SBQQ",
      "type": "StaticResource"
    },
    {
      "createdById": "0053f00000145zgAAA",
      "createdByName": "Nathan Wylder",
      "createdDate": "2021-03-04T22:12:39.000Z",
      "fileName": "staticresources/dsfs__uiHelper.resource",
      "fullName": "dsfs__uiHelper",
      "id": "0813f00000000HjAAI",
      "lastModifiedById": "0053f00000145zgAAA",
      "lastModifiedByName": "Nathan Wylder",
      "lastModifiedDate": "2021-03-04T22:12:39.000Z",
      "manageableState": "installed",
      "namespacePrefix": "dsfs",
      "type": "StaticResource"
    },
    {
      "createdById": "00541000002RzpjAAC",
      "createdByName": "Dylan Gerow",
      "createdDate": "2017-03-31T15:12:58.000Z",
      "fileName": "staticresources/SBQQ__sb_tinymce.resource",
      "fullName": "SBQQ__sb_tinymce",
      "id": "08141000001L3o0AAC",
      "lastModifiedById": "00541000002RzrVAAS",
      "lastModifiedByName": "Salesforce CPQ",
      "lastModifiedDate": "2018-11-09T06:56:58.000Z",
      "manageableState": "installed",
      "namespacePrefix": "SBQQ",
      "type": "StaticResource"
    },
    {
      "createdById": "0053f00000145zgAAA",
      "createdByName": "Nathan Wylder",
      "createdDate": "2021-03-04T22:12:39.000Z",
      "fileName": "staticresources/dsfs__DocuSignJs.resource",
      "fullName": "dsfs__DocuSignJs",
      "id": "0813f00000000GyAAI",
      "lastModifiedById": "0053f00000145zgAAA",
      "lastModifiedByName": "Nathan Wylder",
      "lastModifiedDate": "2021-03-04T22:12:39.000Z",
      "manageableState": "installed",
      "namespacePrefix": "dsfs",
      "type": "StaticResource"
    },
    {
      "createdById": "00541000002RzpjAAC",
      "createdByName": "Dylan Gerow",
      "createdDate": "2017-03-31T15:12:53.000Z",
      "fileName": "staticresources/SBQQ__CustomLookupUI.resource",
      "fullName": "SBQQ__CustomLookupUI",
      "id": "08141000001L3nKAAS",
      "lastModifiedById": "00541000002RzpjAAC",
      "lastModifiedByName": "Dylan Gerow",
      "lastModifiedDate": "2017-03-31T15:12:53.000Z",
      "manageableState": "installed",
      "namespacePrefix": "SBQQ",
      "type": "StaticResource"
    },
    {
      "createdById": "00541000002RzpjAAC",
      "createdByName": "Dylan Gerow",
      "createdDate": "2017-03-31T15:12:54.000Z",
      "fileName": "staticresources/SBQQ__SubscriptionLookupUI.resource",
      "fullName": "SBQQ__SubscriptionLookupUI",
      "id": "08141000001L3njAAC",
      "lastModifiedById": "00541000002RzpjAAC",
      "lastModifiedByName": "Dylan Gerow",
      "lastModifiedDate": "2017-03-31T15:12:54.000Z",
      "manageableState": "installed",
      "namespacePrefix": "SBQQ",
      "type": "StaticResource"
    },
    {
      "createdById": "00541000002RzpjAAC",
      "createdByName": "Dylan Gerow",
      "createdDate": "2017-03-31T15:12:54.000Z",
      "fileName": "staticresources/SBQQ__ProductLookupUI.resource",
      "fullName": "SBQQ__ProductLookupUI",
      "id": "08141000001L3naAAC",
      "lastModifiedById": "00541000002RzpjAAC",
      "lastModifiedByName": "Dylan Gerow",
      "lastModifiedDate": "2017-03-31T15:12:54.000Z",
      "manageableState": "installed",
      "namespacePrefix": "SBQQ",
      "type": "StaticResource"
    },
    {
      "createdById": "00541000002RzpjAAC",
      "createdByName": "Dylan Gerow",
      "createdDate": "2017-03-31T15:12:53.000Z",
      "fileName": "staticresources/SBQQ__Configurator.resource",
      "fullName": "SBQQ__Configurator",
      "id": "08141000001L3nIAAS",
      "lastModifiedById": "00541000002RzpjAAC",
      "lastModifiedByName": "Dylan Gerow",
      "lastModifiedDate": "2017-03-31T15:12:53.000Z",
      "manageableState": "installed",
      "namespacePrefix": "SBQQ",
      "type": "StaticResource"
    },
    {
      "createdById": "0053f00000145zgAAA",
      "createdByName": "Nathan Wylder",
      "createdDate": "2021-03-04T22:12:39.000Z",
      "fileName": "staticresources/dsfs__ds_icon_mobile.resource",
      "fullName": "dsfs__ds_icon_mobile",
      "id": "0813f00000000HRAAY",
      "lastModifiedById": "0053f00000145zgAAA",
      "lastModifiedByName": "Nathan Wylder",
      "lastModifiedDate": "2021-03-04T22:12:39.000Z",
      "manageableState": "installed",
      "namespacePrefix": "dsfs",
      "type": "StaticResource"
    },
    {
      "createdById": "00541000002RzpjAAC",
      "createdByName": "Dylan Gerow",
      "createdDate": "2017-03-31T15:12:55.000Z",
      "fileName": "staticresources/SBQQ__pdfjs.resource",
      "fullName": "SBQQ__pdfjs",
      "id": "08141000001L3nsAAC",
      "lastModifiedById": "00541000002RzrVAAS",
      "lastModifiedByName": "Salesforce CPQ",
      "lastModifiedDate": "2023-02-13T00:02:41.000Z",
      "manageableState": "installed",
      "namespacePrefix": "SBQQ",
      "type": "StaticResource"
    },
    {
      "createdById": "0053f00000145zgAAA",
      "createdByName": "Nathan Wylder",
      "createdDate": "2021-03-04T22:12:39.000Z",
      "fileName": "staticresources/dsfs__SettingIcon.resource",
      "fullName": "dsfs__SettingIcon",
      "id": "0813f00000000HJAAY",
      "lastModifiedById": "0053f00000145zgAAA",
      "lastModifiedByName": "Nathan Wylder",
      "lastModifiedDate": "2021-03-04T22:12:39.000Z",
      "manageableState": "installed",
      "namespacePrefix": "dsfs",
      "type": "StaticResource"
    },
    {
      "createdById": "00541000004SMkpAAG",
      "createdByName": "SFDC Support",
      "createdDate": "2018-04-24T21:25:17.000Z",
      "fileName": "staticresources/rh2__PT_JSZip.resource",
      "fullName": "rh2__PT_JSZip",
      "id": "08141000002RBTRAA4",
      "lastModifiedById": "005410000064QVeAAM",
      "lastModifiedByName": "Rollup Helper",
      "lastModifiedDate": "2021-07-24T02:05:24.000Z",
      "manageableState": "installed",
      "namespacePrefix": "rh2",
      "type": "StaticResource"
    },
    {
      "createdById": "0053f00000145zgAAA",
      "createdByName": "Nathan Wylder",
      "createdDate": "2021-03-04T22:12:39.000Z",
      "fileName": "staticresources/dsfs__MessageIconPNG.resource",
      "fullName": "dsfs__MessageIconPNG",
      "id": "0813f00000000HCAAY",
      "lastModifiedById": "0053f00000145zgAAA",
      "lastModifiedByName": "Nathan Wylder",
      "lastModifiedDate": "2021-03-04T22:12:39.000Z",
      "manageableState": "installed",
      "namespacePrefix": "dsfs",
      "type": "StaticResource"
    },
    {
      "createdById": "0053f00000145zgAAA",
      "createdByName": "Nathan Wylder",
      "createdDate": "2020-02-07T15:36:18.000Z",
      "fileName": "staticresources/pi__SalesEdgeErrPage.resource",
      "fullName": "pi__SalesEdgeErrPage",
      "id": "0813f000000Gmg4AAC",
      "lastModifiedById": "0053f0000014nWOAAY",
      "lastModifiedByName": "Pardot",
      "lastModifiedDate": "2022-07-22T01:00:45.000Z",
      "manageableState": "installed",
      "namespacePrefix": "pi",
      "type": "StaticResource"
    },
    {
      "createdById": "0053f00000145zgAAA",
      "createdByName": "Nathan Wylder",
      "createdDate": "2022-12-20T19:22:03.000Z",
      "fileName": "staticresources/LWCCaseTimer__timerplay.resource",
      "fullName": "LWCCaseTimer__timerplay",
      "id": "08154000001ecmJAAQ",
      "lastModifiedById": "0053f00000145zgAAA",
      "lastModifiedByName": "Nathan Wylder",
      "lastModifiedDate": "2022-12-20T19:22:03.000Z",
      "manageableState": "installed",
      "namespacePrefix": "LWCCaseTimer",
      "type": "StaticResource"
    },
    {
      "createdById": "00541000002RzrVAAS",
      "createdByName": "Salesforce CPQ",
      "createdDate": "2021-06-12T06:52:30.000Z",
      "fileName": "staticresources/SBQQ__IconFonts.resource",
      "fullName": "SBQQ__IconFonts",
      "id": "0813f00000000byAAA",
      "lastModifiedById": "00541000002RzrVAAS",
      "lastModifiedByName": "Salesforce CPQ",
      "lastModifiedDate": "2023-02-13T00:02:39.000Z",
      "manageableState": "installed",
      "namespacePrefix": "SBQQ",
      "type": "StaticResource"
    },
    {
      "createdById": "0053f00000145zgAAA",
      "createdByName": "Nathan Wylder",
      "createdDate": "2020-02-07T15:36:19.000Z",
      "fileName": "staticresources/pi__inclusivePayload.resource",
      "fullName": "pi__inclusivePayload",
      "id": "0813f000000Gmg9AAC",
      "lastModifiedById": "0053f00000145zgAAA",
      "lastModifiedByName": "Nathan Wylder",
      "lastModifiedDate": "2020-02-07T15:36:19.000Z",
      "manageableState": "installed",
      "namespacePrefix": "pi",
      "type": "StaticResource"
    },
    {
      "createdById": "0053f0000016G9aAAE",
      "createdByName": "Levi Kurtright",
      "createdDate": "2020-11-19T15:23:05.000Z",
      "fileName": "staticresources/sbaa__Reject.resource",
      "fullName": "sbaa__Reject",
      "id": "0813f000000GmzOAAS",
      "lastModifiedById": "0053f0000016G9aAAE",
      "lastModifiedByName": "Levi Kurtright",
      "lastModifiedDate": "2020-11-19T15:23:05.000Z",
      "manageableState": "installed",
      "namespacePrefix": "sbaa",
      "type": "StaticResource"
    },
    {
      "createdById": "00541000002RzrVAAS",
      "createdByName": "Salesforce CPQ",
      "createdDate": "2019-02-09T07:31:04.000Z",
      "fileName": "staticresources/SBQQ__sb_ql_js.resource",
      "fullName": "SBQQ__sb_ql_js",
      "id": "0812M000002182KQAQ",
      "lastModifiedById": "00541000002RzrVAAS",
      "lastModifiedByName": "Salesforce CPQ",
      "lastModifiedDate": "2019-02-09T07:31:04.000Z",
      "manageableState": "installed",
      "namespacePrefix": "SBQQ",
      "type": "StaticResource"
    },
    {
      "createdById": "0053f00000145zgAAA",
      "createdByName": "Nathan Wylder",
      "createdDate": "2021-03-04T22:12:38.000Z",
      "fileName": "staticresources/dsfs__AdminLastIcon.resource",
      "fullName": "dsfs__AdminLastIcon",
      "id": "0813f00000000GnAAI",
      "lastModifiedById": "0053f00000145zgAAA",
      "lastModifiedByName": "Nathan Wylder",
      "lastModifiedDate": "2021-03-04T22:12:38.000Z",
      "manageableState": "installed",
      "namespacePrefix": "dsfs",
      "type": "StaticResource"
    },
    {
      "createdById": "00541000002RzpjAAC",
      "createdByName": "Dylan Gerow",
      "createdDate": "2017-03-31T15:12:54.000Z",
      "fileName": "staticresources/SBQQ__SpectrumStyle.resource",
      "fullName": "SBQQ__SpectrumStyle",
      "id": "08141000001L3niAAC",
      "lastModifiedById": "00541000002RzpjAAC",
      "lastModifiedByName": "Dylan Gerow",
      "lastModifiedDate": "2017-03-31T15:12:54.000Z",
      "manageableState": "installed",
      "namespacePrefix": "SBQQ",
      "type": "StaticResource"
    },
    {
      "createdById": "00541000002RzpjAAC",
      "createdByName": "Dylan Gerow",
      "createdDate": "2017-03-31T15:12:51.000Z",
      "fileName": "staticresources/SBQQ__AngularDnD.resource",
      "fullName": "SBQQ__AngularDnD",
      "id": "08141000001L3nEAAS",
      "lastModifiedById": "00541000002RzpjAAC",
      "lastModifiedByName": "Dylan Gerow",
      "lastModifiedDate": "2017-03-31T15:12:51.000Z",
      "manageableState": "installed",
      "namespacePrefix": "SBQQ",
      "type": "StaticResource"
    },
    {
      "createdById": "00541000004SMkpAAG",
      "createdByName": "SFDC Support",
      "createdDate": "2018-04-24T21:25:17.000Z",
      "fileName": "staticresources/rh2__PT_TimePicker_CSS.resource",
      "fullName": "rh2__PT_TimePicker_CSS",
      "id": "08141000002RBTTAA4",
      "lastModifiedById": "005410000064QVeAAM",
      "lastModifiedByName": "Rollup Helper",
      "lastModifiedDate": "2020-10-31T02:00:23.000Z",
      "manageableState": "installed",
      "namespacePrefix": "rh2",
      "type": "StaticResource"
    },
    {
      "createdById": "0053f00000145zgAAA",
      "createdByName": "Nathan Wylder",
      "createdDate": "2021-03-04T22:12:39.000Z",
      "fileName": "staticresources/dsfs__m_DocuSignJs.resource",
      "fullName": "dsfs__m_DocuSignJs",
      "id": "0813f00000000HaAAI",
      "lastModifiedById": "0053f00000145zgAAA",
      "lastModifiedByName": "Nathan Wylder",
      "lastModifiedDate": "2021-03-04T22:12:39.000Z",
      "manageableState": "installed",
      "namespacePrefix": "dsfs",
      "type": "StaticResource"
    }
  ]
}