{
  "status": 0,
  "result": [
    {
      "createdById": "00541000002RzpjAAC",
      "createdByName": "Dylan Gerow",
      "createdDate": "2017-03-31T15:13:18.000Z",
      "fileName": "Workflow/SBQQ__ProductFeature__c.workflow",
      "fullName": "SBQQ__ProductFeature__c",
      "id": "01I41000002WiWkEAK",
      "lastModifiedById": "00541000002RzrVAAS",
      "lastModifiedByName": "Salesforce CPQ",
      "lastModifiedDate": "2023-02-13T00:04:51.000Z",
      "manageableState": "installed",
      "namespacePrefix": "SBQQ",
      "type": "Workflow"
    },
    {
      "createdById": "00541000002RzpjAAC",
      "createdByName": "Dylan Gerow",
      "createdDate": "2017-03-31T15:13:16.000Z",
      "fileName": "Workflow/SBQQ__LineColumn__c.workflow",
      "fullName": "SBQQ__LineColumn__c",
      "id": "01I41000002WiWWEA0",
      "lastModifiedById": "00541000003Aq3qAAC",
      "lastModifiedByName": "Jessica Deal",
      "lastModifiedDate": "2017-07-10T21:12:50.000Z",
      "manageableState": "installed",
      "namespacePrefix": "SBQQ",
      "type": "Workflow"
    },
    {
      "createdById": "00541000002RzpjAAC",
      "createdByName": "Dylan Gerow",
      "createdDate": "2017-03-31T15:13:17.000Z",
      "fileName": "Workflow/SBQQ__PriceCondition__c.workflow",
      "fullName": "SBQQ__PriceCondition__c",
      "id": "01I41000002WiWcEAK",
      "lastModifiedById": "00541000003Aq3qAAC",
      "lastModifiedByName": "Jessica Deal",
      "lastModifiedDate": "2017-07-10T21:12:50.000Z",
      "manageableState": "installed",
      "namespacePrefix": "SBQQ",
      "type": "Workflow"
    },
    {
      "createdById": "00541000002RzpjAAC",
      "createdByName": "Dylan Gerow",
      "createdDate": "2017-03-31T15:13:16.000Z",
      "fileName": "Workflow/SBQQ__LookupQuery__c.workflow",
      "fullName": "SBQQ__LookupQuery__c",
      "id": "01I41000002WiWZEA0",
      "lastModifiedById": "00541000002RzrVAAS",
      "lastModifiedByName": "Salesforce CPQ",
      "lastModifiedDate": "2023-02-13T00:04:46.000Z",
      "manageableState": "installed",
      "namespacePrefix": "SBQQ",
      "type": "Workflow"
    },
    {
      "createdById": "00541000002RzpjAAC",
      "createdByName": "Dylan Gerow",
      "createdDate": "2017-03-31T15:13:21.000Z",
      "fileName": "Workflow/SBQQ__TemplateSection__c.workflow",
      "fullName": "SBQQ__TemplateSection__c",
      "id": "01I41000002WiX4EAK",
      "lastModifiedById": "00541000003Aq3qAAC",
      "lastModifiedByName": "Jessica Deal",
      "lastModifiedDate": "2017-07-10T21:12:51.000Z",
      "manageableState": "installed",
      "namespacePrefix": "SBQQ",
      "type": "Workflow"
    },
    {
      "createdById": "0053f000000qKaxAAE",
      "createdByName": "Rajasekhar Vempati",
      "createdDate": "1970-01-01T00:00:00.000Z",
      "fileName": "workflows/Opportunity.workflow",
      "fullName": "Opportunity",
      "id": "",
      "lastModifiedById": "0053f000000qKaxAAE",
      "lastModifiedByName": "Rajasekhar Vempati",
      "lastModifiedDate": "1970-01-01T00:00:00.000Z",
      "namespacePrefix": "",
      "type": "Workflow"
    },
    {
      "createdById": "00541000003Aq3qAAC",
      "createdByName": "Jessica Deal",
      "createdDate": "2017-06-07T23:21:18.000Z",
      "fileName": "Workflow/Emergency_Quote_Request__c.workflow",
      "fullName": "Emergency_Quote_Request__c",
      "id": "01I41000002rxjSEAQ",
      "lastModifiedById": "0053f00000145zgAAA",
      "lastModifiedByName": "Nathan Wylder",
      "lastModifiedDate": "2022-09-22T19:58:15.000Z",
      "manageableState": "unmanaged",
      "type": "Workflow"
    },
    {
      "createdById": "00541000002RzpjAAC",
      "createdByName": "Dylan Gerow",
      "createdDate": "2017-03-31T15:13:21.000Z",
      "fileName": "Workflow/SBQQ__SummaryVariable__c.workflow",
      "fullName": "SBQQ__SummaryVariable__c",
      "id": "01I41000002WiX2EAK",
      "lastModifiedById": "00541000002RzrVAAS",
      "lastModifiedByName": "Salesforce CPQ",
      "lastModifiedDate": "2023-02-13T00:04:58.000Z",
      "manageableState": "installed",
      "namespacePrefix": "SBQQ",
      "type": "Workflow"
    },
    {
      "createdById": "00541000002RzpjAAC",
      "createdByName": "Dylan Gerow",
      "createdDate": "2017-03-31T15:13:18.000Z",
      "fileName": "Workflow/SBQQ__ProductOption__c.workflow",
      "fullName": "SBQQ__ProductOption__c",
      "id": "01I41000002WiWlEAK",
      "lastModifiedById": "00541000002RzrVAAS",
      "lastModifiedByName": "Salesforce CPQ",
      "lastModifiedDate": "2023-02-13T00:04:51.000Z",
      "manageableState": "installed",
      "namespacePrefix": "SBQQ",
      "type": "Workflow"
    },
    {
      "createdById": "0053f000000qKaxAAE",
      "createdByName": "Rajasekhar Vempati",
      "createdDate": "1970-01-01T00:00:00.000Z",
      "fileName": "workflows/Event.workflow",
      "fullName": "Event",
      "id": "",
      "lastModifiedById": "0053f000000qKaxAAE",
      "lastModifiedByName": "Rajasekhar Vempati",
      "lastModifiedDate": "1970-01-01T00:00:00.000Z",
      "namespacePrefix": "",
      "type": "Workflow"
    },
    {
      "createdById": "00541000002RzpjAAC",
      "createdByName": "Dylan Gerow",
      "createdDate": "2017-03-31T15:13:14.000Z",
      "fileName": "Workflow/SBQQ__DiscountSchedule__c.workflow",
      "fullName": "SBQQ__DiscountSchedule__c",
      "id": "01I41000002WiWKEA0",
      "lastModifiedById": "00541000002RzrVAAS",
      "lastModifiedByName": "Salesforce CPQ",
      "lastModifiedDate": "2023-02-13T00:04:41.000Z",
      "manageableState": "installed",
      "namespacePrefix": "SBQQ",
      "type": "Workflow"
    },
    {
      "createdById": "0053f000000qKaxAAE",
      "createdByName": "Rajasekhar Vempati",
      "createdDate": "1970-01-01T00:00:00.000Z",
      "fileName": "workflows/Lead.workflow",
      "fullName": "Lead",
      "id": "",
      "lastModifiedById": "0053f000000qKaxAAE",
      "lastModifiedByName": "Rajasekhar Vempati",
      "lastModifiedDate": "1970-01-01T00:00:00.000Z",
      "namespacePrefix": "",
      "type": "Workflow"
    },
    {
      "createdById": "00541000002RzpjAAC",
      "createdByName": "Dylan Gerow",
      "createdDate": "2017-03-31T15:13:20.000Z",
      "fileName": "Workflow/SBQQ__QuoteTerm__c.workflow",
      "fullName": "SBQQ__QuoteTerm__c",
      "id": "01I41000002WiWsEAK",
      "lastModifiedById": "00541000002RzrVAAS",
      "lastModifiedByName": "Salesforce CPQ",
      "lastModifiedDate": "2023-02-13T00:04:54.000Z",
      "manageableState": "installed",
      "namespacePrefix": "SBQQ",
      "type": "Workflow"
    },
    {
      "createdById": "00541000002RzpjAAC",
      "createdByName": "Dylan Gerow",
      "createdDate": "2017-03-31T15:13:19.000Z",
      "fileName": "Workflow/SBQQ__QuoteTemplate__c.workflow",
      "fullName": "SBQQ__QuoteTemplate__c",
      "id": "01I41000002WiWrEAK",
      "lastModifiedById": "00541000002RzrVAAS",
      "lastModifiedByName": "Salesforce CPQ",
      "lastModifiedDate": "2023-02-13T00:04:54.000Z",
      "manageableState": "installed",
      "namespacePrefix": "SBQQ",
      "type": "Workflow"
    },
    {
      "createdById": "00541000002RzpjAAC",
      "createdByName": "Dylan Gerow",
      "createdDate": "2017-03-31T15:13:21.000Z",
      "fileName": "Workflow/SBQQ__TemplateContent__c.workflow",
      "fullName": "SBQQ__TemplateContent__c",
      "id": "01I41000002WiX3EAK",
      "lastModifiedById": "00541000002RzrVAAS",
      "lastModifiedByName": "Salesforce CPQ",
      "lastModifiedDate": "2023-02-13T00:04:59.000Z",
      "manageableState": "installed",
      "namespacePrefix": "SBQQ",
      "type": "Workflow"
    },
    {
      "createdById": "0053f000000qKaxAAE",
      "createdByName": "Rajasekhar Vempati",
      "createdDate": "1970-01-01T00:00:00.000Z",
      "fileName": "workflows/User.workflow",
      "fullName": "User",
      "id": "",
      "lastModifiedById": "0053f000000qKaxAAE",
      "lastModifiedByName": "Rajasekhar Vempati",
      "lastModifiedDate": "1970-01-01T00:00:00.000Z",
      "namespacePrefix": "",
      "type": "Workflow"
    },
    {
      "createdById": "00541000002RzpjAAC",
      "createdByName": "Dylan Gerow",
      "createdDate": "2017-03-31T15:13:18.000Z",
      "fileName": "Workflow/SBQQ__ProductAction__c.workflow",
      "fullName": "SBQQ__ProductAction__c",
      "id": "01I41000002WiWjEAK",
      "lastModifiedById": "00541000002RzrVAAS",
      "lastModifiedByName": "Salesforce CPQ",
      "lastModifiedDate": "2023-02-13T00:04:50.000Z",
      "manageableState": "installed",
      "namespacePrefix": "SBQQ",
      "type": "Workflow"
    },
    {
      "createdById": "00541000002RzpjAAC",
      "createdByName": "Dylan Gerow",
      "createdDate": "2017-03-31T15:13:14.000Z",
      "fileName": "Workflow/SBQQ__ErrorCondition__c.workflow",
      "fullName": "SBQQ__ErrorCondition__c",
      "id": "01I41000002WiWMEA0",
      "lastModifiedById": "00541000003Aq3qAAC",
      "lastModifiedByName": "Jessica Deal",
      "lastModifiedDate": "2017-07-10T21:12:49.000Z",
      "manageableState": "installed",
      "namespacePrefix": "SBQQ",
      "type": "Workflow"
    },
    {
      "createdById": "00541000002RzpjAAC",
      "createdByName": "Dylan Gerow",
      "createdDate": "2017-03-31T15:13:15.000Z",
      "fileName": "Workflow/SBQQ__ImportFormat__c.workflow",
      "fullName": "SBQQ__ImportFormat__c",
      "id": "01I41000002WiWUEA0",
      "lastModifiedById": "00541000002RzrVAAS",
      "lastModifiedByName": "Salesforce CPQ",
      "lastModifiedDate": "2023-02-13T00:04:44.000Z",
      "manageableState": "installed",
      "namespacePrefix": "SBQQ",
      "type": "Workflow"
    },
    {
      "createdById": "00541000002RzpjAAC",
      "createdByName": "Dylan Gerow",
      "createdDate": "2017-03-31T15:13:15.000Z",
      "fileName": "Workflow/SBQQ__ImportColumn__c.workflow",
      "fullName": "SBQQ__ImportColumn__c",
      "id": "01I41000002WiWTEA0",
      "lastModifiedById": "00541000002RzrVAAS",
      "lastModifiedByName": "Salesforce CPQ",
      "lastModifiedDate": "2023-02-13T00:04:44.000Z",
      "manageableState": "installed",
      "namespacePrefix": "SBQQ",
      "type": "Workflow"
    },
    {
      "createdById": "00541000002RzpjAAC",
      "createdByName": "Dylan Gerow",
      "createdDate": "2017-03-31T15:13:17.000Z",
      "fileName": "Workflow/SBQQ__PriceRule__c.workflow",
      "fullName": "SBQQ__PriceRule__c",
      "id": "01I41000002WiWdEAK",
      "lastModifiedById": "00541000002RzrVAAS",
      "lastModifiedByName": "Salesforce CPQ",
      "lastModifiedDate": "2023-02-13T00:04:47.000Z",
      "manageableState": "installed",
      "namespacePrefix": "SBQQ",
      "type": "Workflow"
    },
    {
      "createdById": "00541000004SyXBAA0",
      "createdByName": "Zack Patrick",
      "createdDate": "2022-05-05T19:26:41.000Z",
      "fileName": "Workflow/New_Item_Request__c.workflow",
      "fullName": "New_Item_Request__c",
      "id": "01I3f000000Xe3PEAS",
      "lastModifiedById": "00541000004SyXBAA0",
      "lastModifiedByName": "Zack Patrick",
      "lastModifiedDate": "2022-05-05T19:26:55.000Z",
      "manageableState": "unmanaged",
      "type": "Workflow"
    },
    {
      "createdById": "00541000004SyXBAA0",
      "createdByName": "Zack Patrick",
      "createdDate": "2022-09-21T18:00:30.000Z",
      "fileName": "Workflow/Form_Submission__c.workflow",
      "fullName": "Form_Submission__c",
      "id": "01I54000004RDbREAW",
      "lastModifiedById": "0053f00000145zgAAA",
      "lastModifiedByName": "Nathan Wylder",
      "lastModifiedDate": "2022-10-27T13:55:53.000Z",
      "manageableState": "unmanaged",
      "type": "Workflow"
    },
    {
      "createdById": "00541000002RzpjAAC",
      "createdByName": "Dylan Gerow",
      "createdDate": "2017-03-31T15:13:18.000Z",
      "fileName": "Workflow/SBQQ__ProcessInput__c.workflow",
      "fullName": "SBQQ__ProcessInput__c",
      "id": "01I41000002WiWiEAK",
      "lastModifiedById": "00541000003Aq3qAAC",
      "lastModifiedByName": "Jessica Deal",
      "lastModifiedDate": "2017-07-10T21:12:50.000Z",
      "manageableState": "installed",
      "namespacePrefix": "SBQQ",
      "type": "Workflow"
    },
    {
      "createdById": "00541000002RzpjAAC",
      "createdByName": "Dylan Gerow",
      "createdDate": "2017-03-31T15:13:13.000Z",
      "fileName": "Workflow/SBQQ__ContractedPrice__c.workflow",
      "fullName": "SBQQ__ContractedPrice__c",
      "id": "01I41000002WiWCEA0",
      "lastModifiedById": "00541000003Aq3qAAC",
      "lastModifiedByName": "Jessica Deal",
      "lastModifiedDate": "2017-07-10T21:12:49.000Z",
      "manageableState": "installed",
      "namespacePrefix": "SBQQ",
      "type": "Workflow"
    },
    {
      "createdById": "0053f000000qKaxAAE",
      "createdByName": "Rajasekhar Vempati",
      "createdDate": "1970-01-01T00:00:00.000Z",
      "fileName": "workflows/Contact.workflow",
      "fullName": "Contact",
      "id": "",
      "lastModifiedById": "0053f000000qKaxAAE",
      "lastModifiedByName": "Rajasekhar Vempati",
      "lastModifiedDate": "1970-01-01T00:00:00.000Z",
      "namespacePrefix": "",
      "type": "Workflow"
    },
    {
      "createdById": "0053f000000qKaxAAE",
      "createdByName": "Rajasekhar Vempati",
      "createdDate": "1970-01-01T00:00:00.000Z",
      "fileName": "workflows/Product2.workflow",
      "fullName": "Product2",
      "id": "",
      "lastModifiedById": "0053f000000qKaxAAE",
      "lastModifiedByName": "Rajasekhar Vempati",
      "lastModifiedDate": "1970-01-01T00:00:00.000Z",
      "namespacePrefix": "",
      "type": "Workflow"
    },
    {
      "createdById": "00541000002RzpjAAC",
      "createdByName": "Dylan Gerow",
      "createdDate": "2017-03-31T15:13:19.000Z",
      "fileName": "Workflow/SBQQ__QuoteLine__c.workflow",
      "fullName": "SBQQ__QuoteLine__c",
      "id": "01I41000002WiWpEAK",
      "lastModifiedById": "0053f00000145zgAAA",
      "lastModifiedByName": "Nathan Wylder",
      "lastModifiedDate": "2022-06-10T21:03:40.000Z",
      "manageableState": "installed",
      "namespacePrefix": "SBQQ",
      "type": "Workflow"
    },
    {
      "createdById": "00541000002RzpjAAC",
      "createdByName": "Dylan Gerow",
      "createdDate": "2017-03-31T15:13:14.000Z",
      "fileName": "Workflow/SBQQ__CustomAction__c.workflow",
      "fullName": "SBQQ__CustomAction__c",
      "id": "01I41000002WiWFEA0",
      "lastModifiedById": "00541000002RzrVAAS",
      "lastModifiedByName": "Salesforce CPQ",
      "lastModifiedDate": "2023-02-13T00:04:39.000Z",
      "manageableState": "installed",
      "namespacePrefix": "SBQQ",
      "type": "Workflow"
    },
    {
      "createdById": "00541000003Aq3qAAC",
      "createdByName": "Jessica Deal",
      "createdDate": "2017-06-01T19:40:43.000Z",
      "fileName": "Workflow/Quote_Deprecated__c.workflow",
      "fullName": "Quote_Deprecated__c",
      "id": "01I41000002rrdnEAA",
      "lastModifiedById": "0053f00000145zgAAA",
      "lastModifiedByName": "Nathan Wylder",
      "lastModifiedDate": "2022-06-10T14:27:55.000Z",
      "manageableState": "unmanaged",
      "type": "Workflow"
    },
    {
      "createdById": "00541000002RzpjAAC",
      "createdByName": "Dylan Gerow",
      "createdDate": "2017-03-31T15:13:16.000Z",
      "fileName": "Workflow/SBQQ__OptionConstraint__c.workflow",
      "fullName": "SBQQ__OptionConstraint__c",
      "id": "01I41000002WiWaEAK",
      "lastModifiedById": "00541000003Aq3qAAC",
      "lastModifiedByName": "Jessica Deal",
      "lastModifiedDate": "2017-07-10T21:12:50.000Z",
      "manageableState": "installed",
      "namespacePrefix": "SBQQ",
      "type": "Workflow"
    },
    {
      "createdById": "00541000002RzpjAAC",
      "createdByName": "Dylan Gerow",
      "createdDate": "2017-03-31T15:13:14.000Z",
      "fileName": "Workflow/SBQQ__CustomScript__c.workflow",
      "fullName": "SBQQ__CustomScript__c",
      "id": "01I41000002WiWHEA0",
      "lastModifiedById": "00541000002RzrVAAS",
      "lastModifiedByName": "Salesforce CPQ",
      "lastModifiedDate": "2023-02-13T00:04:39.000Z",
      "manageableState": "installed",
      "namespacePrefix": "SBQQ",
      "type": "Workflow"
    },
    {
      "createdById": "00541000003Aq3qAAC",
      "createdByName": "Jessica Deal",
      "createdDate": "2017-12-06T17:59:30.000Z",
      "fileName": "Workflow/Vendor_Note__c.workflow",
      "fullName": "Vendor_Note__c",
      "id": "01I410000037oHDEAY",
      "lastModifiedById": "00541000003Aq3qAAC",
      "lastModifiedByName": "Jessica Deal",
      "lastModifiedDate": "2017-12-11T20:14:08.000Z",
      "manageableState": "unmanaged",
      "type": "Workflow"
    },
    {
      "createdById": "00541000003Aq3qAAC",
      "createdByName": "Jessica Deal",
      "createdDate": "2017-06-01T19:41:33.000Z",
      "fileName": "Workflow/Support__c.workflow",
      "fullName": "Support__c",
      "id": "01I41000002rrdpEAA",
      "lastModifiedById": "0053f00000145zgAAA",
      "lastModifiedByName": "Nathan Wylder",
      "lastModifiedDate": "2022-09-22T19:58:15.000Z",
      "manageableState": "unmanaged",
      "type": "Workflow"
    },
    {
      "createdById": "00541000002RzpjAAC",
      "createdByName": "Dylan Gerow",
      "createdDate": "2017-03-31T15:13:17.000Z",
      "fileName": "Workflow/SBQQ__PriceAction__c.workflow",
      "fullName": "SBQQ__PriceAction__c",
      "id": "01I41000002WiWbEAK",
      "lastModifiedById": "00541000003Aq3qAAC",
      "lastModifiedByName": "Jessica Deal",
      "lastModifiedDate": "2017-07-10T21:12:50.000Z",
      "manageableState": "installed",
      "namespacePrefix": "SBQQ",
      "type": "Workflow"
    },
    {
      "createdById": "00541000002RzpjAAC",
      "createdByName": "Dylan Gerow",
      "createdDate": "2017-03-31T15:13:20.000Z",
      "fileName": "Workflow/SBQQ__Quote__c.workflow",
      "fullName": "SBQQ__Quote__c",
      "id": "01I41000002WiWtEAK",
      "lastModifiedById": "00541000002RzrVAAS",
      "lastModifiedByName": "Salesforce CPQ",
      "lastModifiedDate": "2023-02-13T00:04:55.000Z",
      "manageableState": "installed",
      "namespacePrefix": "SBQQ",
      "type": "Workflow"
    },
    {
      "createdById": "00541000003Aq3qAAC",
      "createdByName": "Jessica Deal",
      "createdDate": "2017-06-01T19:40:43.000Z",
      "fileName": "Workflow/Project_Review_Form__c.workflow",
      "fullName": "Project_Review_Form__c",
      "id": "01I41000002rrdlEAA",
      "lastModifiedById": "00541000004SyXBAA0",
      "lastModifiedByName": "Zack Patrick",
      "lastModifiedDate": "2022-10-04T14:41:30.000Z",
      "manageableState": "unmanaged",
      "type": "Workflow"
    },
    {
      "createdById": "00541000002RzpjAAC",
      "createdByName": "Dylan Gerow",
      "createdDate": "2017-03-31T15:13:19.000Z",
      "fileName": "Workflow/SBQQ__ProductRule__c.workflow",
      "fullName": "SBQQ__ProductRule__c",
      "id": "01I41000002WiWmEAK",
      "lastModifiedById": "00541000002RzrVAAS",
      "lastModifiedByName": "Salesforce CPQ",
      "lastModifiedDate": "2023-02-13T00:04:52.000Z",
      "manageableState": "installed",
      "namespacePrefix": "SBQQ",
      "type": "Workflow"
    },
    {
      "createdById": "00541000003Aq3qAAC",
      "createdByName": "Jessica Deal",
      "createdDate": "2018-01-16T16:55:20.000Z",
      "fileName": "Workflow/Approval__c.workflow",
      "fullName": "Approval__c",
      "id": "01I410000038CHREA2",
      "lastModifiedById": "00541000004SyXBAA0",
      "lastModifiedByName": "Zack Patrick",
      "lastModifiedDate": "2020-12-11T18:42:07.000Z",
      "manageableState": "unmanaged",
      "type": "Workflow"
    },
    {
      "createdById": "00541000002RzpjAAC",
      "createdByName": "Dylan Gerow",
      "createdDate": "2017-03-31T15:13:13.000Z",
      "fileName": "Workflow/SBQQ__CustomActionCondition__c.workflow",
      "fullName": "SBQQ__CustomActionCondition__c",
      "id": "01I41000002WiWEEA0",
      "lastModifiedById": "00541000003Aq3qAAC",
      "lastModifiedByName": "Jessica Deal",
      "lastModifiedDate": "2017-06-01T19:47:12.000Z",
      "manageableState": "installed",
      "namespacePrefix": "SBQQ",
      "type": "Workflow"
    },
    {
      "createdById": "0053f000000qKaxAAE",
      "createdByName": "Rajasekhar Vempati",
      "createdDate": "1970-01-01T00:00:00.000Z",
      "fileName": "workflows/Task.workflow",
      "fullName": "Task",
      "id": "",
      "lastModifiedById": "0053f000000qKaxAAE",
      "lastModifiedByName": "Rajasekhar Vempati",
      "lastModifiedDate": "1970-01-01T00:00:00.000Z",
      "namespacePrefix": "",
      "type": "Workflow"
    },
    {
      "createdById": "0053f000000qKaxAAE",
      "createdByName": "Rajasekhar Vempati",
      "createdDate": "1970-01-01T00:00:00.000Z",
      "fileName": "workflows/Account.workflow",
      "fullName": "Account",
      "id": "",
      "lastModifiedById": "0053f000000qKaxAAE",
      "lastModifiedByName": "Rajasekhar Vempati",
      "lastModifiedDate": "1970-01-01T00:00:00.000Z",
      "namespacePrefix": "",
      "type": "Workflow"
    },
    {
      "createdById": "0053f000000qKaxAAE",
      "createdByName": "Rajasekhar Vempati",
      "createdDate": "1970-01-01T00:00:00.000Z",
      "fileName": "workflows/Case.workflow",
      "fullName": "Case",
      "id": "",
      "lastModifiedById": "0053f000000qKaxAAE",
      "lastModifiedByName": "Rajasekhar Vempati",
      "lastModifiedDate": "1970-01-01T00:00:00.000Z",
      "namespacePrefix": "",
      "type": "Workflow"
    },
    {
      "createdById": "00541000003Aq3qAAC",
      "createdByName": "Jessica Deal",
      "createdDate": "2019-03-21T14:21:13.000Z",
      "fileName": "Workflow/Quality_Complaint__c.workflow",
      "fullName": "Quality_Complaint__c",
      "id": "01I2M0000039D3EUAU",
      "lastModifiedById": "00541000003Aq3qAAC",
      "lastModifiedByName": "Jessica Deal",
      "lastModifiedDate": "2019-04-19T13:14:08.000Z",
      "manageableState": "unmanaged",
      "type": "Workflow"
    },
    {
      "createdById": "00541000002RzpjAAC",
      "createdByName": "Dylan Gerow",
      "createdDate": "2017-03-31T15:13:19.000Z",
      "fileName": "Workflow/SBQQ__QuoteProcess__c.workflow",
      "fullName": "SBQQ__QuoteProcess__c",
      "id": "01I41000002WiWqEAK",
      "lastModifiedById": "00541000002RzrVAAS",
      "lastModifiedByName": "Salesforce CPQ",
      "lastModifiedDate": "2023-02-13T00:04:53.000Z",
      "manageableState": "installed",
      "namespacePrefix": "SBQQ",
      "type": "Workflow"
    },
    {
      "createdById": "0053f000000qKaxAAE",
      "createdByName": "Rajasekhar Vempati",
      "createdDate": "1970-01-01T00:00:00.000Z",
      "fileName": "workflows/EmailMessage.workflow",
      "fullName": "EmailMessage",
      "id": "",
      "lastModifiedById": "0053f000000qKaxAAE",
      "lastModifiedByName": "Rajasekhar Vempati",
      "lastModifiedDate": "1970-01-01T00:00:00.000Z",
      "namespacePrefix": "",
      "type": "Workflow"
    },
    {
      "createdById": "0053f0000016G9aAAE",
      "createdByName": "Levi Kurtright",
      "createdDate": "2020-11-19T15:23:13.000Z",
      "fileName": "Workflow/sbaa__Approval__c.workflow",
      "fullName": "sbaa__Approval__c",
      "id": "01I3f000000PFPNEA4",
      "lastModifiedById": "0053f0000019650AAA",
      "lastModifiedByName": "Advanced Approvals",
      "lastModifiedDate": "2023-02-13T04:31:06.000Z",
      "manageableState": "installed",
      "namespacePrefix": "sbaa",
      "type": "Workflow"
    },
    {
      "createdById": "00541000002RzpjAAC",
      "createdByName": "Dylan Gerow",
      "createdDate": "2017-03-31T15:13:20.000Z",
      "fileName": "Workflow/SBQQ__SearchFilter__c.workflow",
      "fullName": "SBQQ__SearchFilter__c",
      "id": "01I41000002WiWyEAK",
      "lastModifiedById": "00541000002RzrVAAS",
      "lastModifiedByName": "Salesforce CPQ",
      "lastModifiedDate": "2023-02-13T00:04:56.000Z",
      "manageableState": "installed",
      "namespacePrefix": "SBQQ",
      "type": "Workflow"
    }
  ]
}