<?xml version="1.0" encoding="UTF-8"?>
<CustomApplication xmlns="http://soap.sforce.com/2006/04/metadata">
    <brand>
        <headerColor>#0070D2</headerColor>
        <logo>SmallADS_Full_Color_Black_Logo_RGB</logo>
        <logoVersion>1</logoVersion>
        <shouldOverrideOrgTheme>true</shouldOverrideOrgTheme>
    </brand>
    <description>Mobile App for ADS mobile users.</description>
    <formFactors>Small</formFactors>
    <isNavAutoTempTabsDisabled>false</isNavAutoTempTabsDisabled>
    <isNavPersonalizationDisabled>true</isNavPersonalizationDisabled>
    <isNavTabPersistenceDisabled>false</isNavTabPersistenceDisabled>
    <label>ADS Mobile</label>
    <navType>Standard</navType>
    <profileActionOverrides>
        <actionName>View</actionName>
        <content>Project_Record_Page</content>
        <formFactor>Small</formFactor>
        <pageOrSobjectType>Opportunity</pageOrSobjectType>
        <recordType>Opportunity.Master</recordType>
        <type>Flexipage</type>
        <profile>ADS Sales Rep User</profile>
    </profileActionOverrides>
    <profileActionOverrides>
        <actionName>View</actionName>
        <content>Project_Record_Page</content>
        <formFactor>Small</formFactor>
        <pageOrSobjectType>Opportunity</pageOrSobjectType>
        <recordType>Opportunity.Master</recordType>
        <type>Flexipage</type>
        <profile>Admin</profile>
    </profileActionOverrides>
    <profileActionOverrides>
        <actionName>View</actionName>
        <content>Project_Record_Page</content>
        <formFactor>Small</formFactor>
        <pageOrSobjectType>Opportunity</pageOrSobjectType>
        <recordType>Opportunity.Master</recordType>
        <type>Flexipage</type>
        <profile>ADS Data Administrator</profile>
    </profileActionOverrides>
    <profileActionOverrides>
        <actionName>View</actionName>
        <content>Project_Record_Page</content>
        <formFactor>Small</formFactor>
        <pageOrSobjectType>Opportunity</pageOrSobjectType>
        <recordType>Opportunity.Master</recordType>
        <type>Flexipage</type>
        <profile>ADS Sales Manager User</profile>
    </profileActionOverrides>
    <profileActionOverrides>
        <actionName>View</actionName>
        <content>Project_Record_Page</content>
        <formFactor>Small</formFactor>
        <pageOrSobjectType>Opportunity</pageOrSobjectType>
        <recordType>Opportunity.Master</recordType>
        <type>Flexipage</type>
        <profile>ADS Pricing User</profile>
    </profileActionOverrides>
    <profileActionOverrides>
        <actionName>View</actionName>
        <content>Project_Record_Page</content>
        <formFactor>Small</formFactor>
        <pageOrSobjectType>Opportunity</pageOrSobjectType>
        <recordType>Opportunity.Master</recordType>
        <type>Flexipage</type>
        <profile>ADS Inside Sales Rep User</profile>
    </profileActionOverrides>
    <profileActionOverrides>
        <actionName>View</actionName>
        <content>Project_Record_Page</content>
        <formFactor>Small</formFactor>
        <pageOrSobjectType>Opportunity</pageOrSobjectType>
        <recordType>Opportunity.Small_Project_Quote</recordType>
        <type>Flexipage</type>
        <profile>ADS Sales Rep User</profile>
    </profileActionOverrides>
    <profileActionOverrides>
        <actionName>View</actionName>
        <content>Project_Record_Page</content>
        <formFactor>Small</formFactor>
        <pageOrSobjectType>Opportunity</pageOrSobjectType>
        <recordType>Opportunity.Small_Project_Quote</recordType>
        <type>Flexipage</type>
        <profile>Admin</profile>
    </profileActionOverrides>
    <profileActionOverrides>
        <actionName>View</actionName>
        <content>Project_Record_Page</content>
        <formFactor>Small</formFactor>
        <pageOrSobjectType>Opportunity</pageOrSobjectType>
        <recordType>Opportunity.Small_Project_Quote</recordType>
        <type>Flexipage</type>
        <profile>ADS Data Administrator</profile>
    </profileActionOverrides>
    <profileActionOverrides>
        <actionName>View</actionName>
        <content>Project_Record_Page</content>
        <formFactor>Small</formFactor>
        <pageOrSobjectType>Opportunity</pageOrSobjectType>
        <recordType>Opportunity.Small_Project_Quote</recordType>
        <type>Flexipage</type>
        <profile>ADS Sales Manager User</profile>
    </profileActionOverrides>
    <profileActionOverrides>
        <actionName>View</actionName>
        <content>Project_Record_Page</content>
        <formFactor>Small</formFactor>
        <pageOrSobjectType>Opportunity</pageOrSobjectType>
        <recordType>Opportunity.Small_Project_Quote</recordType>
        <type>Flexipage</type>
        <profile>ADS Pricing User</profile>
    </profileActionOverrides>
    <profileActionOverrides>
        <actionName>View</actionName>
        <content>Project_Record_Page</content>
        <formFactor>Small</formFactor>
        <pageOrSobjectType>Opportunity</pageOrSobjectType>
        <recordType>Opportunity.Small_Project_Quote</recordType>
        <type>Flexipage</type>
        <profile>ADS Inside Sales Rep User</profile>
    </profileActionOverrides>
    <setupExperience>all</setupExperience>
    <tabs>standard-Feed</tabs>
    <tabs>Approvals1</tabs>
    <tabs>standard-Today</tabs>
    <tabs>standard-Dashboard</tabs>
    <tabs>standard-Task</tabs>
    <tabs>standard-Lead</tabs>
    <tabs>standard-OtherUserProfile</tabs>
    <tabs>standard-CollaborationGroup</tabs>
    <tabs>standard-report</tabs>
    <tabs>standard-Event</tabs>
    <tabs>standard-Account</tabs>
    <tabs>standard-Contact</tabs>
    <tabs>standard-Opportunity</tabs>
    <tabs>standard-Case</tabs>
    <tabs>SBQQ__Quote__c</tabs>
    <tabs>Emergency_Quote_Request__c</tabs>
    <tabs>Product_Quote_Item__c</tabs>
    <tabs>Approval__c</tabs>
    <tabs>ADS_Integration_Log__c</tabs>
    <tabs>ISE_Queue_MIT__c</tabs>
    <tabs>SBQQ__PriceAction__c</tabs>
    <tabs>New_Item_Request__c</tabs>
    <tabs>Form_Submission__c</tabs>
    <tabs>Competitive_Pricing__c</tabs>
    <uiType>Lightning</uiType>
    <utilityBar>ADS_Mobile_UtilityBar</utilityBar>
</CustomApplication>
