<?xml version="1.0" encoding="UTF-8"?>
<CustomApplication xmlns="http://soap.sforce.com/2006/04/metadata">
    <actionOverrides>
        <actionName>Tab</actionName>
        <content>Manufacturing_Home</content>
        <formFactor>Large</formFactor>
        <skipRecordTypeSelect>false</skipRecordTypeSelect>
        <type>Flexipage</type>
        <pageOrSobjectType>standard-home</pageOrSobjectType>
    </actionOverrides>
    <actionOverrides>
        <actionName>View</actionName>
        <comment>Action override updated by Lightning App Builder during activation.</comment>
        <content>Customer_Feedback_Lightning_Page</content>
        <formFactor>Small</formFactor>
        <skipRecordTypeSelect>false</skipRecordTypeSelect>
        <type>Flexipage</type>
        <pageOrSobjectType>Case</pageOrSobjectType>
    </actionOverrides>
    <actionOverrides>
        <actionName>View</actionName>
        <comment>Action override updated by Lightning App Builder during activation.</comment>
        <content>Customer_Feedback_Lightning_Page</content>
        <formFactor>Large</formFactor>
        <skipRecordTypeSelect>false</skipRecordTypeSelect>
        <type>Flexipage</type>
        <pageOrSobjectType>Case</pageOrSobjectType>
    </actionOverrides>
    <brand>
        <headerColor>#97D700</headerColor>
        <logo>SmallADS_Full_Color_Black_Logo_RGBs</logo>
        <logoVersion>1</logoVersion>
        <shouldOverrideOrgTheme>false</shouldOverrideOrgTheme>
    </brand>
    <description>For Manufacturing &amp; Customer Feedback</description>
    <formFactors>Small</formFactors>
    <formFactors>Large</formFactors>
    <isNavAutoTempTabsDisabled>false</isNavAutoTempTabsDisabled>
    <isNavPersonalizationDisabled>false</isNavPersonalizationDisabled>
    <isNavTabPersistenceDisabled>false</isNavTabPersistenceDisabled>
    <label>ADS Manufacturing</label>
    <navType>Console</navType>
    <tabs>standard-home</tabs>
    <tabs>standard-Account</tabs>
    <tabs>standard-Case</tabs>
    <tabs>standard-Contact</tabs>
    <tabs>standard-Opportunity</tabs>
    <tabs>standard-report</tabs>
    <tabs>standard-Dashboard</tabs>
    <tabs>Support__c</tabs>
    <tabs>Competitive_Pricing__c</tabs>
    <uiType>Lightning</uiType>
    <utilityBar>ADS_Manufacturing_UtilityBar</utilityBar>
    <workspaceConfig>
        <mappings>
            <tab>Competitive_Pricing__c</tab>
        </mappings>
        <mappings>
            <tab>Support__c</tab>
        </mappings>
        <mappings>
            <tab>standard-Account</tab>
        </mappings>
        <mappings>
            <tab>standard-Case</tab>
        </mappings>
        <mappings>
            <fieldName>AccountId</fieldName>
            <tab>standard-Contact</tab>
        </mappings>
        <mappings>
            <tab>standard-Dashboard</tab>
        </mappings>
        <mappings>
            <tab>standard-Opportunity</tab>
        </mappings>
        <mappings>
            <tab>standard-home</tab>
        </mappings>
        <mappings>
            <tab>standard-report</tab>
        </mappings>
    </workspaceConfig>
</CustomApplication>
