<?xml version="1.0" encoding="UTF-8"?>
<CustomApplication xmlns="http://soap.sforce.com/2006/04/metadata">
    <brand>
        <headerColor>#279889</headerColor>
        <logo>SmallADS_Full_Color_Black_Logo_RGBs1</logo>
        <logoVersion>1</logoVersion>
        <shouldOverrideOrgTheme>false</shouldOverrideOrgTheme>
    </brand>
    <description>For WSPR - Lead Processing</description>
    <formFactors>Small</formFactors>
    <formFactors>Large</formFactors>
    <isNavAutoTempTabsDisabled>false</isNavAutoTempTabsDisabled>
    <isNavPersonalizationDisabled>false</isNavPersonalizationDisabled>
    <isNavTabPersistenceDisabled>false</isNavTabPersistenceDisabled>
    <label>ADS Marketing</label>
    <navType>Standard</navType>
    <tabs>standard-home</tabs>
    <tabs>standard-Lead</tabs>
    <tabs>standard-Contact</tabs>
    <tabs>Form_Submission__c</tabs>
    <tabs>standard-Campaign</tabs>
    <tabs>standard-Case</tabs>
    <tabs>Marketing_Request__c</tabs>
    <tabs>standard-B2bHome</tabs>
    <tabs>standard-B2bPardotReports</tabs>
    <tabs>standard-report</tabs>
    <tabs>standard-Dashboard</tabs>
    <tabs>Competitive_Pricing__c</tabs>
    <uiType>Lightning</uiType>
    <utilityBar>ADS_Marketing_UtilityBar</utilityBar>
</CustomApplication>
