<?xml version="1.0" encoding="UTF-8"?>
<CustomApplication xmlns="http://soap.sforce.com/2006/04/metadata">
    <actionOverrides>
        <actionName>View</actionName>
        <comment>Action override created by Lightning App Builder during activation.</comment>
        <content>Lead_Record_Page4</content>
        <formFactor>Large</formFactor>
        <skipRecordTypeSelect>false</skipRecordTypeSelect>
        <type>Flexipage</type>
        <pageOrSobjectType>Lead</pageOrSobjectType>
    </actionOverrides>
    <brand>
        <headerColor>#97D700</headerColor>
        <logo>LargeADS_Full_Color_Black_Logo_RGB4</logo>
        <logoVersion>1</logoVersion>
        <shouldOverrideOrgTheme>false</shouldOverrideOrgTheme>
    </brand>
    <formFactors>Large</formFactors>
    <isNavAutoTempTabsDisabled>false</isNavAutoTempTabsDisabled>
    <isNavPersonalizationDisabled>false</isNavPersonalizationDisabled>
    <isNavTabPersistenceDisabled>false</isNavTabPersistenceDisabled>
    <label>ADS Sales Console</label>
    <navType>Console</navType>
    <profileActionOverrides>
        <actionName>Tab</actionName>
        <content>Engineering_Services_Homepage</content>
        <formFactor>Large</formFactor>
        <pageOrSobjectType>standard-home</pageOrSobjectType>
        <type>Flexipage</type>
        <profile>ADS Engineering Services User</profile>
    </profileActionOverrides>
    <profileActionOverrides>
        <actionName>Tab</actionName>
        <content>Sales_Rep_Profile_Homepage</content>
        <formFactor>Large</formFactor>
        <pageOrSobjectType>standard-home</pageOrSobjectType>
        <type>Flexipage</type>
        <profile>Admin</profile>
    </profileActionOverrides>
    <tabs>standard-Account</tabs>
    <tabs>standard-Contact</tabs>
    <tabs>standard-Opportunity</tabs>
    <tabs>SBQQ__Quote__c</tabs>
    <tabs>standard-Case</tabs>
    <tabs>standard-Feed</tabs>
    <tabs>standard-report</tabs>
    <tabs>standard-Dashboard</tabs>
    <tabs>standard-Task</tabs>
    <tabs>standard-Event</tabs>
    <tabs>Emergency_Quote_Request__c</tabs>
    <tabs>Polyflex_Target__c</tabs>
    <tabs>Quality_Complaint__c</tabs>
    <tabs>Template__c</tabs>
    <tabs>Market_Share__c</tabs>
    <tabs>Approval_Executive_Summary__c</tabs>
    <tabs>sbaa__Approval__c</tabs>
    <tabs>Approval__c</tabs>
    <tabs>State_Min_Multipliers__c</tabs>
    <tabs>ADS_Integration_Log__c</tabs>
    <tabs>ISE_Queue_MIT__c</tabs>
    <tabs>SBQQ__PriceAction__c</tabs>
    <tabs>New_Item_Request__c</tabs>
    <tabs>Form_Submission__c</tabs>
    <tabs>Marketing_Request__c</tabs>
    <tabs>Competitive_Pricing__c</tabs>
    <uiType>Lightning</uiType>
    <utilityBar>ADS_Sales_Console_UtilityBar</utilityBar>
    <workspaceConfig>
        <mappings>
            <tab>ADS_Integration_Log__c</tab>
        </mappings>
        <mappings>
            <tab>Approval_Executive_Summary__c</tab>
        </mappings>
        <mappings>
            <tab>Approval__c</tab>
        </mappings>
        <mappings>
            <tab>Competitive_Pricing__c</tab>
        </mappings>
        <mappings>
            <tab>Emergency_Quote_Request__c</tab>
        </mappings>
        <mappings>
            <tab>Form_Submission__c</tab>
        </mappings>
        <mappings>
            <tab>ISE_Queue_MIT__c</tab>
        </mappings>
        <mappings>
            <tab>Market_Share__c</tab>
        </mappings>
        <mappings>
            <tab>Marketing_Request__c</tab>
        </mappings>
        <mappings>
            <tab>New_Item_Request__c</tab>
        </mappings>
        <mappings>
            <tab>Polyflex_Target__c</tab>
        </mappings>
        <mappings>
            <tab>Quality_Complaint__c</tab>
        </mappings>
        <mappings>
            <tab>SBQQ__PriceAction__c</tab>
        </mappings>
        <mappings>
            <tab>SBQQ__Quote__c</tab>
        </mappings>
        <mappings>
            <tab>State_Min_Multipliers__c</tab>
        </mappings>
        <mappings>
            <tab>Template__c</tab>
        </mappings>
        <mappings>
            <tab>sbaa__Approval__c</tab>
        </mappings>
        <mappings>
            <tab>standard-Account</tab>
        </mappings>
        <mappings>
            <tab>standard-Case</tab>
        </mappings>
        <mappings>
            <tab>standard-Contact</tab>
        </mappings>
        <mappings>
            <tab>standard-Dashboard</tab>
        </mappings>
        <mappings>
            <tab>standard-Event</tab>
        </mappings>
        <mappings>
            <tab>standard-Feed</tab>
        </mappings>
        <mappings>
            <tab>standard-Opportunity</tab>
        </mappings>
        <mappings>
            <tab>standard-Task</tab>
        </mappings>
        <mappings>
            <tab>standard-report</tab>
        </mappings>
    </workspaceConfig>
</CustomApplication>
