<?xml version="1.0" encoding="UTF-8"?>
<CustomApplication xmlns="http://soap.sforce.com/2006/04/metadata">
    <actionOverrides>
        <actionName>View</actionName>
        <comment>Action override created by Lightning App Builder during activation.</comment>
        <content>Lead_Record_Page4</content>
        <formFactor>Large</formFactor>
        <skipRecordTypeSelect>false</skipRecordTypeSelect>
        <type>Flexipage</type>
        <pageOrSobjectType>Lead</pageOrSobjectType>
    </actionOverrides>
    <brand>
        <headerColor>#97D700</headerColor>
        <logo>LargeADS_Full_Color_Black_Logo_RGB3</logo>
        <logoVersion>1</logoVersion>
        <shouldOverrideOrgTheme>false</shouldOverrideOrgTheme>
    </brand>
    <description>Application for ADS Sales Users</description>
    <formFactors>Large</formFactors>
    <isNavAutoTempTabsDisabled>false</isNavAutoTempTabsDisabled>
    <isNavPersonalizationDisabled>false</isNavPersonalizationDisabled>
    <isNavTabPersistenceDisabled>false</isNavTabPersistenceDisabled>
    <label>ADS Sales</label>
    <navType>Standard</navType>
    <profileActionOverrides>
        <actionName>Tab</actionName>
        <content>Field_Visibility_Dashboard_Home_Page</content>
        <formFactor>Large</formFactor>
        <pageOrSobjectType>standard-home</pageOrSobjectType>
        <type>Flexipage</type>
        <profile>ADS Data Administrator</profile>
    </profileActionOverrides>
    <profileActionOverrides>
        <actionName>Tab</actionName>
        <content>Sales_Rep_Profile_Homepage</content>
        <formFactor>Large</formFactor>
        <pageOrSobjectType>standard-home</pageOrSobjectType>
        <type>Flexipage</type>
        <profile>ADS Sales Rep User</profile>
    </profileActionOverrides>
    <profileActionOverrides>
        <actionName>Tab</actionName>
        <content>Engineering_Services_Homepage</content>
        <formFactor>Large</formFactor>
        <pageOrSobjectType>standard-home</pageOrSobjectType>
        <type>Flexipage</type>
        <profile>ADS Engineering Services User</profile>
    </profileActionOverrides>
    <tabs>standard-home</tabs>
    <tabs>standard-Task</tabs>
    <tabs>standard-Event</tabs>
    <tabs>standard-Lead</tabs>
    <tabs>standard-Account</tabs>
    <tabs>standard-Contact</tabs>
    <tabs>standard-Opportunity</tabs>
    <tabs>standard-Case</tabs>
    <tabs>SBQQ__Quote__c</tabs>
    <tabs>standard-report</tabs>
    <tabs>standard-Dashboard</tabs>
    <tabs>Emergency_Quote_Request__c</tabs>
    <tabs>Polyflex_Target__c</tabs>
    <tabs>Quality_Complaint__c</tabs>
    <tabs>Template__c</tabs>
    <tabs>Market_Share__c</tabs>
    <tabs>Approval_Executive_Summary__c</tabs>
    <tabs>sbaa__Approval__c</tabs>
    <tabs>Approval__c</tabs>
    <tabs>State_Min_Multipliers__c</tabs>
    <tabs>ADS_Historical_Quote_to_Process</tabs>
    <tabs>ADS_Integration_Log__c</tabs>
    <tabs>ISE_Queue_MIT__c</tabs>
    <tabs>SBQQ__PriceAction__c</tabs>
    <tabs>New_Item_Request__c</tabs>
    <tabs>Form_Submission__c</tabs>
    <tabs>Marketing_Request__c</tabs>
    <tabs>Competitive_Pricing__c</tabs>
    <uiType>Lightning</uiType>
    <utilityBar>ADS_Sales_UtilityBar</utilityBar>
</CustomApplication>
