<?xml version="1.0" encoding="UTF-8"?>
<CustomApplication xmlns="http://soap.sforce.com/2006/04/metadata">
    <brand>
        <headerColor>#4BA6D7</headerColor>
        <logo>culteclogo2</logo>
        <logoVersion>1</logoVersion>
        <shouldOverrideOrgTheme>true</shouldOverrideOrgTheme>
    </brand>
    <description>For Cultec employees</description>
    <formFactors>Small</formFactors>
    <formFactors>Large</formFactors>
    <isNavAutoTempTabsDisabled>false</isNavAutoTempTabsDisabled>
    <isNavPersonalizationDisabled>false</isNavPersonalizationDisabled>
    <isNavTabPersistenceDisabled>false</isNavTabPersistenceDisabled>
    <label>Cultec</label>
    <navType>Standard</navType>
    <tabs>standard-home</tabs>
    <tabs>standard-Account</tabs>
    <tabs>standard-Contact</tabs>
    <tabs>standard-Opportunity</tabs>
    <tabs>standard-Case</tabs>
    <tabs>standard-Task</tabs>
    <tabs>standard-report</tabs>
    <tabs>standard-Dashboard</tabs>
    <uiType>Lightning</uiType>
    <utilityBar>Cultec_UtilityBar</utilityBar>
</CustomApplication>
