<?xml version="1.0" encoding="UTF-8"?>
<CustomApplication xmlns="http://soap.sforce.com/2006/04/metadata">
    <actionOverrides>
        <actionName>View</actionName>
        <comment>Action override created by Lightning App Builder during activation.</comment>
        <content>Lead_Record_Page4</content>
        <formFactor>Small</formFactor>
        <skipRecordTypeSelect>false</skipRecordTypeSelect>
        <type>Flexipage</type>
        <pageOrSobjectType>Lead</pageOrSobjectType>
    </actionOverrides>
    <actionOverrides>
        <actionName>View</actionName>
        <comment>Action override created by Lightning App Builder during activation.</comment>
        <content>Lead_Record_Page4</content>
        <formFactor>Large</formFactor>
        <skipRecordTypeSelect>false</skipRecordTypeSelect>
        <type>Flexipage</type>
        <pageOrSobjectType>Lead</pageOrSobjectType>
    </actionOverrides>
    <brand>
        <headerColor>#0070D2</headerColor>
        <shouldOverrideOrgTheme>false</shouldOverrideOrgTheme>
    </brand>
    <description>(Lightning Experience) Lets sales reps work with multiple records on one screen</description>
    <formFactors>Small</formFactors>
    <formFactors>Large</formFactors>
    <isNavAutoTempTabsDisabled>false</isNavAutoTempTabsDisabled>
    <isNavPersonalizationDisabled>false</isNavPersonalizationDisabled>
    <isNavTabPersistenceDisabled>false</isNavTabPersistenceDisabled>
    <label>Sales Console</label>
    <navType>Console</navType>
    <profileActionOverrides>
        <actionName>Tab</actionName>
        <content>Engineering_Services_Homepage</content>
        <formFactor>Large</formFactor>
        <pageOrSobjectType>standard-home</pageOrSobjectType>
        <type>Flexipage</type>
        <profile>ADS Engineering Services User</profile>
    </profileActionOverrides>
    <profileActionOverrides>
        <actionName>Tab</actionName>
        <content>Sales_Rep_Profile_Homepage</content>
        <formFactor>Large</formFactor>
        <pageOrSobjectType>standard-home</pageOrSobjectType>
        <type>Flexipage</type>
        <profile>Admin</profile>
    </profileActionOverrides>
    <tabs>standard-home</tabs>
    <tabs>standard-Lead</tabs>
    <tabs>standard-Account</tabs>
    <tabs>standard-Contact</tabs>
    <tabs>standard-Opportunity</tabs>
    <tabs>standard-Campaign</tabs>
    <tabs>standard-Task</tabs>
    <tabs>standard-Event</tabs>
    <tabs>standard-ContentNote</tabs>
    <tabs>standard-report</tabs>
    <tabs>standard-Dashboard</tabs>
    <tabs>standard-Feed</tabs>
    <tabs>standard-CollaborationGroup</tabs>
    <tabs>standard-File</tabs>
    <tabs>Quote_Document__c</tabs>
    <tabs>Territory__c</tabs>
    <tabs>Plan_Review_Form__c</tabs>
    <tabs>Scoring_Rule__c</tabs>
    <tabs>Polyflex_Target__c</tabs>
    <tabs>Quality_Complaint__c</tabs>
    <tabs>Template__c</tabs>
    <tabs>Market_Share__c</tabs>
    <tabs>Approval_Executive_Summary__c</tabs>
    <tabs>sbaa__Approval__c</tabs>
    <tabs>Approval__c</tabs>
    <tabs>State_Min_Multipliers__c</tabs>
    <tabs>ADS_Integration_Log__c</tabs>
    <tabs>ISE_Queue_MIT__c</tabs>
    <tabs>SBQQ__PriceAction__c</tabs>
    <tabs>New_Item_Request__c</tabs>
    <tabs>Form_Submission__c</tabs>
    <tabs>Competitive_Pricing__c</tabs>
    <uiType>Lightning</uiType>
    <utilityBar>LightningSalesConsole_UtilityBar</utilityBar>
    <workspaceConfig>
        <mappings>
            <tab>ADS_Integration_Log__c</tab>
        </mappings>
        <mappings>
            <tab>Approval_Executive_Summary__c</tab>
        </mappings>
        <mappings>
            <tab>Approval__c</tab>
        </mappings>
        <mappings>
            <tab>Competitive_Pricing__c</tab>
        </mappings>
        <mappings>
            <tab>Form_Submission__c</tab>
        </mappings>
        <mappings>
            <tab>ISE_Queue_MIT__c</tab>
        </mappings>
        <mappings>
            <tab>Market_Share__c</tab>
        </mappings>
        <mappings>
            <tab>New_Item_Request__c</tab>
        </mappings>
        <mappings>
            <tab>Plan_Review_Form__c</tab>
        </mappings>
        <mappings>
            <tab>Polyflex_Target__c</tab>
        </mappings>
        <mappings>
            <tab>Quality_Complaint__c</tab>
        </mappings>
        <mappings>
            <tab>Quote_Document__c</tab>
        </mappings>
        <mappings>
            <tab>SBQQ__PriceAction__c</tab>
        </mappings>
        <mappings>
            <tab>Scoring_Rule__c</tab>
        </mappings>
        <mappings>
            <tab>State_Min_Multipliers__c</tab>
        </mappings>
        <mappings>
            <tab>Template__c</tab>
        </mappings>
        <mappings>
            <tab>Territory__c</tab>
        </mappings>
        <mappings>
            <tab>sbaa__Approval__c</tab>
        </mappings>
        <mappings>
            <tab>standard-Account</tab>
        </mappings>
        <mappings>
            <tab>standard-Campaign</tab>
        </mappings>
        <mappings>
            <tab>standard-CollaborationGroup</tab>
        </mappings>
        <mappings>
            <tab>standard-Contact</tab>
        </mappings>
        <mappings>
            <tab>standard-ContentNote</tab>
        </mappings>
        <mappings>
            <tab>standard-Dashboard</tab>
        </mappings>
        <mappings>
            <tab>standard-Event</tab>
        </mappings>
        <mappings>
            <tab>standard-Feed</tab>
        </mappings>
        <mappings>
            <tab>standard-File</tab>
        </mappings>
        <mappings>
            <tab>standard-Lead</tab>
        </mappings>
        <mappings>
            <tab>standard-Opportunity</tab>
        </mappings>
        <mappings>
            <tab>standard-Task</tab>
        </mappings>
        <mappings>
            <tab>standard-home</tab>
        </mappings>
        <mappings>
            <tab>standard-report</tab>
        </mappings>
    </workspaceConfig>
</CustomApplication>
