<?xml version="1.0" encoding="UTF-8"?>
<CustomApplication xmlns="http://soap.sforce.com/2006/04/metadata">
    <defaultLandingTab>standard-home</defaultLandingTab>
    <isNavAutoTempTabsDisabled>false</isNavAutoTempTabsDisabled>
    <isNavPersonalizationDisabled>false</isNavPersonalizationDisabled>
    <isNavTabPersistenceDisabled>false</isNavTabPersistenceDisabled>
    <tabs>standard-CommSubscription</tabs>
    <tabs>standard-EngagementChannelType</tabs>
    <tabs>standard-CommSubscriptionChannelType</tabs>
    <tabs>standard-CommSubscriptionConsent</tabs>
    <tabs>standard-CommSubscriptionTiming</tabs>
    <tabs>standard-PartyConsent</tabs>
</CustomApplication>
