<?xml version="1.0" encoding="UTF-8"?>
<CustomApplication xmlns="http://soap.sforce.com/2006/04/metadata">
    <brand>
        <headerColor>#0070D2</headerColor>
        <shouldOverrideOrgTheme>false</shouldOverrideOrgTheme>
    </brand>
    <formFactors>Large</formFactors>
    <isNavAutoTempTabsDisabled>false</isNavAutoTempTabsDisabled>
    <isNavPersonalizationDisabled>false</isNavPersonalizationDisabled>
    <isNavTabPersistenceDisabled>false</isNavTabPersistenceDisabled>
    <label>Service Console Pre-configured</label>
    <navType>Console</navType>
    <profileActionOverrides>
        <actionName>View</actionName>
        <content>CaseDefault_Record_Page</content>
        <formFactor>Large</formFactor>
        <pageOrSobjectType>Case</pageOrSobjectType>
        <type>Flexipage</type>
        <profile>Service Agent</profile>
    </profileActionOverrides>
    <profileActionOverrides>
        <actionName>View</actionName>
        <content>CaseDefault_Record_Page</content>
        <formFactor>Large</formFactor>
        <pageOrSobjectType>Case</pageOrSobjectType>
        <type>Flexipage</type>
        <profile>Service Supervisor</profile>
    </profileActionOverrides>
    <profileActionOverrides>
        <actionName>View</actionName>
        <content>CaseDefault_Record_Page</content>
        <formFactor>Large</formFactor>
        <pageOrSobjectType>Case</pageOrSobjectType>
        <recordType>Case.Technical_Engineering_Request</recordType>
        <type>Flexipage</type>
        <profile>Admin</profile>
    </profileActionOverrides>
    <tabs>standard-home</tabs>
    <tabs>standard-Case</tabs>
    <tabs>standard-Contact</tabs>
    <tabs>standard-Account</tabs>
    <tabs>standard-LiveChatTranscript</tabs>
    <tabs>standard-MessagingSession</tabs>
    <tabs>standard-OmniSupervisor</tabs>
    <tabs>standard-CmsWorkspaces</tabs>
    <tabs>standard-CmsExperiences</tabs>
    <tabs>standard-Macro</tabs>
    <tabs>standard-LightningQuickText</tabs>
    <tabs>Knowledge__kav</tabs>
    <tabs>SBQQ__PriceAction__c</tabs>
    <tabs>New_Item_Request__c</tabs>
    <tabs>Form_Submission__c</tabs>
    <tabs>Competitive_Pricing__c</tabs>
    <uiType>Lightning</uiType>
    <utilityBar>PreconfiguredLightningServiceConsole_UtilityBar</utilityBar>
    <workspaceConfig>
        <mappings>
            <tab>Competitive_Pricing__c</tab>
        </mappings>
        <mappings>
            <tab>Form_Submission__c</tab>
        </mappings>
        <mappings>
            <tab>Knowledge__kav</tab>
        </mappings>
        <mappings>
            <tab>New_Item_Request__c</tab>
        </mappings>
        <mappings>
            <tab>SBQQ__PriceAction__c</tab>
        </mappings>
        <mappings>
            <tab>standard-Account</tab>
        </mappings>
        <mappings>
            <tab>standard-Case</tab>
        </mappings>
        <mappings>
            <tab>standard-CmsExperiences</tab>
        </mappings>
        <mappings>
            <tab>standard-CmsWorkspaces</tab>
        </mappings>
        <mappings>
            <tab>standard-Contact</tab>
        </mappings>
        <mappings>
            <tab>standard-LightningQuickText</tab>
        </mappings>
        <mappings>
            <tab>standard-LiveChatTranscript</tab>
        </mappings>
        <mappings>
            <tab>standard-Macro</tab>
        </mappings>
        <mappings>
            <tab>standard-MessagingSession</tab>
        </mappings>
        <mappings>
            <tab>standard-OmniSupervisor</tab>
        </mappings>
        <mappings>
            <tab>standard-home</tab>
        </mappings>
    </workspaceConfig>
</CustomApplication>
