<?xml version="1.0" encoding="UTF-8"?>
<CustomApplication xmlns="http://soap.sforce.com/2006/04/metadata">
    <actionOverrides>
        <actionName>View</actionName>
        <comment>Action override created by Lightning App Builder during activation.</comment>
        <content>Lead_Record_Page4</content>
        <formFactor>Large</formFactor>
        <skipRecordTypeSelect>false</skipRecordTypeSelect>
        <type>Flexipage</type>
        <pageOrSobjectType>Lead</pageOrSobjectType>
    </actionOverrides>
    <formFactors>Large</formFactors>
    <isNavAutoTempTabsDisabled>false</isNavAutoTempTabsDisabled>
    <isNavPersonalizationDisabled>false</isNavPersonalizationDisabled>
    <isNavTabPersistenceDisabled>false</isNavTabPersistenceDisabled>
    <label>Salesforce CMS</label>
    <navType>Console</navType>
    <tabs>standard-CmsAuthorHome</tabs>
    <tabs>standard-CmsChannel</tabs>
    <tabs>standard-CmsWorkspaces</tabs>
    <tabs>standard-CmsExperiences</tabs>
    <tabs>Market_Share__c</tabs>
    <tabs>Approval_Executive_Summary__c</tabs>
    <tabs>sbaa__Approval__c</tabs>
    <tabs>Approval__c</tabs>
    <tabs>State_Min_Multipliers__c</tabs>
    <tabs>ADS_Integration_Log__c</tabs>
    <tabs>ISE_Queue_MIT__c</tabs>
    <tabs>SBQQ__PriceAction__c</tabs>
    <tabs>New_Item_Request__c</tabs>
    <tabs>Form_Submission__c</tabs>
    <tabs>Competitive_Pricing__c</tabs>
    <uiType>Lightning</uiType>
    <workspaceConfig>
        <mappings>
            <tab>ADS_Integration_Log__c</tab>
        </mappings>
        <mappings>
            <tab>Approval_Executive_Summary__c</tab>
        </mappings>
        <mappings>
            <tab>Approval__c</tab>
        </mappings>
        <mappings>
            <tab>Competitive_Pricing__c</tab>
        </mappings>
        <mappings>
            <tab>Form_Submission__c</tab>
        </mappings>
        <mappings>
            <tab>ISE_Queue_MIT__c</tab>
        </mappings>
        <mappings>
            <tab>Market_Share__c</tab>
        </mappings>
        <mappings>
            <tab>New_Item_Request__c</tab>
        </mappings>
        <mappings>
            <tab>SBQQ__PriceAction__c</tab>
        </mappings>
        <mappings>
            <tab>State_Min_Multipliers__c</tab>
        </mappings>
        <mappings>
            <tab>sbaa__Approval__c</tab>
        </mappings>
        <mappings>
            <tab>standard-CmsAuthorHome</tab>
        </mappings>
        <mappings>
            <tab>standard-CmsChannel</tab>
        </mappings>
        <mappings>
            <tab>standard-CmsExperiences</tab>
        </mappings>
        <mappings>
            <tab>standard-CmsWorkspaces</tab>
        </mappings>
    </workspaceConfig>
</CustomApplication>
