<?xml version="1.0" encoding="UTF-8"?>
<CustomApplication xmlns="http://soap.sforce.com/2006/04/metadata">
    <defaultLandingTab>standard-Case</defaultLandingTab>
    <isNavAutoTempTabsDisabled>false</isNavAutoTempTabsDisabled>
    <isNavPersonalizationDisabled>false</isNavPersonalizationDisabled>
    <isNavTabPersistenceDisabled>false</isNavTabPersistenceDisabled>
    <tabs>standard-Case</tabs>
    <tabs>standard-Solution</tabs>
    <tabs>standard-Contact</tabs>
    <tabs>standard-Account</tabs>
    <tabs>standard-report</tabs>
    <tabs>standard-Dashboard</tabs>
    <tabs>standard-Chatter</tabs>
    <tabs>standard-File</tabs>
    <tabs>Quote_Document__c</tabs>
    <tabs>Territory__c</tabs>
    <tabs>Plan_Review_Form__c</tabs>
    <tabs>Scoring_Rule__c</tabs>
    <tabs>Polyflex_Target__c</tabs>
    <tabs>Quality_Complaint__c</tabs>
    <tabs>Template__c</tabs>
    <tabs>Market_Share__c</tabs>
    <tabs>Approval_Executive_Summary__c</tabs>
    <tabs>sbaa__Approval__c</tabs>
    <tabs>Approval__c</tabs>
    <tabs>State_Min_Multipliers__c</tabs>
    <tabs>ADS_Integration_Log__c</tabs>
    <tabs>ISE_Queue_MIT__c</tabs>
    <tabs>Knowledge__kav</tabs>
    <tabs>SBQQ__PriceAction__c</tabs>
    <tabs>standard-WaveHome</tabs>
    <tabs>New_Item_Request__c</tabs>
    <tabs>Form_Submission__c</tabs>
    <tabs>Competitive_Pricing__c</tabs>
</CustomApplication>
