<?xml version="1.0" encoding="UTF-8"?>
<CustomApplication xmlns="http://soap.sforce.com/2006/04/metadata">
    <actionOverrides>
        <actionName>View</actionName>
        <comment>Action override created by Lightning App Builder during activation.</comment>
        <content>Lead_Record_Page4</content>
        <formFactor>Large</formFactor>
        <skipRecordTypeSelect>false</skipRecordTypeSelect>
        <type>Flexipage</type>
        <pageOrSobjectType>Lead</pageOrSobjectType>
    </actionOverrides>
    <brand>
        <headerColor>#0070D2</headerColor>
        <shouldOverrideOrgTheme>false</shouldOverrideOrgTheme>
    </brand>
    <description>Manage your sales process with accounts, leads, opportunities, and more</description>
    <formFactors>Large</formFactors>
    <isNavAutoTempTabsDisabled>false</isNavAutoTempTabsDisabled>
    <isNavPersonalizationDisabled>false</isNavPersonalizationDisabled>
    <isNavTabPersistenceDisabled>false</isNavTabPersistenceDisabled>
    <label>Sales</label>
    <navType>Standard</navType>
    <profileActionOverrides>
        <actionName>Tab</actionName>
        <content>Engineering_Services_Homepage</content>
        <formFactor>Large</formFactor>
        <pageOrSobjectType>standard-home</pageOrSobjectType>
        <type>Flexipage</type>
        <profile>ADS Engineering Services User</profile>
    </profileActionOverrides>
    <profileActionOverrides>
        <actionName>Tab</actionName>
        <content>Sales_Rep_Profile_Homepage</content>
        <formFactor>Large</formFactor>
        <pageOrSobjectType>standard-home</pageOrSobjectType>
        <type>Flexipage</type>
        <profile>Admin</profile>
    </profileActionOverrides>
    <tabs>standard-home</tabs>
    <tabs>standard-Opportunity</tabs>
    <tabs>standard-Task</tabs>
    <tabs>standard-File</tabs>
    <tabs>standard-ContentNote</tabs>
    <tabs>standard-Account</tabs>
    <tabs>standard-Contact</tabs>
    <tabs>standard-Dashboard</tabs>
    <tabs>standard-report</tabs>
    <tabs>standard-Feed</tabs>
    <tabs>standard-CollaborationGroup</tabs>
    <tabs>standard-Event</tabs>
    <tabs>standard-OtherUserProfile</tabs>
    <tabs>standard-Case</tabs>
    <tabs>standard-Forecasting3</tabs>
    <tabs>standard-Quote</tabs>
    <tabs>Quote_Document__c</tabs>
    <tabs>Territory__c</tabs>
    <tabs>Plan_Review_Form__c</tabs>
    <tabs>Scoring_Rule__c</tabs>
    <tabs>Polyflex_Target__c</tabs>
    <tabs>Quality_Complaint__c</tabs>
    <tabs>Template__c</tabs>
    <tabs>Market_Share__c</tabs>
    <tabs>Approval_Executive_Summary__c</tabs>
    <tabs>sbaa__Approval__c</tabs>
    <tabs>Approval__c</tabs>
    <tabs>State_Min_Multipliers__c</tabs>
    <tabs>ADS_Integration_Log__c</tabs>
    <tabs>ISE_Queue_MIT__c</tabs>
    <tabs>SBQQ__PriceAction__c</tabs>
    <tabs>New_Item_Request__c</tabs>
    <tabs>Form_Submission__c</tabs>
    <tabs>Competitive_Pricing__c</tabs>
    <uiType>Lightning</uiType>
    <utilityBar>LightningSales_UtilityBar</utilityBar>
</CustomApplication>
