<?xml version="1.0" encoding="UTF-8"?>
<CustomApplication xmlns="http://soap.sforce.com/2006/04/metadata">
    <actionOverrides>
        <actionName>View</actionName>
        <comment>Action override created by Lightning App Builder during activation.</comment>
        <content>Lead_Record_Page4</content>
        <formFactor>Small</formFactor>
        <skipRecordTypeSelect>false</skipRecordTypeSelect>
        <type>Flexipage</type>
        <pageOrSobjectType>Lead</pageOrSobjectType>
    </actionOverrides>
    <actionOverrides>
        <actionName>View</actionName>
        <comment>Action override created by Lightning App Builder during activation.</comment>
        <content>Lead_Record_Page4</content>
        <formFactor>Large</formFactor>
        <skipRecordTypeSelect>false</skipRecordTypeSelect>
        <type>Flexipage</type>
        <pageOrSobjectType>Lead</pageOrSobjectType>
    </actionOverrides>
    <brand>
        <headerColor>#03257E</headerColor>
        <logo>LargeADS_Full_Color_Black_Logo_RGB5</logo>
        <logoVersion>1</logoVersion>
        <shouldOverrideOrgTheme>false</shouldOverrideOrgTheme>
    </brand>
    <description>(Lightning Experience) Lets support agents work with multiple records across customer service channels on one screen</description>
    <formFactors>Small</formFactors>
    <formFactors>Large</formFactors>
    <isNavAutoTempTabsDisabled>false</isNavAutoTempTabsDisabled>
    <isNavPersonalizationDisabled>false</isNavPersonalizationDisabled>
    <isNavTabPersistenceDisabled>false</isNavTabPersistenceDisabled>
    <label>Service Console</label>
    <navType>Console</navType>
    <profileActionOverrides>
        <actionName>View</actionName>
        <content>Support_Case</content>
        <formFactor>Large</formFactor>
        <pageOrSobjectType>Case</pageOrSobjectType>
        <recordType>Case.Support</recordType>
        <type>Flexipage</type>
        <profile>Integration User</profile>
    </profileActionOverrides>
    <profileActionOverrides>
        <actionName>View</actionName>
        <content>Support_Case</content>
        <formFactor>Large</formFactor>
        <pageOrSobjectType>Case</pageOrSobjectType>
        <recordType>Case.Support_Case_Close</recordType>
        <type>Flexipage</type>
        <profile>ADS Customer Service User</profile>
    </profileActionOverrides>
    <profileActionOverrides>
        <actionName>View</actionName>
        <content>Support_Case</content>
        <formFactor>Large</formFactor>
        <pageOrSobjectType>Case</pageOrSobjectType>
        <recordType>Case.Support_Case_Close</recordType>
        <type>Flexipage</type>
        <profile>Admin</profile>
    </profileActionOverrides>
    <profileActionOverrides>
        <actionName>View</actionName>
        <content>Support_Case</content>
        <formFactor>Large</formFactor>
        <pageOrSobjectType>Case</pageOrSobjectType>
        <recordType>Case.Support_Case_Close</recordType>
        <type>Flexipage</type>
        <profile>ADS Engineering Services User</profile>
    </profileActionOverrides>
    <profileActionOverrides>
        <actionName>View</actionName>
        <content>Support_Case</content>
        <formFactor>Large</formFactor>
        <pageOrSobjectType>Case</pageOrSobjectType>
        <recordType>Case.Support_Case_Close</recordType>
        <type>Flexipage</type>
        <profile>ADS Inside Sales Rep User</profile>
    </profileActionOverrides>
    <profileActionOverrides>
        <actionName>View</actionName>
        <content>Support_Case</content>
        <formFactor>Large</formFactor>
        <pageOrSobjectType>Case</pageOrSobjectType>
        <recordType>Case.Support_Case_Close</recordType>
        <type>Flexipage</type>
        <profile>ADS Pricing User</profile>
    </profileActionOverrides>
    <profileActionOverrides>
        <actionName>View</actionName>
        <content>Support_Case</content>
        <formFactor>Large</formFactor>
        <pageOrSobjectType>Case</pageOrSobjectType>
        <recordType>Case.Support_Case_Close</recordType>
        <type>Flexipage</type>
        <profile>ADS Sales Manager User</profile>
    </profileActionOverrides>
    <profileActionOverrides>
        <actionName>View</actionName>
        <content>Support_Case</content>
        <formFactor>Large</formFactor>
        <pageOrSobjectType>Case</pageOrSobjectType>
        <recordType>Case.Support_Case_Close</recordType>
        <type>Flexipage</type>
        <profile>ADS Sales Rep User</profile>
    </profileActionOverrides>
    <profileActionOverrides>
        <actionName>View</actionName>
        <content>Support_Case</content>
        <formFactor>Large</formFactor>
        <pageOrSobjectType>Case</pageOrSobjectType>
        <recordType>Case.Support_Case_Close</recordType>
        <type>Flexipage</type>
        <profile>ADS Vendor User</profile>
    </profileActionOverrides>
    <profileActionOverrides>
        <actionName>View</actionName>
        <content>Support_Case</content>
        <formFactor>Large</formFactor>
        <pageOrSobjectType>Case</pageOrSobjectType>
        <recordType>Case.Support_Case_Close</recordType>
        <type>Flexipage</type>
        <profile>Data Administrator</profile>
    </profileActionOverrides>
    <profileActionOverrides>
        <actionName>View</actionName>
        <content>Support_Case</content>
        <formFactor>Large</formFactor>
        <pageOrSobjectType>Case</pageOrSobjectType>
        <recordType>Case.Support_Case_Close</recordType>
        <type>Flexipage</type>
        <profile>Integration User</profile>
    </profileActionOverrides>
    <profileActionOverrides>
        <actionName>Tab</actionName>
        <content>Engineering_Services_Homepage</content>
        <formFactor>Large</formFactor>
        <pageOrSobjectType>standard-home</pageOrSobjectType>
        <type>Flexipage</type>
        <profile>ADS Engineering Services User</profile>
    </profileActionOverrides>
    <profileActionOverrides>
        <actionName>Tab</actionName>
        <content>Sales_Rep_Profile_Homepage</content>
        <formFactor>Large</formFactor>
        <pageOrSobjectType>standard-home</pageOrSobjectType>
        <type>Flexipage</type>
        <profile>Admin</profile>
    </profileActionOverrides>
    <profileActionOverrides>
        <actionName>Tab</actionName>
        <content>Customer_Service_Home_Page</content>
        <formFactor>Large</formFactor>
        <pageOrSobjectType>standard-home</pageOrSobjectType>
        <type>Flexipage</type>
        <profile>ADS Customer Service User</profile>
    </profileActionOverrides>
    <profileActionOverrides>
        <actionName>View</actionName>
        <content>Support_Case</content>
        <formFactor>Large</formFactor>
        <pageOrSobjectType>Case</pageOrSobjectType>
        <recordType>Case.Support</recordType>
        <type>Flexipage</type>
        <profile>ADS Customer Service User</profile>
    </profileActionOverrides>
    <profileActionOverrides>
        <actionName>View</actionName>
        <content>Support_Case</content>
        <formFactor>Large</formFactor>
        <pageOrSobjectType>Case</pageOrSobjectType>
        <recordType>Case.Support</recordType>
        <type>Flexipage</type>
        <profile>Admin</profile>
    </profileActionOverrides>
    <profileActionOverrides>
        <actionName>View</actionName>
        <content>Support_Case</content>
        <formFactor>Large</formFactor>
        <pageOrSobjectType>Case</pageOrSobjectType>
        <recordType>Case.Support</recordType>
        <type>Flexipage</type>
        <profile>ADS Engineering Services User</profile>
    </profileActionOverrides>
    <profileActionOverrides>
        <actionName>View</actionName>
        <content>Support_Case</content>
        <formFactor>Large</formFactor>
        <pageOrSobjectType>Case</pageOrSobjectType>
        <recordType>Case.Support</recordType>
        <type>Flexipage</type>
        <profile>ADS Inside Sales Rep User</profile>
    </profileActionOverrides>
    <profileActionOverrides>
        <actionName>View</actionName>
        <content>Support_Case</content>
        <formFactor>Large</formFactor>
        <pageOrSobjectType>Case</pageOrSobjectType>
        <recordType>Case.Support</recordType>
        <type>Flexipage</type>
        <profile>ADS Pricing User</profile>
    </profileActionOverrides>
    <profileActionOverrides>
        <actionName>View</actionName>
        <content>Support_Case</content>
        <formFactor>Large</formFactor>
        <pageOrSobjectType>Case</pageOrSobjectType>
        <recordType>Case.Support</recordType>
        <type>Flexipage</type>
        <profile>ADS Sales Manager User</profile>
    </profileActionOverrides>
    <profileActionOverrides>
        <actionName>View</actionName>
        <content>Support_Case</content>
        <formFactor>Large</formFactor>
        <pageOrSobjectType>Case</pageOrSobjectType>
        <recordType>Case.Support</recordType>
        <type>Flexipage</type>
        <profile>ADS Sales Rep User</profile>
    </profileActionOverrides>
    <profileActionOverrides>
        <actionName>View</actionName>
        <content>Support_Case</content>
        <formFactor>Large</formFactor>
        <pageOrSobjectType>Case</pageOrSobjectType>
        <recordType>Case.Support</recordType>
        <type>Flexipage</type>
        <profile>ADS Vendor User</profile>
    </profileActionOverrides>
    <profileActionOverrides>
        <actionName>View</actionName>
        <content>Support_Case</content>
        <formFactor>Large</formFactor>
        <pageOrSobjectType>Case</pageOrSobjectType>
        <recordType>Case.Support</recordType>
        <type>Flexipage</type>
        <profile>Data Administrator</profile>
    </profileActionOverrides>
    <setupExperience>service</setupExperience>
    <tabs>standard-Case</tabs>
    <tabs>standard-Contact</tabs>
    <tabs>standard-Account</tabs>
    <tabs>standard-report</tabs>
    <tabs>standard-Dashboard</tabs>
    <tabs>standard-home</tabs>
    <tabs>Quote_Document__c</tabs>
    <tabs>standard-EmailTemplate</tabs>
    <tabs>SBQQ__Quote__c</tabs>
    <tabs>Market_Share__c</tabs>
    <tabs>Approval_Executive_Summary__c</tabs>
    <tabs>sbaa__Approval__c</tabs>
    <tabs>Approval__c</tabs>
    <tabs>State_Min_Multipliers__c</tabs>
    <tabs>ADS_Integration_Log__c</tabs>
    <tabs>ISE_Queue_MIT__c</tabs>
    <tabs>Knowledge__kav</tabs>
    <tabs>SBQQ__PriceAction__c</tabs>
    <tabs>New_Item_Request__c</tabs>
    <tabs>Form_Submission__c</tabs>
    <tabs>Competitive_Pricing__c</tabs>
    <uiType>Lightning</uiType>
    <utilityBar>LightningService_UtilityBar</utilityBar>
    <workspaceConfig>
        <mappings>
            <tab>ADS_Integration_Log__c</tab>
        </mappings>
        <mappings>
            <tab>Approval_Executive_Summary__c</tab>
        </mappings>
        <mappings>
            <tab>Approval__c</tab>
        </mappings>
        <mappings>
            <tab>Competitive_Pricing__c</tab>
        </mappings>
        <mappings>
            <tab>Form_Submission__c</tab>
        </mappings>
        <mappings>
            <tab>ISE_Queue_MIT__c</tab>
        </mappings>
        <mappings>
            <tab>Knowledge__kav</tab>
        </mappings>
        <mappings>
            <tab>Market_Share__c</tab>
        </mappings>
        <mappings>
            <tab>New_Item_Request__c</tab>
        </mappings>
        <mappings>
            <tab>Quote_Document__c</tab>
        </mappings>
        <mappings>
            <tab>SBQQ__PriceAction__c</tab>
        </mappings>
        <mappings>
            <tab>SBQQ__Quote__c</tab>
        </mappings>
        <mappings>
            <tab>State_Min_Multipliers__c</tab>
        </mappings>
        <mappings>
            <tab>sbaa__Approval__c</tab>
        </mappings>
        <mappings>
            <tab>standard-Account</tab>
        </mappings>
        <mappings>
            <tab>standard-Case</tab>
        </mappings>
        <mappings>
            <tab>standard-Contact</tab>
        </mappings>
        <mappings>
            <tab>standard-Dashboard</tab>
        </mappings>
        <mappings>
            <tab>standard-EmailTemplate</tab>
        </mappings>
        <mappings>
            <tab>standard-home</tab>
        </mappings>
        <mappings>
            <tab>standard-report</tab>
        </mappings>
    </workspaceConfig>
</CustomApplication>
